participant_id,trial_index,trial_name,block_id,block_index,n_samples,trial_duration_sec,valid_duration_sec,left_n_valid,left_percent_valid,right_n_valid,right_percent_valid,mean_percent_valid,val_left_deg,val_right_deg,val_mean_deg,val_left_px,val_right_px,val_mean_px
MW000,0,sesameus_2,sesame,0,14917,59.66,58.1,14359,96.26,14691,98.48,97.37,0.7872,0.7075,0.7473,2.5143,2.2597,2.387
MW000,1,sesameindia_1,sesame,0,14920,59.67,54.29,13572,90.97,13574,90.98,90.97,0.7872,0.7075,0.7473,2.5143,2.2597,2.387
MW000,2,sesameus_1,sesame,0,14916,59.65,51.78,12960,86.89,12931,86.69,86.79,0.7872,0.7075,0.7473,2.5143,2.2597,2.387
MW000,3,sesameindia_2,sesame,0,14925,59.68,57.01,14357,96.19,14149,94.8,95.5,0.7872,0.7075,0.7473,2.5143,2.2597,2.387
MW000,4,slow_hands,slow,1,14921,59.67,50.53,12593,84.4,12670,84.91,84.66,0.718,0.8711,0.7945,2.2933,2.7822,2.5377
MW000,5,slow_inanimate,slow,1,14921,59.67,58.12,14535,97.41,14525,97.35,97.38,0.718,0.8711,0.7945,2.2933,2.7822,2.5377
MW000,6,slow_people,slow,1,14918,59.66,53.44,13760,92.24,12961,86.88,89.56,0.718,0.8711,0.7945,2.2933,2.7822,2.5377
MW000,7,slow_animals,slow,1,14923,59.68,58.84,14718,98.63,14700,98.51,98.57,0.718,0.8711,0.7945,2.2933,2.7822,2.5377
MW000,8,frank_play,frank,2,14922,59.68,55.44,13922,93.3,13796,92.45,92.88,0.9117,0.7396,0.8256,2.9121,2.3623,2.6372
MW000,9,frank_objects,frank,2,14916,59.65,59.15,14771,99.03,14804,99.25,99.14,0.9117,0.7396,0.8256,2.9121,2.3623,2.6372
MW000,10,frank_complex,frank,2,14919,59.67,53.26,13776,92.34,12852,86.15,89.24,0.9117,0.7396,0.8256,2.9121,2.3623,2.6372
MW000,11,pixar_birds,pixar,3,37420,149.67,147.14,36662,97.97,36907,98.63,98.3,0.9214,1.0234,0.9724,2.9428,3.2687,3.1058
MW001,0,sesameus_2,sesame,0,220,7.13,0.8,200,90.91,200,90.91,90.91,5.8668,6.1905,6.0286,18.7385,19.7726,19.2555
MW001,1,sesameindia_2,sesame,0,14918,59.66,51.71,12974,86.97,12879,86.33,86.65,5.8668,6.1905,6.0286,18.7385,19.7726,19.2555
MW001,2,sesameus_1,sesame,0,14922,59.68,52.26,13285,89.03,12846,86.09,87.56,5.8668,6.1905,6.0286,18.7385,19.7726,19.2555
MW001,3,sesameindia_1,sesame,0,14923,59.68,53.13,13425,89.96,13138,88.04,89.0,5.8668,6.1905,6.0286,18.7385,19.7726,19.2555
MW001,4,slow_people,slow,1,14917,59.65,52.0,13089,87.75,12912,86.56,87.15,0.9201,1.164,1.042,2.9389,3.7178,3.3283
MW001,5,slow_inanimate,slow,1,14921,59.67,53.83,13639,91.41,13277,88.98,90.2,0.9201,1.164,1.042,2.9389,3.7178,3.3283
MW001,6,slow_hands,slow,1,14922,59.68,52.15,13254,88.82,12820,85.91,87.37,0.9201,1.164,1.042,2.9389,3.7178,3.3283
MW001,7,slow_animals,slow,1,14924,59.68,51.89,13157,88.16,12789,85.69,86.93,0.9201,1.164,1.042,2.9389,3.7178,3.3283
MW001,8,frank_objects,frank,2,14916,59.65,53.87,13606,91.22,13331,89.37,90.3,0.9423,1.2238,1.0831,3.0098,3.9089,3.4593
MW001,9,frank_play,frank,2,14922,59.67,50.51,12974,86.95,12282,82.31,84.63,0.9423,1.2238,1.0831,3.0098,3.9089,3.4593
MW001,10,frank_complex,frank,2,14921,59.67,46.06,11764,78.84,11266,75.5,77.17,0.9423,1.2238,1.0831,3.0098,3.9089,3.4593
MW001,11,pixar_birds,pixar,3,37417,149.66,134.1,33845,90.45,33203,88.74,89.6,0.7724,1.0097,0.8911,2.4671,3.2249,2.846
MW002,0,sesameus_1,sesame,0,14921,59.67,55.59,13740,92.08,14054,94.19,93.14,0.9933,0.9836,0.9885,3.1725,3.1415,3.157
MW002,1,sesameindia_2,sesame,0,14916,59.65,55.51,13748,92.17,14005,93.89,93.03,0.9933,0.9836,0.9885,3.1725,3.1415,3.157
MW002,2,sesameus_2,sesame,0,14918,59.66,53.55,13223,88.64,13550,90.83,89.73,0.9933,0.9836,0.9885,3.1725,3.1415,3.157
MW002,3,sesameindia_1,sesame,0,14920,59.67,56.13,13971,93.64,14094,94.46,94.05,0.9933,0.9836,0.9885,3.1725,3.1415,3.157
MW002,4,slow_hands,slow,1,14916,59.65,56.08,13945,93.49,14094,94.49,93.99,2.1372,1.9112,2.0242,6.8262,6.1044,6.4653
MW002,5,slow_inanimate,slow,1,14923,59.68,54.45,13494,90.42,13730,92.01,91.21,2.1372,1.9112,2.0242,6.8262,6.1044,6.4653
MW002,6,slow_animals,slow,1,14922,59.67,54.19,13512,90.55,13585,91.04,90.8,2.1372,1.9112,2.0242,6.8262,6.1044,6.4653
MW002,7,slow_people,slow,1,14919,59.66,55.22,13892,93.12,13717,91.94,92.53,2.1372,1.9112,2.0242,6.8262,6.1044,6.4653
MW002,8,frank_complex,frank,2,14918,59.66,51.59,12775,85.63,13022,87.29,86.46,1.0335,1.0034,1.0185,3.3009,3.205,3.253
MW002,9,frank_objects,frank,2,14923,59.68,54.97,13585,91.03,13898,93.13,92.08,1.0335,1.0034,1.0185,3.3009,3.205,3.253
MW002,10,frank_play,frank,2,14919,59.66,52.04,13245,88.78,12773,85.62,87.2,1.0335,1.0034,1.0185,3.3009,3.205,3.253
MW002,11,pixar_birds,pixar,3,37418,149.66,133.36,32625,87.19,34056,91.02,89.1,1.6947,1.7778,1.7363,5.4129,5.6784,5.5457
MW003,0,slow_animals,slow,0,14921,59.67,56.01,13962,93.57,14045,94.13,93.85,1.2716,1.1138,1.1927,4.0616,3.5576,3.8096
MW003,1,slow_hands,slow,0,14924,59.69,55.58,13839,92.73,13953,93.49,93.11,1.2716,1.1138,1.1927,4.0616,3.5576,3.8096
MW003,2,slow_people,slow,0,14918,59.66,55.02,13663,91.59,13846,92.81,92.2,1.2716,1.1138,1.1927,4.0616,3.5576,3.8096
MW003,3,slow_inanimate,slow,0,14923,59.68,56.38,14079,94.34,14109,94.55,94.44,1.2716,1.1138,1.1927,4.0616,3.5576,3.8096
MW003,4,frank_objects,frank,1,14924,59.68,55.51,13882,93.02,13873,92.96,92.99,1.5091,1.4303,1.4697,4.82,4.5684,4.6942
MW003,5,frank_play,frank,1,14921,59.67,57.4,14319,95.97,14382,96.39,96.18,1.5091,1.4303,1.4697,4.82,4.5684,4.6942
MW003,6,frank_complex,frank,1,14922,59.68,56.09,14017,93.94,14030,94.02,93.98,1.5091,1.4303,1.4697,4.82,4.5684,4.6942
MW003,7,sesameus_2,sesame,2,14919,59.67,57.89,14457,96.9,14488,97.11,97.01,1.1317,1.2445,1.1881,3.6145,3.975,3.7948
MW003,8,sesameindia_2,sesame,2,14923,59.68,55.31,13757,92.19,13897,93.12,92.66,1.1317,1.2445,1.1881,3.6145,3.975,3.7948
MW003,9,sesameindia_1,sesame,2,14923,59.68,54.77,13618,91.26,13767,92.25,91.75,1.1317,1.2445,1.1881,3.6145,3.975,3.7948
MW003,10,sesameus_1,sesame,2,14916,59.66,55.51,13892,93.13,13861,92.93,93.03,1.1317,1.2445,1.1881,3.6145,3.975,3.7948
MW003,11,pixar_birds,pixar,3,37421,149.67,138.54,34540,92.3,34732,92.81,92.56,0.7953,1.2281,1.0117,2.5401,3.9224,3.2313
MW004,0,frank_objects,frank,0,14920,59.67,31.92,9974,66.85,5984,40.11,53.48,11.0499,13.331,12.1904,35.2935,42.5793,38.9364
MW004,1,frank_complex,frank,0,14922,59.68,32.46,10684,71.6,5546,37.17,54.38,11.0499,13.331,12.1904,35.2935,42.5793,38.9364
MW004,2,frank_play,frank,0,14921,59.67,36.18,10732,71.93,7360,49.33,60.63,11.0499,13.331,12.1904,35.2935,42.5793,38.9364
MW004,3,slow_animals,slow,1,14922,59.68,28.73,10364,69.45,4001,26.81,48.13,2.4107,7.8086,5.1097,7.6998,24.9408,16.3203
MW004,4,slow_hands,slow,1,14918,59.66,39.68,11687,78.34,8152,54.65,66.49,2.4107,7.8086,5.1097,7.6998,24.9408,16.3203
MW004,5,slow_inanimate,slow,1,14918,59.66,31.62,9675,64.85,6135,41.12,52.99,2.4107,7.8086,5.1097,7.6998,24.9408,16.3203
MW004,6,slow_people,slow,1,14917,59.65,34.47,10569,70.85,6665,44.68,57.77,2.4107,7.8086,5.1097,7.6998,24.9408,16.3203
MW004,7,sesameindia_2,sesame,2,14924,59.68,31.55,11039,73.97,4734,31.72,52.84,3.5218,5.2593,4.3905,11.2486,16.7981,14.0234
MW004,8,sesameus_2,sesame,2,14923,59.68,29.88,8474,56.78,6467,43.34,50.06,3.5218,5.2593,4.3905,11.2486,16.7981,14.0234
MW004,9,sesameindia_1,sesame,2,14917,59.65,34.26,11354,76.11,5776,38.72,57.42,3.5218,5.2593,4.3905,11.2486,16.7981,14.0234
MW004,10,sesameus_1,sesame,2,14918,59.66,35.03,10438,69.97,7076,47.43,58.7,3.5218,5.2593,4.3905,11.2486,16.7981,14.0234
MW004,11,pixar_birds,pixar,3,37422,149.68,78.4,22218,59.37,16980,45.37,52.37,5.9982,5.0508,5.5245,19.1582,16.1324,17.6453
MW005,0,frank_play,frank,0,14916,59.65,58.41,14598,97.87,14605,97.91,97.89,1.0105,0.9244,0.9674,3.2276,2.9524,3.09
MW005,1,frank_objects,frank,0,14922,59.68,58.05,14525,97.34,14502,97.19,97.26,1.0105,0.9244,0.9674,3.2276,2.9524,3.09
MW005,2,frank_complex,frank,0,14919,59.66,58.04,14539,97.45,14481,97.06,97.26,1.0105,0.9244,0.9674,3.2276,2.9524,3.09
MW005,3,slow_people,slow,1,14921,59.67,57.82,14486,97.08,14423,96.66,96.87,1.1918,1.4169,1.3043,3.8067,4.5255,4.1661
MW005,4,slow_hands,slow,1,14922,59.68,57.83,14477,97.02,14437,96.75,96.88,1.1918,1.4169,1.3043,3.8067,4.5255,4.1661
MW005,5,slow_inanimate,slow,1,14924,59.68,57.58,14414,96.58,14374,96.31,96.45,1.1918,1.4169,1.3043,3.8067,4.5255,4.1661
MW005,6,slow_animals,slow,1,14916,59.65,57.8,14479,97.07,14421,96.68,96.88,1.1918,1.4169,1.3043,3.8067,4.5255,4.1661
MW005,7,sesameindia_2,sesame,2,14923,59.68,57.73,14450,96.83,14416,96.6,96.72,2.0299,2.3324,2.1811,6.4836,7.4498,6.9667
MW005,8,sesameus_2,sesame,2,14920,59.67,56.58,14148,94.83,14144,94.8,94.81,2.0299,2.3324,2.1811,6.4836,7.4498,6.9667
MW005,9,sesameindia_1,sesame,2,14916,59.65,57.79,14474,97.04,14420,96.67,96.86,2.0299,2.3324,2.1811,6.4836,7.4498,6.9667
MW005,10,sesameus_1,sesame,2,14919,59.66,57.57,14407,96.57,14377,96.37,96.47,2.0299,2.3324,2.1811,6.4836,7.4498,6.9667
MW005,11,pixar_birds,pixar,3,37419,149.66,144.38,36132,96.56,36060,96.37,96.46,1.0311,1.2106,1.1208,3.2933,3.8665,3.5799
MW006,0,sesameindia_2,sesame,0,14792,64.38,58.24,14521,98.17,14600,98.7,98.43,1.1648,1.3299,1.2473,3.7202,4.2478,3.984
MW006,1,sesameus_2,sesame,0,14916,59.65,59.02,14749,98.88,14760,98.95,98.92,1.1648,1.3299,1.2473,3.7202,4.2478,3.984
MW006,2,sesameus_1,sesame,0,14918,59.66,58.34,14587,97.78,14585,97.77,97.77,1.1648,1.3299,1.2473,3.7202,4.2478,3.984
MW006,3,sesameindia_1,sesame,0,14921,59.67,58.56,14650,98.18,14632,98.06,98.12,1.1648,1.3299,1.2473,3.7202,4.2478,3.984
MW006,4,slow_inanimate,slow,1,14922,59.68,57.89,14463,96.92,14482,97.05,96.99,1.5409,1.68,1.6104,4.9218,5.3658,5.1438
MW006,5,slow_animals,slow,1,14923,59.68,58.09,14528,97.35,14518,97.29,97.32,1.5409,1.68,1.6104,4.9218,5.3658,5.1438
MW006,6,slow_people,slow,1,14920,59.67,57.83,14442,96.8,14471,96.99,96.89,1.5409,1.68,1.6104,4.9218,5.3658,5.1438
MW006,7,slow_hands,slow,1,14921,59.67,58.51,14633,98.07,14624,98.01,98.04,1.5409,1.68,1.6104,4.9218,5.3658,5.1438
MW006,8,frank_complex,frank,2,14919,59.66,58.41,14595,97.83,14610,97.93,97.88,1.5775,1.4718,1.5246,5.0384,4.701,4.8697
MW006,9,frank_objects,frank,2,14922,59.68,58.8,14702,98.53,14698,98.5,98.51,1.5775,1.4718,1.5246,5.0384,4.701,4.8697
MW006,10,frank_play,frank,2,14925,59.69,58.49,14621,97.96,14622,97.97,97.97,1.5775,1.4718,1.5246,5.0384,4.701,4.8697
MW006,11,pixar_birds,pixar,3,37417,149.66,145.69,35983,96.17,36861,98.51,97.34,1.7713,1.5462,1.6587,5.6575,4.9386,5.298
MW008,0,slow_animals,slow,0,14921,59.67,48.22,9797,65.66,14311,95.91,80.79,1.0416,1.0868,1.0642,3.3268,3.4712,3.399
MW008,1,slow_hands,slow,0,14919,59.66,43.92,7172,48.07,14787,99.12,73.59,1.0416,1.0868,1.0642,3.3268,3.4712,3.399
MW008,2,slow_inanimate,slow,0,14916,59.65,32.35,4202,28.17,11972,80.26,54.22,1.0416,1.0868,1.0642,3.3268,3.4712,3.399
MW008,3,slow_people,slow,0,14921,59.67,40.51,7874,52.77,12382,82.98,67.88,1.0416,1.0868,1.0642,3.3268,3.4712,3.399
MW008,4,frank_play,frank,1,14919,59.67,39.22,7167,48.04,12441,83.39,65.71,0.4975,0.8177,0.6576,1.5889,2.6118,2.1004
MW008,5,frank_objects,frank,1,14920,59.67,42.22,6787,45.49,14324,96.01,70.75,0.4975,0.8177,0.6576,1.5889,2.6118,2.1004
MW008,6,frank_complex,frank,1,14921,59.67,37.72,6054,40.57,12804,85.81,63.19,0.4975,0.8177,0.6576,1.5889,2.6118,2.1004
MW008,7,sesameindia_1,sesame,2,14921,59.67,27.42,4340,29.09,9368,62.78,45.94,1.1428,0.7992,0.971,3.6501,2.5526,3.1014
MW008,8,sesameindia_2,sesame,2,14918,59.66,12.62,2654,17.79,3656,24.51,21.15,1.1428,0.7992,0.971,3.6501,2.5526,3.1014
MW008,9,sesameus_2,sesame,2,14919,59.66,17.12,1991,13.35,6567,44.02,28.68,1.1428,0.7992,0.971,3.6501,2.5526,3.1014
MW008,10,sesameus_1,sesame,2,14917,59.65,6.94,523,3.51,2948,19.76,11.63,1.1428,0.7992,0.971,3.6501,2.5526,3.1014
MW008,11,pixar_birds,pixar,3,37424,149.68,52.14,5342,14.27,20730,55.39,34.83,5.6174,6.2144,5.9159,17.942,19.8487,18.8954
MW009,0,slow_animals,slow,0,14917,59.66,54.17,13508,90.55,13578,91.02,90.79,2.0282,3.0341,2.5312,6.4782,9.6909,8.0846
MW009,1,slow_hands,slow,0,14920,59.67,52.9,12607,84.5,13842,92.77,88.64,2.0282,3.0341,2.5312,6.4782,9.6909,8.0846
MW009,2,slow_inanimate,slow,0,14923,59.68,49.68,12185,81.65,12656,84.81,83.23,2.0282,3.0341,2.5312,6.4782,9.6909,8.0846
MW009,3,slow_people,slow,0,14921,59.67,40.48,10916,73.16,9325,62.5,67.83,2.0282,3.0341,2.5312,6.4782,9.6909,8.0846
MW009,4,sesameus_1,sesame,1,14922,59.68,36.67,9594,64.29,8739,58.56,61.43,1.7472,2.1709,1.959,5.5804,6.9337,6.257
MW009,5,sesameindia_1,sesame,1,14923,59.68,40.0,9725,65.17,10273,68.84,67.0,1.7472,2.1709,1.959,5.5804,6.9337,6.257
MW009,6,sesameus_2,sesame,1,14923,59.68,26.52,6420,43.02,6841,45.84,44.43,1.7472,2.1709,1.959,5.5804,6.9337,6.257
MW009,7,sesameindia_2,sesame,1,14922,59.68,33.09,6883,46.13,9661,64.74,55.43,1.7472,2.1709,1.959,5.5804,6.9337,6.257
MW009,8,frank_complex,frank,2,14921,59.67,30.88,7208,48.31,8231,55.16,51.74,12.2797,12.7523,12.516,39.2216,40.7309,39.9763
MW009,9,frank_objects,frank,2,14916,59.65,15.75,2900,19.44,4977,33.37,26.4,12.2797,12.7523,12.516,39.2216,40.7309,39.9763
MW009,10,frank_play,frank,2,14923,59.68,35.38,7190,48.18,10502,70.37,59.28,12.2797,12.7523,12.516,39.2216,40.7309,39.9763
MW009,11,pixar_birds,pixar,3,37425,149.69,78.48,19888,53.14,19354,51.71,52.43,1.0967,1.0017,1.0492,3.5029,3.1993,3.3511
MW010,0,sesameus_2,sesame,0,14918,59.66,51.85,13108,87.87,12817,85.92,86.89,1.0,0.9895,0.9948,3.1939,3.1606,3.1772
MW010,1,sesameus_1,sesame,0,14920,59.67,50.23,12726,85.29,12389,83.04,84.17,1.0,0.9895,0.9948,3.1939,3.1606,3.1772
MW010,2,sesameindia_1,sesame,0,14922,59.68,50.26,12670,84.91,12458,83.49,84.2,1.0,0.9895,0.9948,3.1939,3.1606,3.1772
MW010,3,sesameindia_2,sesame,0,14919,59.66,50.04,12578,84.31,12442,83.4,83.85,1.0,0.9895,0.9948,3.1939,3.1606,3.1772
MW010,4,frank_objects,frank,1,14924,59.69,54.82,13776,92.31,13632,91.34,91.83,1.1805,1.0822,1.1314,3.7706,3.4565,3.6136
MW010,5,frank_play,frank,1,14917,59.66,49.54,12434,83.35,12337,82.7,83.03,1.1805,1.0822,1.1314,3.7706,3.4565,3.6136
MW010,6,frank_complex,frank,1,14916,59.65,48.42,12297,82.44,11914,79.87,81.16,1.1805,1.0822,1.1314,3.7706,3.4565,3.6136
MW010,7,slow_hands,slow,2,14918,59.66,47.41,11951,80.11,11752,78.78,79.44,1.2863,1.1752,1.2308,4.1084,3.7534,3.9309
MW010,8,slow_inanimate,slow,2,14921,59.67,47.82,12123,81.25,11787,79.0,80.12,1.2863,1.1752,1.2308,4.1084,3.7534,3.9309
MW010,9,slow_people,slow,2,14916,59.65,49.84,12571,84.28,12348,82.78,83.53,1.2863,1.1752,1.2308,4.1084,3.7534,3.9309
MW010,10,slow_animals,slow,2,14924,59.68,50.76,12800,85.77,12581,84.3,85.03,1.2863,1.1752,1.2308,4.1084,3.7534,3.9309
MW010,11,pixar_birds,pixar,3,37419,149.66,126.06,31589,84.42,31441,84.02,84.22,1.5284,1.1814,1.3549,4.8817,3.7733,4.3275
MW011,0,sesameindia_1,sesame,0,14923,59.68,56.93,14285,95.72,14181,95.03,95.38,0.9193,1.444,1.1816,2.9363,4.6121,3.7742
MW011,1,sesameus_1,sesame,0,14921,59.67,56.94,14328,96.03,14144,94.79,95.41,0.9193,1.444,1.1816,2.9363,4.6121,3.7742
MW011,2,sesameindia_2,sesame,0,14921,59.67,56.65,14270,95.64,14054,94.19,94.91,0.9193,1.444,1.1816,2.9363,4.6121,3.7742
MW011,3,sesameus_2,sesame,0,14921,59.67,56.99,14352,96.19,14144,94.79,95.49,0.9193,1.444,1.1816,2.9363,4.6121,3.7742
MW011,4,frank_complex,frank,1,14924,59.68,56.89,14336,96.06,14109,94.54,95.3,1.1187,1.8117,1.4652,3.573,5.7865,4.6798
MW011,5,frank_play,frank,1,14919,59.66,56.55,14264,95.61,14009,93.9,94.76,1.1187,1.8117,1.4652,3.573,5.7865,4.6798
MW011,6,frank_objects,frank,1,14917,59.65,56.38,14360,96.27,13832,92.73,94.5,1.1187,1.8117,1.4652,3.573,5.7865,4.6798
MW011,7,slow_people,slow,2,14923,59.68,56.41,14258,95.54,13949,93.47,94.51,1.299,1.532,1.4155,4.1489,4.8932,4.5211
MW011,8,slow_hands,slow,2,14922,59.67,56.2,14202,95.17,13898,93.14,94.16,1.299,1.532,1.4155,4.1489,4.8932,4.5211
MW011,9,slow_inanimate,slow,2,14921,59.67,56.61,14261,95.58,14044,94.12,94.85,1.299,1.532,1.4155,4.1489,4.8932,4.5211
MW011,10,slow_animals,slow,2,14924,59.68,57.06,14357,96.2,14171,94.95,95.58,1.299,1.532,1.4155,4.1489,4.8932,4.5211
MW011,11,pixar_birds,pixar,3,37423,149.68,142.79,36219,96.78,35177,94.0,95.39,1.3643,1.7,1.5322,4.3577,5.4297,4.8937
MW012,0,slow_animals,slow,0,14918,59.66,53.97,13093,87.77,13891,93.12,90.44,1.1013,1.3379,1.2196,3.5177,4.2732,3.8955
MW012,1,slow_hands,slow,0,14916,59.65,54.91,13398,89.82,14057,94.24,92.03,1.1013,1.3379,1.2196,3.5177,4.2732,3.8955
MW012,2,slow_people,slow,0,14922,59.67,54.38,13250,88.8,13938,93.41,91.1,1.1013,1.3379,1.2196,3.5177,4.2732,3.8955
MW012,3,slow_inanimate,slow,0,14923,59.68,54.81,13448,90.12,13959,93.54,91.83,1.1013,1.3379,1.2196,3.5177,4.2732,3.8955
MW012,4,frank_complex,frank,1,14922,59.68,53.84,13259,88.86,13661,91.55,90.2,1.7898,2.1625,1.9762,5.7167,6.9071,6.3119
MW012,5,frank_objects,frank,1,14920,59.67,53.23,13018,87.25,13598,91.14,89.2,1.7898,2.1625,1.9762,5.7167,6.9071,6.3119
MW012,6,frank_play,frank,1,14919,59.67,52.73,12995,87.1,13370,89.62,88.36,1.7898,2.1625,1.9762,5.7167,6.9071,6.3119
MW012,7,sesameus_2,sesame,2,14924,59.68,53.74,13161,88.19,13708,91.85,90.02,2.0464,1.5911,1.8188,6.5363,5.0821,5.8092
MW012,8,sesameindia_2,sesame,2,14920,59.67,55.85,13817,92.61,14107,94.55,93.58,2.0464,1.5911,1.8188,6.5363,5.0821,5.8092
MW012,9,sesameindia_1,sesame,2,14917,59.66,54.35,13325,89.33,13851,92.85,91.09,2.0464,1.5911,1.8188,6.5363,5.0821,5.8092
MW012,10,sesameus_1,sesame,2,14919,59.66,52.37,12513,83.87,13672,91.64,87.76,2.0464,1.5911,1.8188,6.5363,5.0821,5.8092
MW012,11,pixar_birds,pixar,3,37423,149.68,135.08,31986,85.47,35552,95.0,90.24,1.9902,1.7094,1.8498,6.3566,5.4598,5.9082
MW013,0,slow_hands,slow,0,14919,59.66,56.13,14092,94.46,13971,93.65,94.05,17.7517,17.1332,17.4425,56.6992,54.7234,55.7113
MW013,1,slow_people,slow,0,14919,59.66,54.43,13651,91.5,13562,90.9,91.2,17.7517,17.1332,17.4425,56.6992,54.7234,55.7113
MW013,2,slow_inanimate,slow,0,14923,59.68,53.83,13611,91.21,13303,89.14,90.18,17.7517,17.1332,17.4425,56.6992,54.7234,55.7113
MW013,3,slow_animals,slow,0,14916,59.65,56.62,14241,95.47,14070,94.33,94.9,17.7517,17.1332,17.4425,56.6992,54.7234,55.7113
MW013,4,frank_play,frank,1,14920,59.67,54.39,13514,90.58,13682,91.7,91.14,1.5216,1.9744,1.748,4.8601,6.3064,5.5832
MW013,5,frank_complex,frank,1,14922,59.68,52.79,13217,88.57,13177,88.31,88.44,1.5216,1.9744,1.748,4.8601,6.3064,5.5832
MW013,6,frank_objects,frank,1,14922,59.68,52.97,13220,88.59,13263,88.88,88.74,1.5216,1.9744,1.748,4.8601,6.3064,5.5832
MW013,7,sesameus_2,sesame,2,14924,59.68,55.49,13900,93.14,13844,92.76,92.95,1.7235,1.8229,1.7732,5.5049,5.8223,5.6636
MW013,8,sesameindia_1,sesame,2,14917,59.65,51.31,12721,85.28,12933,86.7,85.99,1.7235,1.8229,1.7732,5.5049,5.8223,5.6636
MW013,9,sesameindia_2,sesame,2,14920,59.67,49.86,12416,83.22,12514,83.87,83.55,1.7235,1.8229,1.7732,5.5049,5.8223,5.6636
MW013,10,sesameus_1,sesame,2,14920,59.67,52.47,13075,87.63,13158,88.19,87.91,1.7235,1.8229,1.7732,5.5049,5.8223,5.6636
MW013,11,pixar_birds,pixar,3,37421,149.67,140.95,35222,94.12,35254,94.21,94.17,1.8285,2.0284,1.9284,5.8403,6.4787,6.1595
MW014,0,sesameus_1,sesame,0,14919,59.66,53.11,13519,90.62,13037,87.39,89.0,2.24,1.6159,1.928,7.1545,5.1613,6.1579
MW014,1,sesameindia_1,sesame,0,14919,59.66,52.62,13130,88.01,13179,88.34,88.17,2.24,1.6159,1.928,7.1545,5.1613,6.1579
MW014,2,sesameindia_2,sesame,0,14920,59.67,53.86,13416,89.92,13514,90.58,90.25,2.24,1.6159,1.928,7.1545,5.1613,6.1579
MW014,3,sesameus_2,sesame,0,14918,59.66,51.67,12912,86.55,12921,86.61,86.58,2.24,1.6159,1.928,7.1545,5.1613,6.1579
MW014,4,frank_complex,frank,1,14918,59.66,52.51,13015,87.24,13239,88.75,87.99,1.4054,1.6047,1.505,4.4888,5.1255,4.8072
MW014,5,frank_objects,frank,1,14917,59.65,48.99,12106,81.16,12391,83.07,82.11,1.4054,1.6047,1.505,4.4888,5.1255,4.8072
MW014,6,frank_play,frank,1,14921,59.67,49.33,12115,81.19,12549,84.1,82.65,1.4054,1.6047,1.505,4.4888,5.1255,4.8072
MW014,7,slow_inanimate,slow,2,14924,59.68,47.44,11580,77.59,12138,81.33,79.46,2.3902,2.7279,2.5591,7.6343,8.713,8.1736
MW014,8,slow_people,slow,2,14917,59.66,49.05,12194,81.75,12329,82.65,82.2,2.3902,2.7279,2.5591,7.6343,8.713,8.1736
MW014,9,slow_animals,slow,2,14925,59.69,38.4,9754,65.35,9446,63.29,64.32,2.3902,2.7279,2.5591,7.6343,8.713,8.1736
MW014,10,slow_hands,slow,2,14922,59.68,44.99,11060,74.12,11434,76.63,75.37,2.3902,2.7279,2.5591,7.6343,8.713,8.1736
MW014,11,pixar_birds,pixar,3,37417,149.66,115.28,28028,74.91,29614,79.15,77.03,1.6258,2.2152,1.9205,5.1929,7.0752,6.1341
MW015,0,slow_hands,slow,0,14922,59.68,57.35,14375,96.33,14300,95.83,96.08,1.3943,1.0688,1.2315,4.4533,3.4137,3.9335
MW015,1,slow_animals,slow,0,14921,59.67,57.59,14436,96.75,14359,96.23,96.49,1.3943,1.0688,1.2315,4.4533,3.4137,3.9335
MW015,2,slow_inanimate,slow,0,14917,59.65,56.52,14187,95.11,14072,94.34,94.72,1.3943,1.0688,1.2315,4.4533,3.4137,3.9335
MW015,3,slow_people,slow,0,14924,59.68,57.35,14377,96.33,14297,95.8,96.07,1.3943,1.0688,1.2315,4.4533,3.4137,3.9335
MW015,4,frank_play,frank,1,14922,59.67,56.96,14336,96.07,14143,94.78,95.43,1.597,1.4384,1.5177,5.1007,4.5941,4.8474
MW015,5,frank_complex,frank,1,14920,59.67,57.84,14478,97.04,14443,96.8,96.92,1.597,1.4384,1.5177,5.1007,4.5941,4.8474
MW015,6,frank_objects,frank,1,14921,59.67,57.89,14520,97.31,14427,96.69,97.0,1.597,1.4384,1.5177,5.1007,4.5941,4.8474
MW015,7,sesameindia_1,sesame,2,14920,59.67,57.36,14364,96.27,14315,95.95,96.11,1.4913,1.5926,1.5419,4.7633,5.0867,4.925
MW015,8,sesameus_2,sesame,2,14920,59.67,57.67,14598,97.84,14238,95.43,96.64,1.4913,1.5926,1.5419,4.7633,5.0867,4.925
MW015,9,sesameindia_2,sesame,2,14920,59.67,57.67,14431,96.72,14403,96.53,96.63,1.4913,1.5926,1.5419,4.7633,5.0867,4.925
MW015,10,sesameus_1,sesame,2,14916,59.65,56.75,14329,96.06,14047,94.17,95.12,1.4913,1.5926,1.5419,4.7633,5.0867,4.925
MW015,11,pixar_birds,pixar,3,37418,149.66,146.65,36775,98.28,36550,97.68,97.98,1.2262,1.6,1.4131,3.9166,5.1105,4.5136
MW016,0,frank_objects,frank,0,14918,59.66,57.31,14295,95.82,14362,96.27,96.05,1.0445,0.9776,1.0111,3.3362,3.1223,3.2292
MW016,1,frank_play,frank,0,14921,59.67,57.26,14268,95.62,14361,96.25,95.94,1.0445,0.9776,1.0111,3.3362,3.1223,3.2292
MW016,2,frank_complex,frank,0,14923,59.68,57.16,14234,95.38,14345,96.13,95.75,1.0445,0.9776,1.0111,3.3362,3.1223,3.2292
MW016,3,sesameindia_2,sesame,1,14917,59.65,56.52,14032,94.07,14229,95.39,94.73,1.1674,1.4349,1.3012,3.7287,4.5831,4.1559
MW016,4,sesameus_1,sesame,1,14920,59.67,56.89,14177,95.02,14268,95.63,95.33,1.1674,1.4349,1.3012,3.7287,4.5831,4.1559
MW016,5,sesameus_2,sesame,1,14922,59.67,56.92,14167,94.94,14292,95.78,95.36,1.1674,1.4349,1.3012,3.7287,4.5831,4.1559
MW016,6,sesameindia_1,sesame,1,14924,59.68,57.16,14193,95.1,14387,96.4,95.75,1.1674,1.4349,1.3012,3.7287,4.5831,4.1559
MW016,7,slow_inanimate,slow,2,14922,59.68,56.41,13985,93.72,14221,95.3,94.51,1.2093,1.3564,1.2829,3.8625,4.3323,4.0974
MW016,8,slow_people,slow,2,14916,59.65,56.98,14181,95.07,14311,95.94,95.51,1.2093,1.3564,1.2829,3.8625,4.3323,4.0974
MW016,9,slow_animals,slow,2,14919,59.66,57.65,14367,96.3,14456,96.9,96.6,1.2093,1.3564,1.2829,3.8625,4.3323,4.0974
MW016,10,slow_hands,slow,2,14920,59.67,57.28,14247,95.49,14392,96.46,95.98,1.2093,1.3564,1.2829,3.8625,4.3323,4.0974
MW016,11,pixar_birds,pixar,3,37425,149.69,146.04,36411,97.29,36607,97.81,97.55,1.3725,1.2375,1.305,4.3837,3.9524,4.1681
MW017,0,slow_animals,slow,0,14923,59.68,56.79,14546,97.47,13850,92.81,95.14,1.1805,1.3446,1.2626,3.7706,4.2947,4.0327
MW017,1,slow_inanimate,slow,0,14917,59.66,54.92,13888,93.1,13571,90.98,92.04,1.1805,1.3446,1.2626,3.7706,4.2947,4.0327
MW017,2,slow_hands,slow,0,14918,59.66,55.61,14210,95.25,13597,91.14,93.2,1.1805,1.3446,1.2626,3.7706,4.2947,4.0327
MW017,3,slow_people,slow,0,14925,59.69,56.11,14335,96.05,13722,91.94,93.99,1.1805,1.3446,1.2626,3.7706,4.2947,4.0327
MW017,4,frank_objects,frank,1,14917,59.65,55.84,14314,95.96,13607,91.22,93.59,1.0026,1.0889,1.0457,3.2023,3.4781,3.3402
MW017,5,frank_play,frank,1,14924,59.68,56.5,14504,97.19,13744,92.09,94.64,1.0026,1.0889,1.0457,3.2023,3.4781,3.3402
MW017,6,frank_complex,frank,1,14919,59.66,55.57,14584,97.75,13200,88.48,93.12,1.0026,1.0889,1.0457,3.2023,3.4781,3.3402
MW017,7,sesameindia_2,sesame,2,14923,59.68,55.07,14222,95.3,13312,89.2,92.25,1.8856,1.834,1.8598,6.0227,5.8577,5.9402
MW017,8,sesameus_2,sesame,2,14922,59.68,56.62,14462,96.92,13848,92.8,94.86,1.8856,1.834,1.8598,6.0227,5.8577,5.9402
MW017,9,sesameindia_1,sesame,2,14917,59.66,54.31,14080,94.39,13077,87.67,91.03,1.8856,1.834,1.8598,6.0227,5.8577,5.9402
MW017,10,sesameus_1,sesame,2,14922,59.67,56.2,14574,97.67,13524,90.63,94.15,1.8856,1.834,1.8598,6.0227,5.8577,5.9402
MW017,11,pixar_birds,pixar,3,37418,149.66,139.84,36842,98.46,33077,88.4,93.43,1.0329,1.4798,1.2563,3.2992,4.7266,4.0129
MW018,0,slow_hands,slow,0,14923,59.68,57.13,14287,95.74,14277,95.67,95.7,1.2049,1.2777,1.2413,3.8484,4.0809,3.9646
MW018,1,slow_animals,slow,0,14923,59.68,58.03,14514,97.26,14501,97.17,97.22,1.2049,1.2777,1.2413,3.8484,4.0809,3.9646
MW018,2,slow_inanimate,slow,0,14923,59.68,57.08,14285,95.72,14256,95.53,95.63,1.2049,1.2777,1.2413,3.8484,4.0809,3.9646
MW018,3,slow_people,slow,0,14916,59.65,57.52,14397,96.52,14364,96.3,96.41,1.2049,1.2777,1.2413,3.8484,4.0809,3.9646
MW018,4,frank_objects,frank,1,14923,59.68,57.61,14371,96.3,14433,96.72,96.51,0.6326,0.8592,0.7459,2.0206,2.7442,2.3824
MW018,5,frank_complex,frank,1,14923,59.68,58.07,14521,97.31,14514,97.26,97.28,0.6326,0.8592,0.7459,2.0206,2.7442,2.3824
MW018,6,frank_play,frank,1,14922,59.68,57.61,14394,96.46,14410,96.57,96.52,0.6326,0.8592,0.7459,2.0206,2.7442,2.3824
MW018,7,sesameus_1,sesame,2,14921,59.67,57.59,14390,96.44,14404,96.54,96.49,1.049,1.2265,1.1378,3.3505,3.9174,3.634
MW018,8,sesameus_2,sesame,2,14922,59.68,57.94,14474,97.0,14495,97.14,97.07,1.049,1.2265,1.1378,3.3505,3.9174,3.634
MW018,9,sesameindia_1,sesame,2,14923,59.68,58.07,14494,97.13,14540,97.43,97.28,1.049,1.2265,1.1378,3.3505,3.9174,3.634
MW018,10,sesameindia_2,sesame,2,14917,59.66,57.81,14439,96.8,14464,96.96,96.88,1.049,1.2265,1.1378,3.3505,3.9174,3.634
MW018,11,pixar_birds,pixar,3,37419,149.66,146.54,36655,97.96,36614,97.85,97.9,1.0373,1.0374,1.0373,3.313,3.3133,3.3132
MW019,0,frank_complex,frank,0,14920,59.67,54.01,13547,90.8,13460,90.21,90.51,0.9871,1.8477,1.4174,3.1528,5.9016,4.5272
MW019,1,frank_play,frank,0,14919,59.66,53.56,13353,89.5,13426,89.99,89.75,0.9871,1.8477,1.4174,3.1528,5.9016,4.5272
MW019,2,frank_objects,frank,0,14923,59.68,47.34,11928,79.93,11741,78.68,79.3,0.9871,1.8477,1.4174,3.1528,5.9016,4.5272
MW019,3,sesameindia_2,sesame,1,14924,59.69,51.1,12745,85.4,12805,85.8,85.6,1.9949,1.4977,1.7463,6.3718,4.7838,5.5778
MW019,4,sesameus_2,sesame,1,14924,59.68,36.37,8735,58.53,9452,63.33,60.93,1.9949,1.4977,1.7463,6.3718,4.7838,5.5778
MW019,5,sesameindia_1,sesame,1,14923,59.68,45.13,11276,75.56,11287,75.63,75.6,1.9949,1.4977,1.7463,6.3718,4.7838,5.5778
MW019,6,sesameus_1,sesame,1,14917,59.66,37.69,9013,60.42,9834,65.92,63.17,1.9949,1.4977,1.7463,6.3718,4.7838,5.5778
MW019,7,slow_people,slow,2,14917,59.66,51.44,12886,86.38,12832,86.02,86.2,1.5651,1.0189,1.292,4.9989,3.2543,4.1266
MW019,8,slow_inanimate,slow,2,14919,59.66,39.06,9692,64.96,9838,65.94,65.45,1.5651,1.0189,1.292,4.9989,3.2543,4.1266
MW019,9,slow_animals,slow,2,14918,59.66,43.29,10781,72.27,10862,72.81,72.54,1.5651,1.0189,1.292,4.9989,3.2543,4.1266
MW019,10,slow_hands,slow,2,14918,59.66,50.5,12625,84.63,12627,84.64,84.64,1.5651,1.0189,1.292,4.9989,3.2543,4.1266
MW019,11,pixar_birds,pixar,3,37422,149.68,129.37,32480,86.79,32203,86.05,86.42,1.1675,2.1549,1.6612,3.729,6.8826,5.3058
MW020,0,frank_play,frank,0,14922,59.67,57.36,14329,96.03,14353,96.19,96.11,0.6933,0.9367,0.815,2.2144,2.9919,2.6031
MW020,1,frank_objects,frank,0,14917,59.66,53.22,13224,88.65,13388,89.75,89.2,0.6933,0.9367,0.815,2.2144,2.9919,2.6031
MW020,2,frank_complex,frank,0,14917,59.66,57.33,14293,95.82,14373,96.35,96.09,0.6933,0.9367,0.815,2.2144,2.9919,2.6031
MW020,3,slow_animals,slow,1,14916,59.65,55.0,13720,91.98,13778,92.37,92.18,0.6714,1.1105,0.891,2.1446,3.547,2.8458
MW020,4,slow_people,slow,1,14921,59.67,51.0,12794,85.74,12707,85.16,85.45,0.6714,1.1105,0.891,2.1446,3.547,2.8458
MW020,5,slow_hands,slow,1,14922,59.68,52.77,12974,86.95,13412,89.88,88.41,0.6714,1.1105,0.891,2.1446,3.547,2.8458
MW020,6,slow_inanimate,slow,1,14923,59.68,48.74,11953,80.1,12415,83.19,81.65,0.6714,1.1105,0.891,2.1446,3.547,2.8458
MW020,7,sesameindia_1,sesame,2,14919,59.67,54.65,13603,91.18,13723,91.98,91.58,3.1426,3.6418,3.3922,10.0375,11.6319,10.8347
MW020,8,sesameus_1,sesame,2,14921,59.67,49.39,11915,79.85,12781,85.66,82.76,3.1426,3.6418,3.3922,10.0375,11.6319,10.8347
MW020,9,sesameindia_2,sesame,2,14916,59.65,53.51,13293,89.12,13461,90.25,89.68,3.1426,3.6418,3.3922,10.0375,11.6319,10.8347
MW020,10,sesameus_2,sesame,2,14924,59.68,48.56,11832,79.28,12447,83.4,81.34,3.1426,3.6418,3.3922,10.0375,11.6319,10.8347
MW020,11,pixar_birds,pixar,3,37418,149.66,121.34,31865,85.16,28803,76.98,81.07,0.7731,1.1446,0.9588,2.4693,3.6559,3.0626
MW021,0,frank_objects,frank,0,14920,59.67,57.6,14231,95.38,14568,97.64,96.51,1.624,1.0733,1.3487,5.1872,3.4283,4.3078
MW021,1,frank_play,frank,0,14920,59.67,52.99,12017,80.54,14476,97.02,88.78,1.624,1.0733,1.3487,5.1872,3.4283,4.3078
MW021,2,frank_complex,frank,0,14921,59.67,41.3,6303,42.24,14349,96.17,69.2,1.624,1.0733,1.3487,5.1872,3.4283,4.3078
MW021,3,slow_animals,slow,1,14918,59.66,47.24,9172,61.48,14449,96.86,79.17,4.0388,1.676,2.8574,12.8998,5.3532,9.1265
MW021,4,slow_hands,slow,1,14924,59.68,52.25,12597,84.41,13526,90.63,87.52,4.0388,1.676,2.8574,12.8998,5.3532,9.1265
MW021,5,slow_people,slow,1,14917,59.66,52.57,11649,78.09,14635,98.11,88.1,4.0388,1.676,2.8574,12.8998,5.3532,9.1265
MW021,6,slow_inanimate,slow,1,14917,59.66,49.56,10470,70.19,14310,95.93,83.06,4.0388,1.676,2.8574,12.8998,5.3532,9.1265
MW021,7,sesameindia_1,sesame,2,14919,59.67,43.47,9689,64.94,12048,80.76,72.85,1.5848,1.0323,1.3085,5.062,3.2973,4.1797
MW021,8,sesameus_1,sesame,2,14922,59.68,35.89,5606,37.57,12340,82.7,60.13,1.5848,1.0323,1.3085,5.062,3.2973,4.1797
MW021,9,sesameus_2,sesame,2,14918,59.66,43.19,7294,48.89,14302,95.87,72.38,1.5848,1.0323,1.3085,5.062,3.2973,4.1797
MW021,10,sesameindia_2,sesame,2,14924,59.68,53.58,13640,91.4,13151,88.12,89.76,1.5848,1.0323,1.3085,5.062,3.2973,4.1797
MW021,11,pixar_birds,pixar,3,37417,149.65,107.44,25175,67.28,28544,76.29,71.78,1.6195,1.066,1.3428,5.1727,3.4048,4.2888
MW022,0,slow_hands,slow,0,14917,59.65,59.65,14911,99.96,14913,99.97,99.97,1.2071,1.5008,1.3539,3.8553,4.7937,4.3245
MW022,1,slow_people,slow,0,14919,59.67,58.63,14690,98.47,14627,98.04,98.25,1.2071,1.5008,1.3539,3.8553,4.7937,4.3245
MW022,2,slow_animals,slow,0,14922,59.67,59.08,14775,99.01,14767,98.96,98.99,1.2071,1.5008,1.3539,3.8553,4.7937,4.3245
MW022,3,slow_inanimate,slow,0,14917,59.66,58.99,14725,98.71,14768,99.0,98.86,1.2071,1.5008,1.3539,3.8553,4.7937,4.3245
MW022,4,sesameus_2,sesame,1,14924,59.68,59.08,14751,98.84,14790,99.1,98.97,5.5233,7.0404,6.2819,17.6414,22.487,20.0642
MW022,5,sesameus_1,sesame,1,14919,59.66,59.57,14869,99.66,14915,99.97,99.82,5.5233,7.0404,6.2819,17.6414,22.487,20.0642
MW022,6,sesameindia_1,sesame,1,14923,59.68,59.27,14814,99.27,14819,99.3,99.29,5.5233,7.0404,6.2819,17.6414,22.487,20.0642
MW022,7,sesameindia_2,sesame,1,14921,59.67,58.15,14553,97.53,14521,97.32,97.43,5.5233,7.0404,6.2819,17.6414,22.487,20.0642
MW022,8,frank_objects,frank,2,14916,59.65,58.79,14648,98.2,14749,98.88,98.54,5.7906,3.9577,4.8742,18.4952,12.6408,15.568
MW022,9,frank_complex,frank,2,14922,59.68,59.37,14869,99.64,14814,99.28,99.46,5.7906,3.9577,4.8742,18.4952,12.6408,15.568
MW022,10,frank_play,frank,2,14922,59.68,58.32,14578,97.69,14580,97.71,97.7,5.7906,3.9577,4.8742,18.4952,12.6408,15.568
MW022,11,pixar_birds,pixar,3,37421,149.67,146.96,36455,97.42,37027,98.95,98.18,1.9217,2.2402,2.081,6.1378,7.1553,6.6466
MW024,0,sesameindia_2,sesame,0,14918,59.66,55.21,13757,92.22,13846,92.81,92.52,1.2004,1.0395,1.12,3.8339,3.3201,3.577
MW024,1,sesameindia_1,sesame,0,14921,59.67,56.93,14225,95.34,14242,95.45,95.39,1.2004,1.0395,1.12,3.8339,3.3201,3.577
MW024,2,sesameus_2,sesame,0,14919,59.66,55.37,13814,92.59,13872,92.98,92.79,1.2004,1.0395,1.12,3.8339,3.3201,3.577
MW024,3,sesameus_1,sesame,0,14922,59.68,53.72,13350,89.47,13508,90.52,89.99,1.2004,1.0395,1.12,3.8339,3.3201,3.577
MW024,4,frank_play,frank,1,14919,59.67,55.48,13816,92.61,13925,93.34,92.97,1.0697,0.8827,0.9762,3.4167,2.8193,3.118
MW024,5,frank_complex,frank,1,14925,59.69,56.98,14187,95.06,14305,95.85,95.45,1.0697,0.8827,0.9762,3.4167,2.8193,3.118
MW024,6,frank_objects,frank,1,14924,59.68,56.33,14020,93.94,14144,94.77,94.36,1.0697,0.8827,0.9762,3.4167,2.8193,3.118
MW024,7,slow_people,slow,2,14923,59.68,53.36,13283,89.01,13396,89.77,89.39,1.5092,1.6141,1.5617,4.8205,5.1555,4.988
MW024,8,slow_inanimate,slow,2,14923,59.68,53.32,13274,88.95,13385,89.69,89.32,1.5092,1.6141,1.5617,4.8205,5.1555,4.988
MW024,9,slow_hands,slow,2,14916,59.65,53.45,13311,89.24,13415,89.94,89.59,1.5092,1.6141,1.5617,4.8205,5.1555,4.988
MW024,10,slow_animals,slow,2,14923,59.68,53.24,13274,88.95,13347,89.44,89.19,1.5092,1.6141,1.5617,4.8205,5.1555,4.988
MW024,11,pixar_birds,pixar,3,37417,149.65,137.96,34298,91.66,34681,92.69,92.18,1.8528,1.8092,1.831,5.9179,5.7787,5.8483
MW025,0,slow_animals,slow,0,14917,59.65,58.71,14686,98.45,14670,98.34,98.4,0.9091,1.0879,0.9985,2.9037,3.4748,3.1893
MW025,1,slow_people,slow,0,14924,59.68,59.0,14755,98.87,14744,98.79,98.83,0.9091,1.0879,0.9985,2.9037,3.4748,3.1893
MW025,2,slow_inanimate,slow,0,14918,59.66,59.07,14764,98.97,14773,99.03,99.0,0.9091,1.0879,0.9985,2.9037,3.4748,3.1893
MW025,3,slow_hands,slow,0,14921,59.67,59.02,14753,98.87,14755,98.89,98.88,0.9091,1.0879,0.9985,2.9037,3.4748,3.1893
MW025,4,frank_objects,frank,1,14919,59.66,58.7,14683,98.42,14669,98.32,98.37,0.7958,1.2097,1.0028,2.5419,3.8637,3.2028
MW025,5,frank_complex,frank,1,14917,59.66,59.2,14804,99.24,14794,99.18,99.21,0.7958,1.2097,1.0028,2.5419,3.8637,3.2028
MW025,6,frank_play,frank,1,14919,59.66,58.42,14631,98.07,14577,97.71,97.89,0.7958,1.2097,1.0028,2.5419,3.8637,3.2028
MW025,7,sesameindia_2,sesame,2,14922,59.68,58.09,14577,97.69,14467,96.95,97.32,1.0209,1.6543,1.3376,3.2606,5.2838,4.2722
MW025,8,sesameus_1,sesame,2,14916,59.65,57.62,14453,96.9,14358,96.26,96.58,1.0209,1.6543,1.3376,3.2606,5.2838,4.2722
MW025,9,sesameus_2,sesame,2,14920,59.67,57.5,14420,96.65,14331,96.05,96.35,1.0209,1.6543,1.3376,3.2606,5.2838,4.2722
MW025,10,sesameindia_1,sesame,2,14917,59.66,58.47,14646,98.18,14588,97.79,97.99,1.0209,1.6543,1.3376,3.2606,5.2838,4.2722
MW025,11,pixar_birds,pixar,3,37416,149.65,146.73,36877,98.56,36488,97.52,98.04,1.0137,1.7701,1.3919,3.2377,5.6537,4.4457
MW026,0,slow_animals,slow,0,14919,59.66,55.27,13877,93.02,13757,92.21,92.61,2.7738,3.4796,3.1267,8.8596,11.1137,9.9867
MW026,1,slow_inanimate,slow,0,14920,59.67,55.31,13831,92.7,13823,92.65,92.67,2.7738,3.4796,3.1267,8.8596,11.1137,9.9867
MW026,2,slow_hands,slow,0,14921,59.67,54.95,13773,92.31,13700,91.82,92.06,2.7738,3.4796,3.1267,8.8596,11.1137,9.9867
MW026,3,slow_people,slow,0,14923,59.68,55.43,13865,92.91,13851,92.82,92.86,2.7738,3.4796,3.1267,8.8596,11.1137,9.9867
MW026,4,sesameus_2,sesame,1,14923,59.68,54.96,13730,92.01,13750,92.14,92.07,5.6072,6.7816,6.1944,17.9093,21.6603,19.7848
MW026,5,sesameindia_1,sesame,1,14919,59.67,55.83,13959,93.57,13958,93.56,93.56,5.6072,6.7816,6.1944,17.9093,21.6603,19.7848
MW026,6,sesameus_1,sesame,1,14919,59.66,53.08,13225,88.65,13314,89.24,88.94,5.6072,6.7816,6.1944,17.9093,21.6603,19.7848
MW026,7,sesameindia_2,sesame,1,14922,59.68,54.88,13693,91.76,13748,92.13,91.95,5.6072,6.7816,6.1944,17.9093,21.6603,19.7848
MW026,8,frank_complex,frank,2,14916,59.65,54.97,13747,92.16,13736,92.09,92.13,1.0998,1.2314,1.1656,3.5128,3.9331,3.7229
MW026,9,frank_play,frank,2,14918,59.66,54.81,13648,91.49,13758,92.22,91.86,1.0998,1.2314,1.1656,3.5128,3.9331,3.7229
MW026,10,frank_objects,frank,2,14919,59.66,55.31,13774,92.33,13880,93.04,92.68,1.0998,1.2314,1.1656,3.5128,3.9331,3.7229
MW026,11,pixar_birds,pixar,3,37422,149.68,139.41,34714,92.76,34989,93.5,93.13,1.4573,1.2624,1.3599,4.6547,4.032,4.3434
MW027,0,slow_inanimate,slow,0,14920,59.67,54.93,13639,91.41,13825,92.66,92.04,2.1515,1.0926,1.622,6.8718,3.4899,5.1809
MW027,1,slow_people,slow,0,14921,59.67,54.76,13661,91.56,13720,91.95,91.75,2.1515,1.0926,1.622,6.8718,3.4899,5.1809
MW027,2,slow_hands,slow,0,14923,59.68,54.6,13564,90.89,13734,92.03,91.46,2.1515,1.0926,1.622,6.8718,3.4899,5.1809
MW027,3,slow_animals,slow,0,14919,59.67,54.8,13638,91.41,13762,92.24,91.83,2.1515,1.0926,1.622,6.8718,3.4899,5.1809
MW027,4,sesameus_1,sesame,1,14919,59.66,55.13,13734,92.06,13829,92.69,92.38,2.3385,3.0832,2.7108,7.4692,9.8477,8.6585
MW027,5,sesameindia_2,sesame,1,14919,59.66,54.48,13547,90.8,13691,91.77,91.29,2.3385,3.0832,2.7108,7.4692,9.8477,8.6585
MW027,6,sesameus_2,sesame,1,14918,59.66,54.68,13611,91.24,13731,92.04,91.64,2.3385,3.0832,2.7108,7.4692,9.8477,8.6585
MW027,7,sesameindia_1,sesame,1,14923,59.68,55.53,13807,92.52,13960,93.55,93.03,2.3385,3.0832,2.7108,7.4692,9.8477,8.6585
MW027,8,frank_objects,frank,2,14919,59.67,55.84,13901,93.18,14020,93.97,93.58,1.8444,1.4232,1.6338,5.8909,4.5456,5.2183
MW027,9,frank_play,frank,2,14921,59.67,53.3,13233,88.69,13417,89.92,89.3,1.8444,1.4232,1.6338,5.8909,4.5456,5.2183
MW027,10,frank_complex,frank,2,14923,59.68,54.75,13617,91.25,13759,92.2,91.72,1.8444,1.4232,1.6338,5.8909,4.5456,5.2183
MW027,11,pixar_birds,pixar,3,37419,149.66,138.78,34535,92.29,34857,93.15,92.72,1.3521,1.1861,1.2691,4.3185,3.7885,4.0535
MW028,0,slow_hands,slow,0,14921,59.67,57.49,14425,96.68,14322,95.99,96.33,1.1736,1.373,1.2733,3.7484,4.3854,4.0669
MW028,1,slow_people,slow,0,14921,59.67,58.6,14680,98.38,14621,97.99,98.19,1.1736,1.373,1.2733,3.7484,4.3854,4.0669
MW028,2,slow_animals,slow,0,14920,59.67,57.68,14465,96.95,14377,96.36,96.66,1.1736,1.373,1.2733,3.7484,4.3854,4.0669
MW028,3,slow_inanimate,slow,0,14922,59.68,56.69,14238,95.42,14106,94.53,94.97,1.1736,1.373,1.2733,3.7484,4.3854,4.0669
MW028,4,frank_objects,frank,1,14923,59.68,57.79,14565,97.6,14329,96.02,96.81,1.2098,1.6416,1.4257,3.864,5.2432,4.5536
MW028,5,frank_play,frank,1,14923,59.68,58.33,14610,97.9,14554,97.53,97.71,1.2098,1.6416,1.4257,3.864,5.2432,4.5536
MW028,6,frank_complex,frank,1,14920,59.66,57.42,14394,96.47,14318,95.97,96.22,1.2098,1.6416,1.4257,3.864,5.2432,4.5536
MW028,7,sesameindia_1,sesame,2,14920,59.67,58.08,14558,97.57,14480,97.05,97.31,1.1161,1.4812,1.2987,3.5649,4.731,4.1479
MW028,8,sesameus_2,sesame,2,14921,59.67,58.22,14597,97.83,14515,97.28,97.55,1.1161,1.4812,1.2987,3.5649,4.731,4.1479
MW028,9,sesameindia_2,sesame,2,14922,59.68,56.6,14202,95.17,14096,94.46,94.82,1.1161,1.4812,1.2987,3.5649,4.731,4.1479
MW028,10,sesameus_1,sesame,2,14917,59.65,56.92,14262,95.61,14199,95.19,95.4,1.1161,1.4812,1.2987,3.5649,4.731,4.1479
MW028,11,pixar_birds,pixar,3,37420,149.67,143.72,36195,96.73,35666,95.31,96.02,0.9275,1.2939,1.1107,2.9625,4.1328,3.5476
MW029,0,frank_play,frank,0,14922,59.68,58.66,14660,98.24,14668,98.3,98.27,1.2942,1.1258,1.21,4.1337,3.5958,3.8647
MW029,1,frank_complex,frank,0,14917,59.65,56.96,14165,94.96,14317,95.98,95.47,1.2942,1.1258,1.21,4.1337,3.5958,3.8647
MW029,2,frank_objects,frank,0,14920,59.67,57.17,14293,95.8,14293,95.8,95.8,1.2942,1.1258,1.21,4.1337,3.5958,3.8647
MW029,3,slow_inanimate,slow,1,14922,59.68,53.83,13402,89.81,13513,90.56,90.19,1.8072,1.7835,1.7954,5.7722,5.6964,5.7343
MW029,4,slow_animals,slow,1,14923,59.68,54.27,13472,90.28,13664,91.56,90.92,1.8072,1.7835,1.7954,5.7722,5.6964,5.7343
MW029,5,slow_people,slow,1,14917,59.66,56.96,14306,95.9,14175,95.03,95.46,1.8072,1.7835,1.7954,5.7722,5.6964,5.7343
MW029,6,slow_hands,slow,1,14923,59.68,56.67,14096,94.46,14239,95.42,94.94,1.8072,1.7835,1.7954,5.7722,5.6964,5.7343
MW029,7,sesameindia_1,sesame,2,14920,59.67,58.52,14567,97.63,14695,98.49,98.06,1.4018,1.2639,1.3329,4.4772,4.0368,4.257
MW029,8,sesameus_1,sesame,2,14921,59.67,57.57,14378,96.36,14405,96.54,96.45,1.4018,1.2639,1.3329,4.4772,4.0368,4.257
MW029,9,sesameindia_2,sesame,2,14918,59.66,57.14,14170,94.99,14402,96.54,95.76,1.4018,1.2639,1.3329,4.4772,4.0368,4.257
MW029,10,sesameus_2,sesame,2,14921,59.67,53.43,13155,88.16,13559,90.87,89.52,1.4018,1.2639,1.3329,4.4772,4.0368,4.257
MW029,11,pixar_birds,pixar,3,37424,149.68,144.49,36022,96.25,36221,96.79,96.52,1.4481,1.3688,1.4084,4.6253,4.3721,4.4987
MW030,0,frank_objects,frank,0,14923,59.68,54.75,13645,91.44,13729,92.0,91.72,0.9667,1.0165,0.9916,3.0876,3.2466,3.1671
MW030,1,frank_complex,frank,0,14917,59.65,57.15,14283,95.75,14293,95.82,95.78,0.9667,1.0165,0.9916,3.0876,3.2466,3.1671
MW030,2,frank_play,frank,0,14921,59.67,56.85,14164,94.93,14260,95.57,95.25,0.9667,1.0165,0.9916,3.0876,3.2466,3.1671
MW030,3,slow_inanimate,slow,1,14918,59.66,52.71,13312,89.23,13043,87.43,88.33,1.0188,0.8611,0.9399,3.2541,2.7505,3.0023
MW030,4,slow_animals,slow,1,14922,59.67,56.44,14094,94.45,14126,94.67,94.56,1.0188,0.8611,0.9399,3.2541,2.7505,3.0023
MW030,5,slow_hands,slow,1,14917,59.65,56.36,14123,94.68,14058,94.24,94.46,1.0188,0.8611,0.9399,3.2541,2.7505,3.0023
MW030,6,slow_people,slow,1,14919,59.66,56.13,14013,93.93,14051,94.18,94.05,1.0188,0.8611,0.9399,3.2541,2.7505,3.0023
MW030,7,sesameindia_1,sesame,2,14925,59.69,56.86,14187,95.06,14242,95.42,95.24,1.4816,1.5163,1.499,4.7322,4.843,4.7876
MW030,8,sesameus_2,sesame,2,14919,59.67,56.52,14125,94.68,14133,94.73,94.7,1.4816,1.5163,1.499,4.7322,4.843,4.7876
MW030,9,sesameindia_2,sesame,2,14921,59.67,56.47,14069,94.29,14168,94.95,94.62,1.4816,1.5163,1.499,4.7322,4.843,4.7876
MW030,10,sesameus_1,sesame,2,14919,59.67,57.05,14249,95.51,14278,95.7,95.61,1.4816,1.5163,1.499,4.7322,4.843,4.7876
MW030,11,pixar_birds,pixar,3,37422,149.68,142.27,35789,95.64,35344,94.45,95.04,0.8992,1.1134,1.0063,2.8722,3.5563,3.2142
MW031,0,frank_complex,frank,0,14922,59.67,50.42,12953,86.8,12256,82.13,84.47,2.7627,1.5344,2.1486,8.8242,4.9009,6.8625
MW031,1,frank_play,frank,0,14917,59.66,47.64,12006,80.49,11816,79.21,79.85,2.7627,1.5344,2.1486,8.8242,4.9009,6.8625
MW031,2,frank_objects,frank,0,14917,59.66,44.51,11890,79.71,10363,69.47,74.59,2.7627,1.5344,2.1486,8.8242,4.9009,6.8625
MW031,3,sesameindia_2,sesame,1,14921,59.67,42.85,11828,79.27,9597,64.32,71.79,4.1462,1.8947,3.0205,13.2431,6.0516,9.6473
MW031,4,sesameindia_1,sesame,1,14916,59.65,42.15,10403,69.74,10670,71.53,70.64,4.1462,1.8947,3.0205,13.2431,6.0516,9.6473
MW031,5,sesameus_2,sesame,1,14924,59.68,41.77,8242,55.23,12645,84.73,69.98,4.1462,1.8947,3.0205,13.2431,6.0516,9.6473
MW031,6,sesameus_1,sesame,1,14917,59.66,36.87,7073,47.42,11362,76.17,61.79,4.1462,1.8947,3.0205,13.2431,6.0516,9.6473
MW031,7,slow_animals,slow,2,14919,59.66,34.71,5786,38.78,11567,77.53,58.16,3.6608,2.0778,2.8693,11.6926,6.6364,9.1645
MW031,8,slow_inanimate,slow,2,14918,59.66,31.88,4723,31.66,11216,75.18,53.42,3.6608,2.0778,2.8693,11.6926,6.6364,9.1645
MW031,9,slow_people,slow,2,14923,59.68,38.09,8285,55.52,10759,72.1,63.81,3.6608,2.0778,2.8693,11.6926,6.6364,9.1645
MW031,10,slow_hands,slow,2,14923,59.68,46.48,11588,77.65,11652,78.08,77.87,3.6608,2.0778,2.8693,11.6926,6.6364,9.1645
MW031,11,pixar_birds,pixar,3,37423,149.68,105.39,24270,64.85,28427,75.96,70.41,2.0642,2.1617,2.113,6.593,6.9045,6.7487
MW032,0,sesameindia_2,sesame,0,14918,59.66,56.03,13910,93.24,14107,94.56,93.9,1.8751,1.7994,1.8373,5.989,5.7472,5.8681
MW032,1,sesameus_1,sesame,0,14919,59.66,56.42,13986,93.75,14222,95.33,94.54,1.8751,1.7994,1.8373,5.989,5.7472,5.8681
MW032,2,sesameus_2,sesame,0,14917,59.66,56.54,14057,94.23,14214,95.29,94.76,1.8751,1.7994,1.8373,5.989,5.7472,5.8681
MW032,3,sesameindia_1,sesame,0,14925,59.68,53.29,13183,88.33,13464,90.21,89.27,1.8751,1.7994,1.8373,5.989,5.7472,5.8681
MW032,4,frank_complex,frank,1,14923,59.68,55.52,13772,92.29,13988,93.73,93.01,1.1323,0.8478,0.9901,3.6167,2.7078,3.1623
MW032,5,frank_objects,frank,1,14917,59.66,55.64,13815,92.61,14006,93.89,93.25,1.1323,0.8478,0.9901,3.6167,2.7078,3.1623
MW032,6,frank_play,frank,1,14924,59.68,55.07,13624,91.29,13910,93.21,92.25,1.1323,0.8478,0.9901,3.6167,2.7078,3.1623
MW032,7,slow_inanimate,slow,2,14919,59.66,53.15,13136,88.05,13437,90.07,89.06,0.9834,0.8336,0.9085,3.141,2.6625,2.9017
MW032,8,slow_animals,slow,2,14919,59.66,53.18,13079,87.67,13513,90.58,89.12,0.9834,0.8336,0.9085,3.141,2.6625,2.9017
MW032,9,slow_people,slow,2,14918,59.66,53.7,13257,88.87,13592,91.11,89.99,0.9834,0.8336,0.9085,3.141,2.6625,2.9017
MW032,10,slow_hands,slow,2,14923,59.68,54.86,13548,90.79,13881,93.02,91.9,0.9834,0.8336,0.9085,3.141,2.6625,2.9017
MW032,11,pixar_birds,pixar,3,37420,149.67,138.37,34358,91.82,34826,93.07,92.44,0.6955,0.5083,0.6019,2.2215,1.6235,1.9225
MW033,0,sesameus_2,sesame,0,14918,59.66,57.33,14258,95.58,14408,96.58,96.08,2.7421,2.5951,2.6686,8.7584,8.2888,8.5236
MW033,1,sesameus_1,sesame,0,14918,59.66,56.59,14111,94.59,14185,95.09,94.84,2.7421,2.5951,2.6686,8.7584,8.2888,8.5236
MW033,2,sesameindia_2,sesame,0,14920,59.67,55.84,13913,93.25,14006,93.87,93.56,2.7421,2.5951,2.6686,8.7584,8.2888,8.5236
MW033,3,sesameindia_1,sesame,0,14921,59.67,53.07,13057,87.51,13476,90.32,88.91,2.7421,2.5951,2.6686,8.7584,8.2888,8.5236
MW033,4,frank_complex,frank,1,14916,59.65,53.32,13095,87.79,13566,90.95,89.37,0.9761,1.106,1.0411,3.1175,3.5327,3.3251
MW033,5,frank_play,frank,1,14923,59.68,51.72,12584,84.33,13276,88.96,86.64,0.9761,1.106,1.0411,3.1175,3.5327,3.3251
MW033,6,frank_objects,frank,1,14917,59.65,53.71,12966,86.92,13891,93.12,90.02,0.9761,1.106,1.0411,3.1175,3.5327,3.3251
MW033,7,slow_hands,slow,2,14922,59.67,52.97,12982,87.0,13502,90.48,88.74,2.6131,2.2097,2.4114,8.3464,7.0579,7.7021
MW033,8,slow_inanimate,slow,2,14917,59.66,54.12,13132,88.03,13929,93.38,90.71,2.6131,2.2097,2.4114,8.3464,7.0579,7.7021
MW033,9,slow_people,slow,2,14921,59.67,51.62,12712,85.2,13100,87.8,86.5,2.6131,2.2097,2.4114,8.3464,7.0579,7.7021
MW033,10,slow_animals,slow,2,14918,59.66,49.61,11943,80.06,12861,86.21,83.13,2.6131,2.2097,2.4114,8.3464,7.0579,7.7021
MW033,11,pixar_birds,pixar,3,37416,149.65,130.63,31797,84.98,33518,89.58,87.28,3.4762,3.5277,3.5019,11.1031,11.2674,11.1852
MW034,0,frank_complex,frank,0,14916,59.65,58.99,14745,98.85,14752,98.9,98.88,7.1724,7.8775,7.525,22.9087,25.1606,24.0346
MW034,1,frank_play,frank,0,14924,59.69,58.21,14587,97.74,14519,97.29,97.51,7.1724,7.8775,7.525,22.9087,25.1606,24.0346
MW034,2,frank_objects,frank,0,14925,59.68,58.93,14752,98.84,14715,98.59,98.72,7.1724,7.8775,7.525,22.9087,25.1606,24.0346
MW034,3,slow_animals,slow,1,14917,59.65,58.81,14700,98.55,14707,98.59,98.57,11.453,11.3684,11.4107,36.5809,36.3108,36.4459
MW034,4,slow_hands,slow,1,14923,59.68,57.75,14474,96.99,14399,96.49,96.74,11.453,11.3684,11.4107,36.5809,36.3108,36.4459
MW034,5,slow_inanimate,slow,1,14919,59.66,57.41,14341,96.13,14365,96.29,96.21,11.453,11.3684,11.4107,36.5809,36.3108,36.4459
MW034,6,slow_people,slow,1,14923,59.68,56.52,14156,94.86,14103,94.51,94.68,11.453,11.3684,11.4107,36.5809,36.3108,36.4459
MW034,7,sesameus_1,sesame,2,14921,59.67,58.63,14677,98.36,14639,98.11,98.24,1.416,2.0819,1.749,4.5227,6.6497,5.5862
MW034,8,sesameus_2,sesame,2,14919,59.66,57.52,14383,96.41,14378,96.37,96.39,1.416,2.0819,1.749,4.5227,6.6497,5.5862
MW034,9,sesameindia_1,sesame,2,14920,59.67,58.97,14776,99.03,14707,98.57,98.8,1.416,2.0819,1.749,4.5227,6.6497,5.5862
MW034,10,sesameindia_2,sesame,2,14918,59.66,57.37,14397,96.51,14288,95.78,96.14,1.416,2.0819,1.749,4.5227,6.6497,5.5862
MW034,11,pixar_birds,pixar,3,37420,149.67,145.32,36356,97.16,36304,97.02,97.09,0.7703,0.7983,0.7843,2.4603,2.5499,2.5051
MW036,0,frank_objects,frank,0,14916,59.65,56.67,14258,95.59,14076,94.37,94.98,0.7696,0.7399,0.7548,2.4582,2.3633,2.4108
MW036,1,frank_play,frank,0,14922,59.68,53.4,13466,90.24,13236,88.7,89.47,0.7696,0.7399,0.7548,2.4582,2.3633,2.4108
MW036,2,frank_complex,frank,0,14916,59.65,57.63,14440,96.81,14375,96.37,96.59,0.7696,0.7399,0.7548,2.4582,2.3633,2.4108
MW036,3,sesameus_2,sesame,1,14918,59.66,54.67,13574,90.99,13760,92.24,91.61,1.2529,1.4404,1.3466,4.0019,4.6007,4.3013
MW036,4,sesameindia_2,sesame,1,14922,59.67,55.47,13857,92.86,13876,92.99,92.93,1.2529,1.4404,1.3466,4.0019,4.6007,4.3013
MW036,5,sesameus_1,sesame,1,14920,59.67,52.12,13271,88.95,12787,85.7,87.33,1.2529,1.4404,1.3466,4.0019,4.6007,4.3013
MW036,6,sesameindia_1,sesame,1,14921,59.67,54.93,13349,89.46,14115,94.6,92.03,1.2529,1.4404,1.3466,4.0019,4.6007,4.3013
MW036,7,slow_people,slow,2,14919,59.66,56.24,14000,93.84,14120,94.64,94.24,0.9127,0.977,0.9448,2.9153,3.1206,3.0179
MW036,8,slow_hands,slow,2,14920,59.67,57.4,14310,95.91,14388,96.43,96.17,0.9127,0.977,0.9448,2.9153,3.1206,3.0179
MW036,9,slow_inanimate,slow,2,14920,59.67,55.42,13628,91.34,14081,94.38,92.86,0.9127,0.977,0.9448,2.9153,3.1206,3.0179
MW036,10,slow_animals,slow,2,14917,59.66,56.07,13609,91.23,14425,96.7,93.97,0.9127,0.977,0.9448,2.9153,3.1206,3.0179
MW036,11,pixar_birds,pixar,3,37415,149.65,134.56,34110,91.17,33172,88.66,89.91,0.7818,1.045,0.9134,2.4969,3.3377,2.9173
MW037,0,sesameindia_1,sesame,0,14918,59.66,55.96,14001,93.85,13977,93.69,93.77,1.098,1.2054,1.1517,3.5069,3.85,3.6784
MW037,1,sesameus_1,sesame,0,14922,59.68,55.67,14038,94.08,13796,92.45,93.26,1.098,1.2054,1.1517,3.5069,3.85,3.6784
MW037,2,sesameus_2,sesame,0,14919,59.66,55.37,13832,92.71,13853,92.85,92.78,1.098,1.2054,1.1517,3.5069,3.85,3.6784
MW037,3,sesameindia_2,sesame,0,14919,59.66,54.17,13491,90.43,13592,91.11,90.77,1.098,1.2054,1.1517,3.5069,3.85,3.6784
MW037,4,frank_objects,frank,1,14919,59.66,57.42,14346,96.16,14365,96.29,96.22,1.1738,1.1282,1.151,3.7493,3.6034,3.6764
MW037,5,frank_complex,frank,1,14924,59.68,52.73,13119,87.91,13246,88.76,88.33,1.1738,1.1282,1.151,3.7493,3.6034,3.6764
MW037,6,frank_play,frank,1,14920,59.67,53.09,13394,89.77,13152,88.15,88.96,1.1738,1.1282,1.151,3.7493,3.6034,3.6764
MW037,7,slow_hands,slow,2,14923,59.68,52.04,13089,87.71,12931,86.65,87.18,1.573,1.366,1.4695,5.0243,4.3632,4.6937
MW037,8,slow_animals,slow,2,14918,59.66,56.26,14099,94.51,14029,94.04,94.28,1.573,1.366,1.4695,5.0243,4.3632,4.6937
MW037,9,slow_people,slow,2,14917,59.66,55.36,13706,91.88,13972,93.66,92.77,1.573,1.366,1.4695,5.0243,4.3632,4.6937
MW037,10,slow_inanimate,slow,2,14922,59.68,54.14,13403,89.82,13666,91.58,90.7,1.573,1.366,1.4695,5.0243,4.3632,4.6937
MW037,11,pixar_birds,pixar,3,37423,149.68,142.62,35517,94.91,35793,95.64,95.28,1.8058,1.6241,1.7149,5.7679,5.1874,5.4777
MW038,0,slow_inanimate,slow,0,14923,59.68,54.29,13465,90.23,13679,91.66,90.95,0.8504,0.8396,0.845,2.7162,2.6818,2.699
MW038,1,slow_animals,slow,0,14917,59.65,54.54,13566,90.94,13705,91.88,91.41,0.8504,0.8396,0.845,2.7162,2.6818,2.699
MW038,2,slow_hands,slow,0,14920,59.67,53.11,13234,88.7,13323,89.3,89.0,0.8504,0.8396,0.845,2.7162,2.6818,2.699
MW038,3,slow_people,slow,0,14924,59.68,53.7,13411,89.86,13439,90.05,89.96,0.8504,0.8396,0.845,2.7162,2.6818,2.699
MW038,4,frank_complex,frank,1,14921,59.67,53.02,13219,88.59,13289,89.06,88.83,0.456,1.5745,1.0152,1.4564,5.029,3.2427
MW038,5,frank_play,frank,1,14917,59.66,53.99,13451,90.17,13546,90.81,90.49,0.456,1.5745,1.0152,1.4564,5.029,3.2427
MW038,6,frank_objects,frank,1,14917,59.66,53.42,13306,89.2,13402,89.84,89.52,0.456,1.5745,1.0152,1.4564,5.029,3.2427
MW038,7,sesameus_2,sesame,2,14917,59.65,54.29,13523,90.65,13624,91.33,90.99,0.81,0.6622,0.7361,2.5871,2.115,2.351
MW038,8,sesameindia_2,sesame,2,14917,59.66,53.77,13396,89.8,13489,90.43,90.12,0.81,0.6622,0.7361,2.5871,2.115,2.351
MW038,9,sesameus_1,sesame,2,14922,59.68,53.4,13295,89.1,13406,89.84,89.47,0.81,0.6622,0.7361,2.5871,2.115,2.351
MW038,10,sesameindia_1,sesame,2,14921,59.67,54.45,13603,91.17,13621,91.29,91.23,0.81,0.6622,0.7361,2.5871,2.115,2.351
MW038,11,pixar_birds,pixar,3,37419,149.66,140.42,35091,93.78,35120,93.86,93.82,0.9206,0.5348,0.7277,2.9404,1.7082,2.3243
MW039,0,frank_complex,frank,0,14924,59.68,52.85,13214,88.54,13209,88.51,88.53,1.4258,1.3272,1.3765,4.5539,4.2391,4.3965
MW039,1,frank_play,frank,0,14921,59.67,52.42,13117,87.91,13091,87.74,87.82,1.4258,1.3272,1.3765,4.5539,4.2391,4.3965
MW039,2,frank_objects,frank,0,14921,59.67,51.63,12912,86.54,12905,86.49,86.51,1.4258,1.3272,1.3765,4.5539,4.2391,4.3965
MW039,3,sesameus_2,sesame,1,14923,59.68,52.61,13126,87.96,13178,88.31,88.13,18.4286,18.1033,18.266,58.8609,57.822,58.3415
MW039,4,sesameindia_2,sesame,1,14919,59.67,54.67,13709,91.89,13624,91.32,91.6,18.4286,18.1033,18.266,58.8609,57.822,58.3415
MW039,5,sesameus_1,sesame,1,14920,59.67,53.35,13380,89.68,13295,89.11,89.39,18.4286,18.1033,18.266,58.8609,57.822,58.3415
MW039,6,sesameindia_1,sesame,1,14923,59.68,53.45,13460,90.2,13264,88.88,89.54,18.4286,18.1033,18.266,58.8609,57.822,58.3415
MW039,7,slow_inanimate,slow,2,14925,59.69,48.43,12154,81.43,12061,80.81,81.12,14.4352,11.5948,13.015,46.106,37.0337,41.5699
MW039,8,slow_hands,slow,2,14922,59.68,54.26,13618,91.26,13512,90.55,90.91,14.4352,11.5948,13.015,46.106,37.0337,41.5699
MW039,9,slow_animals,slow,2,14918,59.66,52.05,13059,87.54,12965,86.91,87.22,14.4352,11.5948,13.015,46.106,37.0337,41.5699
MW039,10,slow_people,slow,2,14917,59.66,49.99,12396,83.1,12598,84.45,83.78,14.4352,11.5948,13.015,46.106,37.0337,41.5699
MW039,11,pixar_birds,pixar,3,37423,149.68,135.14,33868,90.5,33700,90.05,90.28,7.4303,10.7508,9.0906,23.7325,34.3383,29.0354
MW040,0,sesameus_1,sesame,0,14923,59.68,56.19,14006,93.86,14087,94.4,94.13,1.3626,1.0588,1.2107,4.3523,3.3817,3.867
MW040,1,sesameindia_1,sesame,0,14920,59.66,56.31,14115,94.6,14042,94.12,94.36,1.3626,1.0588,1.2107,4.3523,3.3817,3.867
MW040,2,sesameus_2,sesame,0,14916,59.65,56.01,13973,93.68,14032,94.07,93.88,1.3626,1.0588,1.2107,4.3523,3.3817,3.867
MW040,3,sesameindia_2,sesame,0,14920,59.67,55.07,13706,91.86,13829,92.69,92.28,1.3626,1.0588,1.2107,4.3523,3.3817,3.867
MW040,4,slow_hands,slow,1,14918,59.66,54.82,13670,91.63,13738,92.09,91.86,1.2398,0.9863,1.113,3.9598,3.1504,3.5551
MW040,5,slow_animals,slow,1,14918,59.66,56.24,14045,94.15,14075,94.35,94.25,1.2398,0.9863,1.113,3.9598,3.1504,3.5551
MW040,6,slow_people,slow,1,14917,59.65,56.56,14050,94.19,14232,95.41,94.8,1.2398,0.9863,1.113,3.9598,3.1504,3.5551
MW040,7,slow_inanimate,slow,1,14919,59.66,54.65,13606,91.2,13721,91.97,91.58,1.2398,0.9863,1.113,3.9598,3.1504,3.5551
MW040,8,frank_complex,frank,2,14919,59.66,56.22,14028,94.03,14081,94.38,94.21,1.5495,1.0667,1.3081,4.9491,3.4071,4.1781
MW040,9,frank_play,frank,2,14918,59.66,55.48,13836,92.75,13902,93.19,92.97,1.5495,1.0667,1.3081,4.9491,3.4071,4.1781
MW040,10,frank_objects,frank,2,14921,59.67,55.77,13949,93.49,13937,93.41,93.45,1.5495,1.0667,1.3081,4.9491,3.4071,4.1781
MW040,11,pixar_birds,pixar,3,37417,149.65,141.0,35177,94.01,35324,94.41,94.21,1.7553,0.8962,1.3257,5.6066,2.8625,4.2346
MW041,0,slow_inanimate,slow,0,14918,59.66,58.31,14544,97.49,14609,97.93,97.71,1.1018,1.1546,1.1282,3.519,3.6877,3.6033
MW041,1,slow_hands,slow,0,14918,59.66,58.78,14700,98.54,14691,98.48,98.51,1.1018,1.1546,1.1282,3.519,3.6877,3.6033
MW041,2,slow_animals,slow,0,14918,59.66,58.77,14680,98.4,14707,98.59,98.5,1.1018,1.1546,1.1282,3.519,3.6877,3.6033
MW041,3,slow_people,slow,0,14920,59.67,58.5,14607,97.9,14643,98.14,98.02,1.1018,1.1546,1.1282,3.519,3.6877,3.6033
MW041,4,frank_complex,frank,1,14918,59.66,58.66,14645,98.17,14685,98.44,98.3,1.5274,1.6448,1.5861,4.8786,5.2534,5.066
MW041,5,frank_play,frank,1,14922,59.67,58.44,14576,97.68,14645,98.14,97.91,1.5274,1.6448,1.5861,4.8786,5.2534,5.066
MW041,6,frank_objects,frank,1,14922,59.68,59.27,14791,99.12,14842,99.46,99.29,1.5274,1.6448,1.5861,4.8786,5.2534,5.066
MW041,7,sesameindia_2,sesame,2,14923,59.68,58.12,14525,97.33,14535,97.4,97.37,1.1033,1.2188,1.161,3.5239,3.8928,3.7083
MW041,8,sesameindia_1,sesame,2,14923,59.68,57.94,14473,96.98,14497,97.15,97.06,1.1033,1.2188,1.161,3.5239,3.8928,3.7083
MW041,9,sesameus_2,sesame,2,14922,59.68,58.82,14705,98.55,14703,98.53,98.54,1.1033,1.2188,1.161,3.5239,3.8928,3.7083
MW041,10,sesameus_1,sesame,2,14923,59.68,58.13,14506,97.21,14557,97.55,97.38,1.1033,1.2188,1.161,3.5239,3.8928,3.7083
MW041,11,pixar_birds,pixar,3,37420,149.66,145.66,36297,97.0,36532,97.63,97.31,0.95,1.122,1.036,3.0342,3.5837,3.3089
MW042,0,slow_hands,slow,0,14918,59.66,58.79,14678,98.39,14719,98.67,98.53,1.6969,1.5603,1.6286,5.4198,4.9836,5.2017
MW042,1,slow_animals,slow,0,14921,59.67,59.01,14757,98.9,14747,98.83,98.87,1.6969,1.5603,1.6286,5.4198,4.9836,5.2017
MW042,2,slow_inanimate,slow,0,14916,59.65,58.14,14483,97.1,14588,97.8,97.45,1.6969,1.5603,1.6286,5.4198,4.9836,5.2017
MW042,3,slow_people,slow,0,14922,59.67,59.22,14794,99.14,14815,99.28,99.21,1.6969,1.5603,1.6286,5.4198,4.9836,5.2017
MW042,4,sesameus_1,sesame,1,14923,59.68,59.16,14760,98.91,14819,99.3,99.11,1.194,1.2587,1.2264,3.8136,4.0203,3.9169
MW042,5,sesameindia_1,sesame,1,14918,59.66,59.04,14740,98.81,14779,99.07,98.94,1.194,1.2587,1.2264,3.8136,4.0203,3.9169
MW042,6,sesameindia_2,sesame,1,14920,59.67,59.22,14811,99.27,14801,99.2,99.24,1.194,1.2587,1.2264,3.8136,4.0203,3.9169
MW042,7,sesameus_2,sesame,1,14920,59.67,58.77,14693,98.48,14694,98.49,98.48,1.194,1.2587,1.2264,3.8136,4.0203,3.9169
MW042,8,frank_objects,frank,2,14916,59.65,58.4,14592,97.83,14608,97.94,97.88,0.9562,0.932,0.9441,3.0541,2.977,3.0156
MW042,9,frank_play,frank,2,14922,59.67,58.64,14649,98.17,14671,98.32,98.24,0.9562,0.932,0.9441,3.0541,2.977,3.0156
MW042,10,frank_complex,frank,2,14921,59.67,59.38,14853,99.54,14839,99.45,99.5,0.9562,0.932,0.9441,3.0541,2.977,3.0156
MW042,11,pixar_birds,pixar,3,37425,149.69,146.2,36428,97.34,36672,97.99,97.66,0.7829,0.3572,0.5701,2.5006,1.1409,1.8207
MW043,0,frank_complex,frank,0,14921,59.67,57.88,14505,97.21,14436,96.75,96.98,1.3384,1.4305,1.3845,4.2747,4.5692,4.422
MW043,1,frank_objects,frank,0,14925,59.68,57.43,14387,96.4,14328,96.0,96.2,1.3384,1.4305,1.3845,4.2747,4.5692,4.422
MW043,2,frank_play,frank,0,14916,59.65,56.84,14215,95.3,14205,95.23,95.27,1.3384,1.4305,1.3845,4.2747,4.5692,4.422
MW043,3,sesameus_2,sesame,1,14920,59.67,57.21,14322,95.99,14282,95.72,95.86,1.085,1.4481,1.2666,3.4654,4.6252,4.0453
MW043,4,sesameindia_1,sesame,1,14921,59.67,56.29,14094,94.46,14051,94.17,94.31,1.085,1.4481,1.2666,3.4654,4.6252,4.0453
MW043,5,sesameindia_2,sesame,1,14918,59.66,57.58,14400,96.53,14388,96.45,96.49,1.085,1.4481,1.2666,3.4654,4.6252,4.0453
MW043,6,sesameus_1,sesame,1,14919,59.66,56.77,14226,95.35,14157,94.89,95.12,1.085,1.4481,1.2666,3.4654,4.6252,4.0453
MW043,7,slow_people,slow,2,14917,59.66,56.62,14180,95.06,14129,94.72,94.89,1.1572,1.1064,1.1318,3.6961,3.5339,3.615
MW043,8,slow_hands,slow,2,14918,59.66,55.94,14008,93.9,13961,93.58,93.74,1.1572,1.1064,1.1318,3.6961,3.5339,3.615
MW043,9,slow_inanimate,slow,2,14921,59.67,55.6,13910,93.22,13890,93.09,93.16,1.1572,1.1064,1.1318,3.6961,3.5339,3.615
MW043,10,slow_animals,slow,2,14916,59.65,57.27,14342,96.15,14295,95.84,95.99,1.1572,1.1064,1.1318,3.6961,3.5339,3.615
MW043,11,pixar_birds,pixar,3,37416,149.65,142.05,35558,95.03,35465,94.79,94.91,0.9882,1.3681,1.1782,3.1564,4.3696,3.763
MW044,0,frank_complex,frank,0,14924,59.68,57.29,14306,95.86,14338,96.07,95.97,2.2193,2.4122,2.3157,7.0885,7.7044,7.3964
MW044,1,frank_objects,frank,0,14921,59.67,56.66,14142,94.78,14189,95.09,94.94,2.2193,2.4122,2.3157,7.0885,7.7044,7.3964
MW044,2,frank_play,frank,0,14916,59.65,56.22,14033,94.08,14079,94.39,94.23,2.2193,2.4122,2.3157,7.0885,7.7044,7.3964
MW044,3,slow_people,slow,1,14916,59.65,52.4,12813,85.9,13386,89.74,87.82,0.871,0.949,0.91,2.7821,3.031,2.9066
MW044,4,slow_animals,slow,1,14920,59.67,56.7,14165,94.94,14184,95.07,95.0,0.871,0.949,0.91,2.7821,3.031,2.9066
MW044,5,slow_inanimate,slow,1,14924,59.68,54.37,13550,90.79,13637,91.38,91.08,0.871,0.949,0.91,2.7821,3.031,2.9066
MW044,6,slow_hands,slow,1,14920,59.67,56.43,13976,93.67,14241,95.45,94.56,0.871,0.949,0.91,2.7821,3.031,2.9066
MW044,7,sesameindia_2,sesame,2,14918,59.66,55.63,13883,93.06,13930,93.38,93.22,1.6672,1.507,1.5871,5.3252,4.8133,5.0693
MW044,8,sesameus_1,sesame,2,14920,59.67,57.89,14443,96.8,14501,97.19,97.0,1.6672,1.507,1.5871,5.3252,4.8133,5.0693
MW044,9,sesameus_2,sesame,2,14923,59.68,56.69,14153,94.84,14191,95.09,94.97,1.6672,1.507,1.5871,5.3252,4.8133,5.0693
MW044,10,sesameindia_1,sesame,2,14919,59.66,56.56,14127,94.69,14155,94.88,94.79,1.6672,1.507,1.5871,5.3252,4.8133,5.0693
MW044,11,pixar_birds,pixar,3,37423,149.68,145.26,36305,97.01,36326,97.07,97.04,1.1958,0.8921,1.0439,3.8194,2.8494,3.3344
MW045,0,slow_hands,slow,0,14925,59.69,58.51,14598,97.81,14657,98.2,98.01,6.4878,6.4675,6.4777,20.7219,20.6572,20.6896
MW045,1,slow_people,slow,0,14918,59.66,59.25,14771,99.01,14852,99.56,99.29,6.4878,6.4675,6.4777,20.7219,20.6572,20.6896
MW045,2,slow_inanimate,slow,0,14923,59.68,58.29,14516,97.27,14627,98.02,97.64,6.4878,6.4675,6.4777,20.7219,20.6572,20.6896
MW045,3,slow_animals,slow,0,14919,59.66,58.63,14654,98.22,14662,98.28,98.25,6.4878,6.4675,6.4777,20.7219,20.6572,20.6896
MW045,4,sesameus_2,sesame,1,14917,59.66,57.13,14348,96.19,14219,95.32,95.75,2.3912,2.4921,2.4417,7.6374,7.9599,7.7987
MW045,5,sesameindia_1,sesame,1,14924,59.68,57.15,14158,94.87,14416,96.6,95.73,2.3912,2.4921,2.4417,7.6374,7.9599,7.7987
MW045,6,sesameus_1,sesame,1,14915,59.65,55.53,14078,94.39,13687,91.77,93.08,2.3912,2.4921,2.4417,7.6374,7.9599,7.7987
MW045,7,sesameindia_2,sesame,1,14923,59.68,57.29,14432,96.71,14213,95.24,95.98,2.3912,2.4921,2.4417,7.6374,7.9599,7.7987
MW045,8,frank_objects,frank,2,14917,59.65,57.57,14361,96.27,14425,96.7,96.49,0.9828,1.0369,1.0098,3.1389,3.3119,3.2254
MW045,9,frank_complex,frank,2,14918,59.66,57.16,14191,95.13,14389,96.45,95.79,0.9828,1.0369,1.0098,3.1389,3.3119,3.2254
MW045,10,frank_play,frank,2,14924,59.68,55.77,13985,93.71,13899,93.13,93.42,0.9828,1.0369,1.0098,3.1389,3.3119,3.2254
MW045,11,pixar_birds,pixar,3,37423,149.68,147.02,36791,98.31,36717,98.11,98.21,1.3331,1.503,1.4181,4.258,4.8005,4.5293
MW046,0,slow_people,slow,0,14918,59.66,59.07,14729,98.73,14808,99.26,99.0,0.9604,0.8381,0.8992,3.0675,2.6768,2.8721
MW046,1,slow_hands,slow,0,14918,59.66,59.03,14720,98.67,14795,99.18,98.92,0.9604,0.8381,0.8992,3.0675,2.6768,2.8721
MW046,2,slow_animals,slow,0,14920,59.67,56.97,14028,94.02,14458,96.9,95.46,0.9604,0.8381,0.8992,3.0675,2.6768,2.8721
MW046,3,slow_inanimate,slow,0,14916,59.65,56.17,13651,91.52,14433,96.76,94.14,0.9604,0.8381,0.8992,3.0675,2.6768,2.8721
MW046,4,frank_objects,frank,1,14924,59.68,57.81,14235,95.38,14672,98.31,96.85,1.1061,1.0352,1.0707,3.5327,3.3064,3.4196
MW046,5,frank_complex,frank,1,14921,59.67,57.37,14124,94.66,14563,97.6,96.13,1.1061,1.0352,1.0707,3.5327,3.3064,3.4196
MW046,6,frank_play,frank,1,14923,59.68,57.53,14185,95.05,14579,97.69,96.37,1.1061,1.0352,1.0707,3.5327,3.3064,3.4196
MW046,7,sesameus_1,sesame,2,14924,59.68,57.27,14084,94.37,14551,97.5,95.94,0.8395,0.752,0.7957,2.6814,2.402,2.5417
MW046,8,sesameindia_2,sesame,2,14921,59.67,56.84,13928,93.34,14493,97.13,95.24,0.8395,0.752,0.7957,2.6814,2.402,2.5417
MW046,9,sesameus_2,sesame,2,14917,59.66,56.93,13862,92.93,14601,97.88,95.4,0.8395,0.752,0.7957,2.6814,2.402,2.5417
MW046,10,sesameindia_1,sesame,2,14924,59.69,55.18,13376,89.63,14214,95.24,92.44,0.8395,0.752,0.7957,2.6814,2.402,2.5417
MW046,11,pixar_birds,pixar,3,37421,149.67,146.26,36200,96.74,36929,98.69,97.71,0.9032,0.6671,0.7852,2.8848,2.1308,2.5078
MW047,0,slow_animals,slow,0,14924,59.68,58.86,14697,98.48,14732,98.71,98.6,0.8964,1.0142,0.9553,2.8631,3.2394,3.0513
MW047,1,slow_people,slow,0,14923,59.68,59.24,14797,99.16,14822,99.32,99.24,0.8964,1.0142,0.9553,2.8631,3.2394,3.0513
MW047,2,slow_hands,slow,0,14922,59.68,58.93,14716,98.62,14747,98.83,98.72,0.8964,1.0142,0.9553,2.8631,3.2394,3.0513
MW047,3,slow_inanimate,slow,0,14921,59.67,58.55,14617,97.96,14660,98.25,98.11,0.8964,1.0142,0.9553,2.8631,3.2394,3.0513
MW047,4,sesameindia_2,sesame,1,14916,59.65,59.38,14848,99.54,14840,99.49,99.52,1.1469,0.8943,1.0206,3.6631,2.8563,3.2597
MW047,5,sesameus_2,sesame,1,14919,59.66,59.13,14769,98.99,14797,99.18,99.09,1.1469,0.8943,1.0206,3.6631,2.8563,3.2597
MW047,6,sesameindia_1,sesame,1,14924,59.68,58.88,14713,98.59,14728,98.69,98.64,1.1469,0.8943,1.0206,3.6631,2.8563,3.2597
MW047,7,sesameus_1,sesame,1,14920,59.67,59.34,14821,99.34,14851,99.54,99.44,1.1469,0.8943,1.0206,3.6631,2.8563,3.2597
MW047,8,frank_objects,frank,2,14921,59.67,58.86,14707,98.57,14723,98.67,98.62,1.4039,1.1581,1.281,4.484,3.699,4.0915
MW047,9,frank_play,frank,2,14920,59.67,59.49,14878,99.72,14866,99.64,99.68,1.4039,1.1581,1.281,4.484,3.699,4.0915
MW047,10,frank_complex,frank,2,14919,59.66,59.3,14819,99.33,14833,99.42,99.38,1.4039,1.1581,1.281,4.484,3.699,4.0915
MW047,11,pixar_birds,pixar,3,37423,149.68,148.06,37016,98.91,37015,98.91,98.91,1.0483,1.1185,1.0834,3.3483,3.5726,3.4604
MW048,0,sesameus_1,sesame,0,14919,59.66,59.36,14833,99.42,14849,99.53,99.48,1.085,1.159,1.122,3.4654,3.7019,3.5837
MW048,1,sesameindia_1,sesame,0,14925,59.69,59.15,14762,98.91,14815,99.26,99.09,1.085,1.159,1.122,3.4654,3.7019,3.5837
MW048,2,sesameus_2,sesame,0,14918,59.66,58.72,14667,98.32,14693,98.49,98.4,1.085,1.159,1.122,3.4654,3.7019,3.5837
MW048,3,sesameindia_2,sesame,0,14919,59.66,58.14,14513,97.28,14555,97.56,97.42,1.085,1.159,1.122,3.4654,3.7019,3.5837
MW048,4,slow_hands,slow,1,14916,59.65,57.79,14419,96.67,14476,97.05,96.86,0.4974,0.6426,0.57,1.5887,2.0524,1.8205
MW048,5,slow_inanimate,slow,1,14925,59.69,57.25,14274,95.64,14351,96.15,95.9,0.4974,0.6426,0.57,1.5887,2.0524,1.8205
MW048,6,slow_animals,slow,1,14917,59.66,56.95,14215,95.29,14259,95.59,95.44,0.4974,0.6426,0.57,1.5887,2.0524,1.8205
MW048,7,slow_people,slow,1,14919,59.66,56.8,14182,95.06,14219,95.31,95.18,0.4974,0.6426,0.57,1.5887,2.0524,1.8205
MW048,8,frank_objects,frank,2,14917,59.66,56.4,14077,94.37,14122,94.67,94.52,0.6427,0.7972,0.72,2.0528,2.5461,2.2995
MW048,9,frank_complex,frank,2,14918,59.66,57.73,14422,96.68,14444,96.82,96.75,0.6427,0.7972,0.72,2.0528,2.5461,2.2995
MW048,10,frank_play,frank,2,14922,59.68,55.32,13808,92.53,13853,92.84,92.69,0.6427,0.7972,0.72,2.0528,2.5461,2.2995
MW048,11,pixar_birds,pixar,3,37417,149.66,147.22,36780,98.3,36828,98.43,98.36,0.6847,1.0136,0.8492,2.187,3.2375,2.7123
MW049,0,frank_objects,frank,0,14923,59.68,58.01,14567,97.61,14440,96.76,97.19,1.2165,1.0905,1.1535,3.8854,3.4829,3.6841
MW049,1,frank_play,frank,0,14921,59.67,57.55,14449,96.84,14326,96.01,96.42,1.2165,1.0905,1.1535,3.8854,3.4829,3.6841
MW049,2,frank_complex,frank,0,14924,59.68,57.42,14394,96.45,14314,95.91,96.18,1.2165,1.0905,1.1535,3.8854,3.4829,3.6841
MW049,3,sesameus_1,sesame,1,14919,59.66,57.59,14435,96.76,14358,96.24,96.5,1.6938,1.19,1.4419,5.4098,3.801,4.6054
MW049,4,sesameindia_1,sesame,1,14920,59.67,58.52,14673,98.34,14588,97.77,98.06,1.6938,1.19,1.4419,5.4098,3.801,4.6054
MW049,5,sesameus_2,sesame,1,14918,59.66,58.18,14565,97.63,14523,97.35,97.49,1.6938,1.19,1.4419,5.4098,3.801,4.6054
MW049,6,sesameindia_2,sesame,1,14919,59.66,57.36,14345,96.15,14333,96.07,96.11,1.6938,1.19,1.4419,5.4098,3.801,4.6054
MW049,7,slow_animals,slow,2,14924,59.68,58.17,14559,97.55,14527,97.34,97.45,1.6232,1.5216,1.5724,5.1846,4.86,5.0223
MW049,8,slow_hands,slow,2,14918,59.66,58.21,14593,97.82,14514,97.29,97.56,1.6232,1.5216,1.5724,5.1846,4.86,5.0223
MW049,9,slow_people,slow,2,14919,59.67,59.0,14766,98.97,14732,98.75,98.86,1.6232,1.5216,1.5724,5.1846,4.86,5.0223
MW049,10,slow_inanimate,slow,2,14919,59.67,58.89,14751,98.87,14695,98.5,98.69,1.6232,1.5216,1.5724,5.1846,4.86,5.0223
MW049,11,pixar_birds,pixar,3,37418,149.66,144.71,36640,97.92,35717,95.45,96.69,1.4183,1.2266,1.3224,4.53,3.9177,4.2239
MW050,0,sesameindia_2,sesame,0,14922,59.68,58.85,14771,98.99,14652,98.19,98.59,3.8968,5.6348,4.7658,11.7557,16.9991,14.3774
MW050,1,sesameus_1,sesame,0,14920,59.67,58.81,14695,98.49,14709,98.59,98.54,3.8968,5.6348,4.7658,11.7557,16.9991,14.3774
MW050,2,sesameindia_1,sesame,0,14922,59.68,57.59,14467,96.95,14329,96.03,96.49,3.8968,5.6348,4.7658,11.7557,16.9991,14.3774
MW050,3,sesameus_2,sesame,0,14920,59.67,56.14,14073,94.32,13996,93.81,94.07,3.8968,5.6348,4.7658,11.7557,16.9991,14.3774
MW050,4,frank_objects,frank,1,14923,59.68,57.86,14434,96.72,14496,97.14,96.93,3.7542,5.3211,4.5377,11.3256,16.0525,13.689
MW050,5,frank_complex,frank,1,14921,59.67,57.85,14424,96.67,14500,97.18,96.92,3.7542,5.3211,4.5377,11.3256,16.0525,13.689
MW050,6,frank_play,frank,1,14922,59.67,58.39,14589,97.77,14606,97.88,97.83,3.7542,5.3211,4.5377,11.3256,16.0525,13.689
MW050,7,slow_inanimate,slow,2,14918,59.66,56.15,14076,94.36,14000,93.85,94.1,3.8624,5.346,4.6042,11.652,16.1278,13.8899
MW050,8,slow_animals,slow,2,14920,59.67,57.3,14330,96.05,14318,95.97,96.01,3.8624,5.346,4.6042,11.652,16.1278,13.8899
MW050,9,slow_people,slow,2,14919,59.67,57.24,14339,96.11,14283,95.74,95.92,3.8624,5.346,4.6042,11.652,16.1278,13.8899
MW050,10,slow_hands,slow,2,14918,59.66,58.02,14485,97.1,14525,97.37,97.23,3.8624,5.346,4.6042,11.652,16.1278,13.8899
MW050,11,pixar_birds,pixar,3,37419,149.66,140.98,35128,93.88,35363,94.51,94.19,3.4809,5.3548,4.4178,10.5011,16.1544,13.3277
MW051,0,slow_hands,slow,0,14924,59.68,54.91,13658,91.52,13797,92.45,91.98,0.8953,1.1113,1.0033,2.701,3.3525,3.0267
MW051,1,slow_animals,slow,0,14917,59.65,56.26,14058,94.24,14071,94.33,94.29,0.8953,1.1113,1.0033,2.701,3.3525,3.0267
MW051,2,slow_inanimate,slow,0,14917,59.66,56.27,14016,93.96,14120,94.66,94.31,0.8953,1.1113,1.0033,2.701,3.3525,3.0267
MW051,3,slow_people,slow,0,14924,59.68,56.28,14031,94.02,14107,94.53,94.27,0.8953,1.1113,1.0033,2.701,3.3525,3.0267
MW051,4,sesameus_2,sesame,1,14921,59.67,56.38,14026,94.0,14165,94.93,94.47,1.164,1.2724,1.2182,3.5114,3.8385,3.6749
MW051,5,sesameindia_1,sesame,1,14922,59.68,55.6,13843,92.77,13959,93.55,93.16,1.164,1.2724,1.2182,3.5114,3.8385,3.6749
MW051,6,sesameus_1,sesame,1,14924,59.69,56.8,14160,94.88,14238,95.4,95.14,1.164,1.2724,1.2182,3.5114,3.8385,3.6749
MW051,7,sesameindia_2,sesame,1,14917,59.66,56.82,14174,95.02,14236,95.43,95.23,1.164,1.2724,1.2182,3.5114,3.8385,3.6749
MW051,8,frank_play,frank,2,14921,59.67,54.47,13586,91.05,13648,91.47,91.26,0.8516,1.4189,1.1353,2.569,4.2806,3.4248
MW051,9,frank_objects,frank,2,14924,59.68,54.18,13551,90.8,13540,90.73,90.76,0.8516,1.4189,1.1353,2.569,4.2806,3.4248
MW051,10,frank_complex,frank,2,14916,59.65,55.79,13935,93.42,13962,93.6,93.51,0.8516,1.4189,1.1353,2.569,4.2806,3.4248
MW051,11,pixar_birds,pixar,3,37423,149.68,140.18,35030,93.61,35058,93.68,93.64,1.4766,1.0613,1.2689,4.4545,3.2018,3.8281
HMET004,0,slow_people,slow,0,14924,59.68,15.97,5953,39.89,2033,13.62,26.76,0.8399,0.9911,0.9155,2.5344,2.9908,2.7626
HMET004,1,slow_inanimate,slow,0,14924,59.68,11.07,3926,26.31,1610,10.79,18.55,0.8399,0.9911,0.9155,2.5344,2.9908,2.7626
HMET004,2,slow_hands,slow,0,14917,59.66,17.03,6043,40.51,2474,16.59,28.55,0.8399,0.9911,0.9155,2.5344,2.9908,2.7626
HMET004,3,slow_animals,slow,0,14924,59.68,13.79,5087,34.09,1807,12.11,23.1,0.8399,0.9911,0.9155,2.5344,2.9908,2.7626
HMET004,4,sesameus_2,sesame,1,14922,59.68,2.6,1036,6.94,262,1.76,4.35,1.7975,0.9991,1.3983,5.4243,3.0151,4.2197
HMET004,5,sesameindia_1,sesame,1,14921,59.67,12.57,5496,36.83,788,5.28,21.06,1.7975,0.9991,1.3983,5.4243,3.0151,4.2197
HMET004,6,sesameus_1,sesame,1,14918,59.66,28.43,8457,56.69,5756,38.58,47.64,1.7975,0.9991,1.3983,5.4243,3.0151,4.2197
HMET004,7,sesameindia_2,sesame,1,852,3.39,3.18,829,97.3,761,89.32,93.31,1.7975,0.9991,1.3983,5.4243,3.0151,4.2197
HMET004,8,frank_objects,frank,2,14922,59.68,14.01,4877,32.68,2130,14.27,23.48,14.0345,13.9116,13.9731,42.3519,41.981,42.1664
HMET004,9,frank_complex,frank,2,5990,23.94,0.12,62,1.04,0,0.0,0.52,14.0345,13.9116,13.9731,42.3519,41.981,42.1664
HMET005,0,slow_hands,slow,0,14922,59.67,31.55,7011,46.98,8762,58.72,52.85,9.898,9.6817,9.7898,29.8692,29.2165,29.5429
HMET005,1,slow_inanimate,slow,0,10899,43.58,15.51,4040,37.07,3713,34.07,35.57,9.898,9.6817,9.7898,29.8692,29.2165,29.5429
HMET005,2,slow_animals,slow,0,14916,59.65,20.14,5711,38.29,4359,29.22,33.76,9.898,9.6817,9.7898,29.8692,29.2165,29.5429
HMET005,3,slow_people,slow,0,14922,59.67,32.57,7862,52.69,8421,56.43,54.56,9.898,9.6817,9.7898,29.8692,29.2165,29.5429
HMET005,4,sesameus_1,sesame,1,14924,59.68,31.28,8215,55.05,7427,49.77,52.41,1.8602,0.7532,1.3067,5.6135,2.2728,3.9432
HMET005,5,sesameindia_1,sesame,1,14920,59.67,48.52,12060,80.83,12199,81.76,81.3,1.8602,0.7532,1.3067,5.6135,2.2728,3.9432
HMET005,6,sesameus_2,sesame,1,14921,59.67,28.19,6211,41.63,7886,52.85,47.24,1.8602,0.7532,1.3067,5.6135,2.2728,3.9432
HMET005,7,sesameindia_2,sesame,1,14925,59.69,42.48,10180,68.21,11058,74.09,71.15,1.8602,0.7532,1.3067,5.6135,2.2728,3.9432
HMET005,8,frank_complex,frank,2,14924,59.68,34.75,7048,47.23,10327,69.2,58.21,12.5079,12.899,12.7035,37.7451,38.9254,38.3353
HMET005,9,frank_play,frank,2,14918,59.66,50.51,12113,81.2,13143,88.1,84.65,12.5079,12.899,12.7035,37.7451,38.9254,38.3353
HMET005,10,frank_objects,frank,2,8485,33.93,21.95,5522,65.08,5454,64.28,64.68,12.5079,12.899,12.7035,37.7451,38.9254,38.3353
HMET007,0,sesameus_1,sesame,0,14917,59.66,0.98,112,0.75,380,2.55,1.65,2.2521,1.8797,2.0659,6.794,5.6706,6.2323
HMET007,1,sesameindia_1,sesame,0,14921,59.67,9.52,603,4.04,4158,27.87,15.95,2.2521,1.8797,2.0659,6.794,5.6706,6.2323
HMET007,2,sesameus_2,sesame,0,14922,59.67,1.78,212,1.42,678,4.54,2.98,2.2521,1.8797,2.0659,6.794,5.6706,6.2323
HMET007,3,sesameindia_2,sesame,0,14917,59.66,5.25,353,2.37,2274,15.24,8.81,2.2521,1.8797,2.0659,6.794,5.6706,6.2323
HMET007,4,frank_play,frank,1,14919,59.66,9.05,892,5.98,3634,24.36,15.17,,,,,,
HMET007,5,frank_complex,frank,1,14919,59.67,5.04,498,3.34,2024,13.57,8.45,,,,,,
HMET007,6,frank_objects,frank,1,11804,47.2,22.96,5123,43.4,6357,53.85,48.63,,,,,,
MWK004,0,sesameindia_1,sesame,0,14919,59.66,37.04,9554,64.04,8964,60.08,62.06,2.0783,1.5313,1.8048,6.2699,4.6195,5.4447
MWK004,1,sesameus_1,sesame,0,5387,21.54,0.0,0,0.0,0,0.0,0.0,2.0783,1.5313,1.8048,6.2699,4.6195,5.4447
MWK004,2,sesameus_2,sesame,0,5385,21.53,0.0,0,0.0,0,0.0,0.0,2.0783,1.5313,1.8048,6.2699,4.6195,5.4447
MWK004,3,sesameindia_2,sesame,0,5371,21.47,0.0,0,0.0,0,0.0,0.0,2.0783,1.5313,1.8048,6.2699,4.6195,5.4447
MWK004,4,slow_hands,slow,1,14921,59.67,52.2,13055,87.49,13047,87.44,87.47,1.6025,1.8267,1.7146,4.8343,5.5108,5.1725
MWK004,5,slow_inanimate,slow,1,14921,59.67,47.4,11829,79.28,11872,79.57,79.42,1.6025,1.8267,1.7146,4.8343,5.5108,5.1725
MWK004,6,slow_people,slow,1,14918,59.66,55.79,13951,93.52,13946,93.48,93.5,1.6025,1.8267,1.7146,4.8343,5.5108,5.1725
MWK004,7,slow_animals,slow,1,14920,59.67,53.13,13299,89.14,13265,88.91,89.02,1.6025,1.8267,1.7146,4.8343,5.5108,5.1725
MWK004,8,frank_objects,frank,2,14916,59.65,55.96,14015,93.96,13966,93.63,93.8,1.5396,1.5413,1.5404,4.6447,4.6497,4.6472
MWK004,9,frank_complex,frank,2,14920,59.67,57.11,14294,95.8,14259,95.57,95.69,1.5396,1.5413,1.5404,4.6447,4.6497,4.6472
MWK004,10,frank_play,frank,2,14919,59.66,57.67,14394,96.48,14440,96.79,96.64,1.5396,1.5413,1.5404,4.6447,4.6497,4.6472
MWK004,11,pixar_birds,pixar,3,37420,149.67,145.17,36322,97.07,36264,96.91,96.99,0.6655,0.6457,0.6556,2.0077,1.9478,1.9777
MWK005,0,frank_complex,frank,0,14919,59.66,17.16,4998,33.5,3583,24.02,28.76,0.3143,0.7546,0.5345,0.9481,2.2763,1.6122
MWK005,1,frank_objects,frank,0,14924,59.68,45.94,11683,78.28,11285,75.62,76.95,0.3143,0.7546,0.5345,0.9481,2.2763,1.6122
MWK005,2,frank_play,frank,0,14924,59.68,29.68,8959,60.03,5879,39.39,49.71,0.3143,0.7546,0.5345,0.9481,2.2763,1.6122
MWK005,3,sesameindia_2,sesame,1,14918,59.66,21.34,7141,47.87,3528,23.65,35.76,0.4922,1.6314,1.0618,1.4848,4.9215,3.2031
MWK005,4,sesameindia_1,sesame,1,14918,59.66,15.82,5597,37.52,2314,15.51,26.51,0.4922,1.6314,1.0618,1.4848,4.9215,3.2031
MWK005,5,sesameus_2,sesame,1,14919,59.66,1.47,586,3.93,147,0.99,2.46,0.4922,1.6314,1.0618,1.4848,4.9215,3.2031
MWK005,6,sesameus_1,sesame,1,14920,59.67,1.05,333,2.23,194,1.3,1.77,0.4922,1.6314,1.0618,1.4848,4.9215,3.2031
MWK005,7,slow_hands,slow,2,14921,59.67,7.91,2818,18.89,1139,7.63,13.26,32.6588,30.3218,31.4903,98.5246,91.4744,94.9995
MWK005,8,slow_animals,slow,2,5515,22.05,0.25,94,1.7,33,0.6,1.15,32.6588,30.3218,31.4903,98.5246,91.4744,94.9995
MWK005,9,slow_people,slow,2,14923,59.68,6.5,2897,19.41,353,2.37,10.89,32.6588,30.3218,31.4903,98.5246,91.4744,94.9995
MWK005,10,slow_inanimate,slow,2,14924,59.68,27.36,8084,54.17,5594,37.48,45.83,32.6588,30.3218,31.4903,98.5246,91.4744,94.9995
MWK005,11,pixar_birds,pixar,3,37419,149.66,64.14,18435,49.27,13636,36.44,42.85,0.7134,2.0208,1.3671,2.1522,6.0963,4.1242
MWK006,0,frank_objects,frank,0,14923,59.68,55.58,13860,92.88,13928,93.33,93.1,1.7954,1.4366,1.616,5.4163,4.334,4.8751
MWK006,1,frank_play,frank,0,14920,59.67,53.35,13269,88.93,13408,89.87,89.4,1.7954,1.4366,1.616,5.4163,4.334,4.8751
MWK006,2,frank_complex,frank,0,14921,59.67,57.74,14394,96.47,14477,97.02,96.75,1.7954,1.4366,1.616,5.4163,4.334,4.8751
MWK006,3,sesameindia_2,sesame,1,14924,59.69,57.86,14416,96.6,14514,97.25,96.92,5.69,6.3361,6.013,17.1656,19.1147,18.1401
MWK006,4,sesameindia_1,sesame,1,14919,59.67,57.56,14390,96.45,14388,96.44,96.45,5.69,6.3361,6.013,17.1656,19.1147,18.1401
MWK006,5,sesameus_1,sesame,1,14918,59.66,58.19,14469,96.99,14626,98.04,97.52,5.69,6.3361,6.013,17.1656,19.1147,18.1401
MWK006,6,sesameus_2,sesame,1,14923,59.68,58.47,14541,97.44,14696,98.48,97.96,5.69,6.3361,6.013,17.1656,19.1147,18.1401
MWK006,7,slow_inanimate,slow,2,14918,59.66,54.73,13611,91.24,13755,92.2,91.72,7.7102,7.6749,7.6926,23.2599,23.1535,23.2067
MWK006,8,slow_animals,slow,2,14922,59.68,54.96,13678,91.66,13804,92.51,92.09,7.7102,7.6749,7.6926,23.2599,23.1535,23.2067
MWK006,9,slow_hands,slow,2,14916,59.65,43.08,9801,65.71,11739,78.7,72.2,7.7102,7.6749,7.6926,23.2599,23.1535,23.2067
MWK006,10,slow_people,slow,2,14923,59.68,54.92,13511,90.54,13947,93.46,92.0,7.7102,7.6749,7.6926,23.2599,23.1535,23.2067
MWK006,11,pixar_birds,pixar,3,37418,149.66,142.91,35470,94.79,35985,96.17,95.48,4.7614,4.5002,4.6308,14.3643,13.5762,13.9703
MWK01,0,slow_hands,slow,0,14917,59.65,31.75,8041,53.9,7833,52.51,53.21,1.2228,0.9452,1.084,3.6891,2.8515,3.2703
MWK01,1,slow_people,slow,0,14924,59.68,54.5,13538,90.71,13713,91.89,91.3,1.2228,0.9452,1.084,3.6891,2.8515,3.2703
MWK01,2,slow_inanimate,slow,0,14920,59.67,46.83,11665,78.18,11752,78.77,78.48,1.2228,0.9452,1.084,3.6891,2.8515,3.2703
MWK01,3,slow_animals,slow,0,14917,59.65,33.01,6919,46.38,9588,64.28,55.33,1.2228,0.9452,1.084,3.6891,2.8515,3.2703
MWK01,4,frank_complex,frank,1,14920,59.67,48.19,12041,80.7,12055,80.8,80.75,1.4536,1.4189,1.4363,4.3851,4.2804,4.3328
MWK01,5,frank_objects,frank,1,14921,59.67,50.47,12141,81.37,13093,87.75,84.56,1.4536,1.4189,1.4363,4.3851,4.2804,4.3328
MWK01,6,frank_play,frank,1,14922,59.68,46.69,11773,78.9,11573,77.56,78.23,1.4536,1.4189,1.4363,4.3851,4.2804,4.3328
MWK01,7,sesameindia_2,sesame,2,14917,59.65,44.1,10844,72.7,11206,75.12,73.91,5.2262,5.2642,5.2452,15.7663,15.8808,15.8236
MWK01,8,sesameus_1,sesame,2,14923,59.68,57.73,14488,97.09,14376,96.33,96.71,5.2262,5.2642,5.2452,15.7663,15.8808,15.8236
MWK01,9,sesameindia_1,sesame,2,14920,59.67,57.6,14399,96.51,14400,96.51,96.51,5.2262,5.2642,5.2452,15.7663,15.8808,15.8236
MWK01,10,sesameus_2,sesame,2,14919,59.67,26.18,6196,41.53,6893,46.2,43.87,5.2262,5.2642,5.2452,15.7663,15.8808,15.8236
MWK01,11,pixar_birds,pixar,3,5344,21.36,0.0,0,0.0,0,0.0,0.0,,,,,,
MWK02,0,frank_complex,frank,0,14920,59.67,55.95,13988,93.75,13989,93.76,93.76,0.5778,0.7004,0.6391,1.7432,2.1129,1.928
MWK02,1,frank_objects,frank,0,14920,59.67,56.23,14049,94.16,14065,94.27,94.22,0.5778,0.7004,0.6391,1.7432,2.1129,1.928
MWK02,2,frank_play,frank,0,14916,59.65,56.3,14073,94.35,14075,94.36,94.36,0.5778,0.7004,0.6391,1.7432,2.1129,1.928
MWK02,3,sesameus_1,sesame,1,14921,59.67,55.51,13929,93.35,13825,92.65,93.0,1.4313,1.1783,1.3048,4.3178,3.5548,3.9363
MWK02,4,sesameindia_2,sesame,1,14921,59.67,57.98,14440,96.78,14552,97.53,97.15,1.4313,1.1783,1.3048,4.3178,3.5548,3.9363
MWK02,5,sesameindia_1,sesame,1,14916,59.65,57.91,14466,96.98,14490,97.14,97.06,1.4313,1.1783,1.3048,4.3178,3.5548,3.9363
MWK02,6,sesameus_2,sesame,1,14919,59.67,55.94,14024,94.0,13947,93.48,93.74,1.4313,1.1783,1.3048,4.3178,3.5548,3.9363
MWK02,7,slow_people,slow,2,14923,59.68,57.38,14302,95.84,14386,96.4,96.12,1.1405,0.71,0.9253,3.4407,2.1419,2.7913
MWK02,8,slow_inanimate,slow,2,14924,59.69,55.66,13944,93.43,13888,93.06,93.25,1.1405,0.71,0.9253,3.4407,2.1419,2.7913
MWK02,9,slow_animals,slow,2,14923,59.68,48.12,12121,81.22,11938,80.0,80.61,1.1405,0.71,0.9253,3.4407,2.1419,2.7913
MWK02,10,slow_hands,slow,2,14919,59.66,41.44,12553,84.14,8167,54.74,69.44,1.1405,0.71,0.9253,3.4407,2.1419,2.7913
MWK02,11,pixar_birds,pixar,3,37420,149.67,148.97,37280,99.63,37205,99.43,99.53,1.1611,1.0006,1.0808,3.5028,3.0186,3.2607
MWK03,0,sesameus_1,sesame,0,14917,59.66,52.28,13703,91.86,12435,83.36,87.61,3.2244,3.3863,3.3053,9.7273,10.2158,9.9716
MWK03,1,sesameindia_2,sesame,0,14919,59.66,50.85,12844,86.09,12579,84.32,85.2,3.2244,3.3863,3.3053,9.7273,10.2158,9.9716
MWK03,2,sesameus_2,sesame,0,14919,59.67,41.21,12890,86.4,7716,51.72,69.06,3.2244,3.3863,3.3053,9.7273,10.2158,9.9716
MWK03,3,sesameindia_1,sesame,0,14922,59.68,48.16,11316,75.83,12765,85.54,80.69,3.2244,3.3863,3.3053,9.7273,10.2158,9.9716
MWK03,4,frank_play,frank,1,14916,59.65,51.6,13140,88.09,12660,84.88,86.48,2.0001,2.7323,2.3662,6.034,8.2429,7.1385
MWK03,5,frank_objects,frank,1,14918,59.66,52.57,13174,88.31,13112,87.89,88.1,2.0001,2.7323,2.3662,6.034,8.2429,7.1385
MWK03,6,frank_complex,frank,1,14924,59.68,54.91,13710,91.87,13743,92.09,91.98,2.0001,2.7323,2.3662,6.034,8.2429,7.1385
MWK03,7,slow_animals,slow,2,14919,59.67,53.38,13498,90.48,13192,88.42,89.45,2.271,2.0228,2.1469,6.8512,6.1024,6.4768
MWK03,8,slow_hands,slow,2,14923,59.68,53.23,13299,89.12,13314,89.22,89.17,2.271,2.0228,2.1469,6.8512,6.1024,6.4768
MWK03,9,slow_people,slow,2,14920,59.67,52.17,13357,89.52,12727,85.3,87.41,2.271,2.0228,2.1469,6.8512,6.1024,6.4768
MWK03,10,slow_inanimate,slow,2,14921,59.67,46.1,11931,79.96,11117,74.51,77.23,2.271,2.0228,2.1469,6.8512,6.1024,6.4768
MWK03,11,pixar_birds,pixar,3,37418,149.66,140.05,34983,93.49,35041,93.65,93.57,1.1291,1.5347,1.3319,3.4063,4.6298,4.0181
HMET009,0,frank_play,frank,0,14918,59.66,51.22,13671,91.64,11939,80.03,85.84,2.646,2.0191,2.3325,7.9824,6.0912,7.0368
HMET009,1,frank_objects,frank,0,14920,59.67,56.89,14548,97.51,13895,93.13,95.32,2.646,2.0191,2.3325,7.9824,6.0912,7.0368
HMET009,2,frank_complex,frank,0,14923,59.68,51.5,12725,85.27,13024,87.27,86.27,2.646,2.0191,2.3325,7.9824,6.0912,7.0368
HMET009,3,slow_inanimate,slow,1,14921,59.67,49.63,13428,89.99,11386,76.31,83.15,0.761,0.8165,0.7888,2.2958,2.4631,2.3794
HMET009,4,slow_animals,slow,1,14921,59.67,49.19,12246,82.07,12349,82.76,82.42,0.761,0.8165,0.7888,2.2958,2.4631,2.3794
HMET009,5,slow_people,slow,1,14920,59.67,47.57,13491,90.42,10295,69.0,79.71,0.761,0.8165,0.7888,2.2958,2.4631,2.3794
HMET009,6,slow_hands,slow,1,14921,59.67,48.92,13219,88.59,11240,75.33,81.96,0.761,0.8165,0.7888,2.2958,2.4631,2.3794
HMET009,7,sesameus_2,sesame,2,14921,59.67,48.82,13210,88.53,11202,75.08,81.8,0.9781,1.0071,0.9926,2.9508,3.0383,2.9946
HMET009,8,sesameindia_2,sesame,2,14918,59.66,50.49,12373,82.94,12874,86.3,84.62,0.9781,1.0071,0.9926,2.9508,3.0383,2.9946
HMET010,0,sesameindia_1,sesame,0,14921,59.67,13.25,2432,16.3,4191,28.09,22.19,0.7756,1.7527,1.2641,2.3398,5.2875,3.8136
HMET010,1,sesameindia_2,sesame,0,14921,59.67,28.7,7351,49.27,7000,46.91,48.09,0.7756,1.7527,1.2641,2.3398,5.2875,3.8136
HMET010,2,sesameus_2,sesame,0,14922,59.68,32.51,7209,48.31,9044,60.61,54.46,0.7756,1.7527,1.2641,2.3398,5.2875,3.8136
HMET010,3,sesameus_1,sesame,0,14922,59.68,12.74,2329,15.61,4040,27.07,21.34,0.7756,1.7527,1.2641,2.3398,5.2875,3.8136
HMET010,4,frank_complex,frank,1,14917,59.66,28.88,5566,37.31,8873,59.48,48.4,0.953,1.0353,0.9942,2.8751,3.1234,2.9992
HMET010,5,frank_play,frank,1,14919,59.66,41.18,9428,63.19,11164,74.83,69.01,0.953,1.0353,0.9942,2.8751,3.1234,2.9992
HMET011,0,slow_animals,slow,0,14918,59.66,48.56,11042,74.02,13238,88.74,81.38,4.1756,4.6758,4.4257,12.5969,14.1058,13.3514
HMET011,1,slow_hands,slow,0,14917,59.66,40.91,9427,63.2,11030,73.94,68.57,4.1756,4.6758,4.4257,12.5969,14.1058,13.3514
HMET011,2,slow_inanimate,slow,0,14924,59.68,31.51,7070,47.37,8687,58.21,52.79,4.1756,4.6758,4.4257,12.5969,14.1058,13.3514
HMET011,3,slow_people,slow,0,14924,59.68,21.84,4822,32.31,6096,40.85,36.58,4.1756,4.6758,4.4257,12.5969,14.1058,13.3514
HMET011,4,sesameindia_2,sesame,1,14923,59.68,42.17,10424,69.85,10661,71.44,70.65,2.2026,1.5715,1.887,6.6448,4.741,5.6929
HMET011,5,sesameus_1,sesame,1,27,0.09,0.07,10,37.04,23,85.19,61.11,2.2026,1.5715,1.887,6.6448,4.741,5.6929
HMET013,0,frank_play,frank,0,14923,59.68,0.84,371,2.49,49,0.33,1.41,,,,,,
HMET013,1,frank_objects,frank,0,7622,30.48,0.27,136,1.78,1,0.01,0.9,,,,,,
HMET013,2,frank_complex,frank,0,14917,59.66,0.34,167,1.12,5,0.03,0.58,,,,,,
HMET013,3,slow_inanimate,slow,1,14923,59.68,9.62,3878,25.99,933,6.25,16.12,,,,,,
HMET013,4,slow_hands,slow,1,14917,59.66,5.41,2622,17.58,83,0.56,9.07,,,,,,
HMET013,5,slow_people,slow,1,14918,59.66,7.64,3711,24.88,109,0.73,12.8,,,,,,
HMET013,6,slow_animals,slow,1,14379,59.67,9.26,4606,32.03,23,0.16,16.1,,,,,,
HMET013,7,sesameus_2,sesame,2,3734,16.59,0.0,1,0.03,0,0.0,0.01,,,,,,
HMET013,8,sesameus_1,sesame,2,7720,30.87,0.0,1,0.01,1,0.01,0.01,,,,,,
HMET013,9,sesameindia_1,sesame,2,5433,21.72,0.0,0,0.0,0,0.0,0.0,,,,,,
MWK007,0,frank_play,frank,0,14917,59.66,54.28,13617,91.29,13521,90.64,90.96,13.2037,13.1604,13.1821,39.8327,39.7023,39.7675
MWK007,1,frank_objects,frank,0,14918,59.66,58.28,14568,97.65,14573,97.69,97.67,13.2037,13.1604,13.1821,39.8327,39.7023,39.7675
MWK007,2,frank_complex,frank,0,14920,59.67,52.82,13220,88.61,13188,88.39,88.5,13.2037,13.1604,13.1821,39.8327,39.7023,39.7675
MWK007,3,slow_people,slow,1,14925,59.69,55.97,13983,93.69,14004,93.83,93.76,1.0852,1.0316,1.0584,3.2739,3.112,3.1929
MWK007,4,slow_hands,slow,1,14918,59.66,51.42,12875,86.31,12834,86.03,86.17,1.0852,1.0316,1.0584,3.2739,3.112,3.1929
MWK007,5,slow_animals,slow,1,14916,59.65,49.14,12188,81.71,12382,83.01,82.36,1.0852,1.0316,1.0584,3.2739,3.112,3.1929
MWK007,6,slow_inanimate,slow,1,14917,59.66,47.98,12192,81.73,11798,79.09,80.41,1.0852,1.0316,1.0584,3.2739,3.112,3.1929
MWK007,7,sesameus_1,sesame,2,14919,59.66,50.2,11824,79.25,13276,88.99,84.12,1.6095,0.9891,1.2993,4.8556,2.9838,3.9197
MWK007,8,sesameindia_2,sesame,2,14919,59.67,49.95,13113,87.89,11861,79.5,83.7,1.6095,0.9891,1.2993,4.8556,2.9838,3.9197
MWK007,9,sesameus_2,sesame,2,14918,59.66,53.54,13572,90.98,13199,88.48,89.73,1.6095,0.9891,1.2993,4.8556,2.9838,3.9197
MWK007,10,sesameindia_1,sesame,2,14916,59.65,55.91,14103,94.55,13851,92.86,93.7,1.6095,0.9891,1.2993,4.8556,2.9838,3.9197
MWK007,11,pixar_birds,pixar,3,37420,149.67,140.27,34989,93.5,35148,93.93,93.72,0.7035,0.6954,0.6995,2.1223,2.0979,2.1101
MWK008,0,frank_play,frank,0,14918,59.66,55.85,14316,95.96,13611,91.24,93.6,2.6392,2.1751,2.4072,7.9644,6.5638,7.2641
MWK008,1,frank_objects,frank,0,14917,59.66,48.5,12738,85.39,11510,77.16,81.28,2.6392,2.1751,2.4072,7.9644,6.5638,7.2641
MWK008,2,frank_complex,frank,0,14916,59.65,58.01,14578,97.73,14428,96.73,97.23,2.6392,2.1751,2.4072,7.9644,6.5638,7.2641
MWK008,3,slow_hands,slow,1,14920,59.67,57.13,14095,94.47,14469,96.98,95.72,1.0238,0.5994,0.8116,3.0897,1.8088,2.4493
MWK008,4,slow_inanimate,slow,1,14918,59.66,51.79,13828,92.69,12068,80.9,86.79,1.0238,0.5994,0.8116,3.0897,1.8088,2.4493
MWK008,5,slow_people,slow,1,14917,59.66,24.19,6298,42.22,5799,38.88,40.55,1.0238,0.5994,0.8116,3.0897,1.8088,2.4493
MWK008,6,slow_animals,slow,1,14916,59.65,39.18,7972,53.45,11616,77.88,65.66,1.0238,0.5994,0.8116,3.0897,1.8088,2.4493
MWK008,7,sesameindia_1,sesame,2,14918,59.66,57.92,14501,97.2,14458,96.92,97.06,1.2337,1.4519,1.3428,3.723,4.3815,4.0522
MWK008,8,sesameus_1,sesame,2,14923,59.68,46.35,10712,71.78,12462,83.51,77.65,1.2337,1.4519,1.3428,3.723,4.3815,4.0522
MWK008,9,sesameindia_2,sesame,2,14919,59.66,49.34,12824,85.96,11846,79.4,82.68,1.2337,1.4519,1.3428,3.723,4.3815,4.0522
MWK008,10,sesameus_2,sesame,2,14923,59.68,32.82,5611,37.6,10797,72.35,54.98,1.2337,1.4519,1.3428,3.723,4.3815,4.0522
MWK008,11,pixar_birds,pixar,3,37422,149.67,80.96,25091,67.05,15387,41.12,54.08,2.0232,1.1469,1.5851,6.1056,3.4611,4.7834
MWK009,0,frank_complex,frank,0,14921,59.67,57.64,14545,97.48,14274,95.66,96.57,0.3716,0.5596,0.4656,1.1214,1.6888,1.4051
MWK009,1,frank_objects,frank,0,14924,59.68,57.38,14492,97.11,14200,95.15,96.13,0.3716,0.5596,0.4656,1.1214,1.6888,1.4051
MWK009,2,frank_play,frank,0,14919,59.66,56.35,14198,95.17,13977,93.69,94.43,0.3716,0.5596,0.4656,1.1214,1.6888,1.4051
MWK009,3,sesameindia_2,sesame,1,14920,59.67,29.43,6840,45.84,7877,52.79,49.32,0.4952,0.8455,0.6704,1.4943,2.5516,2.0229
MWK009,4,sesameindia_1,sesame,1,14924,59.68,57.38,14310,95.89,14379,96.35,96.12,0.4952,0.8455,0.6704,1.4943,2.5516,2.0229
MWK009,5,sesameus_1,sesame,1,14918,59.66,58.54,14635,98.1,14636,98.11,98.11,0.4952,0.8455,0.6704,1.4943,2.5516,2.0229
MWK009,6,sesameus_2,sesame,1,14923,59.68,54.5,13617,91.25,13635,91.37,91.31,0.4952,0.8455,0.6704,1.4943,2.5516,2.0229
MWK009,7,slow_inanimate,slow,2,14917,59.65,52.53,12985,87.05,13282,89.04,88.04,0.8844,0.8606,0.8725,2.6689,2.5971,2.633
MWK009,8,slow_people,slow,2,14916,59.65,47.87,12556,84.18,11380,76.29,80.24,0.8844,0.8606,0.8725,2.6689,2.5971,2.633
MWK009,9,slow_animals,slow,2,14918,59.66,51.72,13023,87.3,12836,86.04,86.67,0.8844,0.8606,0.8725,2.6689,2.5971,2.633
MWK009,10,slow_hands,slow,2,14920,59.67,55.72,14120,94.64,13741,92.1,93.37,0.8844,0.8606,0.8725,2.6689,2.5971,2.633
MWK009,11,pixar_birds,pixar,3,37420,149.67,132.9,35266,94.24,31183,83.33,88.79,0.3788,0.6121,0.4955,1.1431,1.847,1.495
MWK010,0,slow_hands,slow,0,14918,59.66,56.21,14041,94.12,14064,94.28,94.2,14.0551,14.5202,14.2876,42.4141,43.8177,43.1159
MWK010,1,slow_inanimate,slow,0,14917,59.65,45.0,11185,74.98,11315,75.85,75.42,14.0551,14.5202,14.2876,42.4141,43.8177,43.1159
MWK010,2,slow_people,slow,0,14922,59.67,54.98,13683,91.7,13805,92.51,92.11,14.0551,14.5202,14.2876,42.4141,43.8177,43.1159
MWK010,3,slow_animals,slow,0,14916,59.65,48.61,12098,81.11,12205,81.82,81.47,14.0551,14.5202,14.2876,42.4141,43.8177,43.1159
MWK010,4,frank_play,frank,1,14917,59.66,53.94,13457,90.21,13514,90.59,90.4,0.8222,0.8602,0.8412,2.4813,2.5959,2.5386
MWK010,5,frank_objects,frank,1,14918,59.66,54.85,13701,91.84,13723,91.99,91.92,0.8222,0.8602,0.8412,2.4813,2.5959,2.5386
MWK010,6,frank_complex,frank,1,14921,59.67,55.56,13884,93.05,13894,93.12,93.08,0.8222,0.8602,0.8412,2.4813,2.5959,2.5386
MWK010,7,sesameus_1,sesame,2,14918,59.66,54.82,13714,91.93,13694,91.8,91.86,9.8277,9.3799,9.6038,29.6572,28.3059,28.9815
MWK010,8,sesameindia_2,sesame,2,14919,59.67,55.98,13917,93.28,14073,94.33,93.81,9.8277,9.3799,9.6038,29.6572,28.3059,28.9815
MWK010,9,sesameindia_1,sesame,2,14918,59.66,55.19,13770,92.3,13825,92.67,92.49,9.8277,9.3799,9.6038,29.6572,28.3059,28.9815
MWK010,10,sesameus_2,sesame,2,14923,59.68,56.35,14088,94.4,14086,94.39,94.4,9.8277,9.3799,9.6038,29.6572,28.3059,28.9815
MWK010,11,pixar_birds,pixar,3,37417,149.66,139.62,34376,91.87,35434,94.7,93.29,7.7359,8.7041,8.22,23.3447,26.2664,24.8056
HMET014,0,sesameindia_1,sesame,0,14925,59.69,55.36,13762,92.21,13920,93.27,92.74,1.299,1.9087,1.6038,3.92,5.7598,4.8399
HMET014,1,sesameindia_2,sesame,0,14921,59.67,40.49,10146,68.0,10098,67.68,67.84,1.299,1.9087,1.6038,3.92,5.7598,4.8399
HMET014,2,sesameus_2,sesame,0,14916,59.65,47.51,12294,82.42,11462,76.84,79.63,1.299,1.9087,1.6038,3.92,5.7598,4.8399
HMET014,3,sesameus_1,sesame,0,14917,59.65,37.73,10126,67.88,8739,58.58,63.23,1.299,1.9087,1.6038,3.92,5.7598,4.8399
HMET014,4,frank_objects,frank,1,14916,59.65,32.1,8905,59.7,7146,47.91,53.8,1.5338,0.6181,1.0759,4.6285,1.8652,3.2468
HMET015,0,sesameus_1,sesame,0,14923,59.68,50.24,13841,92.75,11279,75.58,84.17,2.3717,2.9325,2.6521,7.1572,8.8494,8.0033
HMET015,1,sesameindia_1,sesame,0,14788,60.81,55.12,14559,98.45,13000,87.91,93.18,2.3717,2.9325,2.6521,7.1572,8.8494,8.0033
HMET015,2,sesameus_2,sesame,0,14919,59.67,49.98,13434,90.05,11556,77.46,83.75,2.3717,2.9325,2.6521,7.1572,8.8494,8.0033
HMET015,3,sesameindia_2,sesame,0,14926,59.69,52.64,13948,93.45,12370,82.88,88.16,2.3717,2.9325,2.6521,7.1572,8.8494,8.0033
HMET015,4,frank_objects,frank,1,14920,59.67,41.0,10533,70.6,9967,66.8,68.7,,,,,,
HMET015,5,frank_play,frank,1,14918,59.66,53.09,13448,90.15,13097,87.79,88.97,,,,,,
HMET015,6,frank_complex,frank,1,14921,59.67,44.05,10302,69.04,11722,78.56,73.8,,,,,,
HMET015,7,slow_inanimate,slow,2,14918,59.66,48.97,13199,88.48,11287,75.66,82.07,,,,,,
HMET015,8,slow_hands,slow,2,14916,59.65,51.88,13455,90.21,12485,83.7,86.95,,,,,,
HMET015,9,slow_people,slow,2,14916,59.65,49.94,13634,91.41,11335,75.99,83.7,,,,,,
HMET015,10,slow_animals,slow,2,14918,59.66,25.33,7571,50.75,5094,34.15,42.45,,,,,,
HMET015,11,pixar_birds,pixar,3,37419,149.67,83.28,20795,55.57,20846,55.71,55.64,2.9682,2.7885,2.8784,8.9571,8.4149,8.686
HMET016,0,sesameus_1,sesame,0,14918,59.66,17.2,5716,38.32,2884,19.33,28.82,0.746,0.7238,0.7349,2.2512,2.1843,2.2177
HMET016,1,sesameindia_2,sesame,0,14919,59.67,8.56,1777,11.91,2501,16.76,14.34,0.746,0.7238,0.7349,2.2512,2.1843,2.2177
HMET016,2,sesameindia_1,sesame,0,14925,59.69,3.8,1786,11.97,113,0.76,6.36,0.746,0.7238,0.7349,2.2512,2.1843,2.2177
HMET016,3,sesameus_2,sesame,0,14923,59.68,20.72,6864,46.0,3498,23.44,34.72,0.746,0.7238,0.7349,2.2512,2.1843,2.2177
HMET016,4,frank_objects,frank,1,14923,59.68,40.63,12375,82.93,7942,53.22,68.07,14.5262,14.0985,14.3123,43.8359,42.545,43.1904
HMET016,5,frank_play,frank,1,14916,59.65,21.07,8081,54.18,2454,16.45,35.31,14.5262,14.0985,14.3123,43.8359,42.545,43.1904
HMET016,6,frank_complex,frank,1,14921,59.67,8.6,3642,24.41,659,4.42,14.41,14.5262,14.0985,14.3123,43.8359,42.545,43.1904
HMET016,7,slow_animals,slow,2,14918,59.66,27.89,8248,55.29,5696,38.18,46.74,,,,,,
HMET016,8,slow_inanimate,slow,2,14916,59.65,18.39,4910,32.92,4283,28.71,30.82,,,,,,
HMET016,9,slow_hands,slow,2,14920,59.66,24.18,5722,38.35,6367,42.67,40.51,,,,,,
HMET016,10,slow_people,slow,2,5406,21.61,0.0,0,0.0,0,0.0,0.0,,,,,,
HMET016,11,pixar_birds,pixar,3,28535,114.13,71.07,15104,52.93,20432,71.6,62.27,4.1897,3.0621,3.6259,12.6432,9.2406,10.9419
MWK011,0,slow_hands,slow,0,14921,59.67,43.69,11250,75.4,10597,71.02,73.21,0.9231,0.9608,0.942,2.7857,2.8995,2.8426
MWK011,1,slow_people,slow,0,14925,59.69,35.43,6420,43.02,11294,75.67,59.34,0.9231,0.9608,0.942,2.7857,2.8995,2.8426
MWK011,2,slow_inanimate,slow,0,14920,59.67,12.56,2715,18.2,3564,23.89,21.04,0.9231,0.9608,0.942,2.7857,2.8995,2.8426
MWK011,3,slow_animals,slow,0,14921,59.65,36.42,9652,64.69,8558,57.36,61.02,0.9231,0.9608,0.942,2.7857,2.8995,2.8426
MWK011,4,frank_complex,frank,1,14916,59.65,34.62,8833,59.22,8475,56.82,58.02,1.6823,1.2858,1.484,5.0768,3.8802,4.4785
MWK011,5,frank_objects,frank,1,14918,59.66,34.31,8762,58.73,8395,56.27,57.5,1.6823,1.2858,1.484,5.0768,3.8802,4.4785
MWK011,6,frank_play,frank,1,14920,59.67,53.53,13466,90.25,13300,89.14,89.7,1.6823,1.2858,1.484,5.0768,3.8802,4.4785
MWK011,7,sesameus_2,sesame,2,14919,59.66,52.77,13132,88.02,13253,88.83,88.43,2.1651,1.8376,2.0013,6.5335,5.5454,6.0395
MWK011,8,sesameindia_2,sesame,2,14923,59.68,44.61,12792,85.72,9514,63.75,74.74,2.1651,1.8376,2.0013,6.5335,5.5454,6.0395
MWK011,9,sesameindia_1,sesame,2,14923,59.68,29.92,8703,58.32,6258,41.94,50.13,2.1651,1.8376,2.0013,6.5335,5.5454,6.0395
MWK011,10,sesameus_1,sesame,2,14923,59.68,50.53,12986,87.02,12280,82.29,84.65,2.1651,1.8376,2.0013,6.5335,5.5454,6.0395
MWK011,11,pixar_birds,pixar,3,37422,149.67,138.69,34652,92.6,34691,92.7,92.65,21.9957,21.9538,21.9748,66.3765,66.2499,66.3132
MWK012,0,sesameindia_2,sesame,0,14922,59.67,58.38,14690,98.45,14499,97.17,97.81,0.8263,0.9465,0.8864,2.4936,2.8561,2.6749
MWK012,1,sesameus_1,sesame,0,14923,59.68,58.45,14638,98.09,14589,97.76,97.93,0.8263,0.9465,0.8864,2.4936,2.8561,2.6749
MWK012,2,sesameindia_1,sesame,0,14917,59.66,57.88,14477,97.05,14464,96.96,97.01,0.8263,0.9465,0.8864,2.4936,2.8561,2.6749
MWK012,3,sesameus_2,sesame,0,14921,59.67,59.14,14788,99.11,14783,99.08,99.09,0.8263,0.9465,0.8864,2.4936,2.8561,2.6749
MWK012,4,slow_hands,slow,1,14921,59.67,58.7,14663,98.27,14685,98.42,98.34,0.9955,0.9533,0.9744,3.004,2.8769,2.9405
MWK012,5,slow_animals,slow,1,14924,59.68,58.35,14545,97.46,14628,98.02,97.74,0.9955,0.9533,0.9744,3.004,2.8769,2.9405
MWK012,6,slow_inanimate,slow,1,14918,59.66,59.31,14817,99.32,14836,99.45,99.39,0.9955,0.9533,0.9744,3.004,2.8769,2.9405
MWK012,7,slow_people,slow,1,14923,59.68,59.06,14751,98.85,14778,99.03,98.94,0.9955,0.9533,0.9744,3.004,2.8769,2.9405
MWK012,8,frank_complex,frank,2,14916,59.65,57.1,14222,95.35,14327,96.05,95.7,1.0436,1.8882,1.4659,3.1494,5.6981,4.4238
MWK012,9,frank_objects,frank,2,14922,59.67,59.46,14862,99.6,14870,99.65,99.62,1.0436,1.8882,1.4659,3.1494,5.6981,4.4238
MWK012,10,frank_play,frank,2,14921,59.67,58.75,14686,98.43,14689,98.45,98.44,1.0436,1.8882,1.4659,3.1494,5.6981,4.4238
MWK012,11,pixar_birds,pixar,3,37418,149.66,148.16,36872,98.54,37206,99.43,98.99,0.8317,1.9447,1.3882,2.5099,5.8684,4.1891
MWK013,0,frank_play,frank,0,14922,59.67,57.71,14365,96.27,14491,97.11,96.69,0.6882,0.8406,0.7644,2.0768,2.5367,2.3068
MWK013,1,frank_complex,frank,0,14922,59.68,56.85,14202,95.17,14224,95.32,95.25,0.6882,0.8406,0.7644,2.0768,2.5367,2.3068
MWK013,2,frank_objects,frank,0,14917,59.66,57.71,14419,96.66,14434,96.76,96.71,0.6882,0.8406,0.7644,2.0768,2.5367,2.3068
MWK013,3,slow_people,slow,1,14922,59.67,54.73,13590,91.07,13775,92.31,91.69,0.5504,0.8193,0.6848,1.661,2.4724,2.0667
MWK013,4,slow_hands,slow,1,14919,59.67,56.05,13968,93.63,14056,94.22,93.92,0.5504,0.8193,0.6848,1.661,2.4724,2.0667
MWK013,5,slow_animals,slow,1,14919,59.67,52.13,13018,87.26,13046,87.45,87.35,0.5504,0.8193,0.6848,1.661,2.4724,2.0667
MWK013,6,slow_inanimate,slow,1,14918,59.66,51.13,12652,84.81,12913,86.56,85.69,0.5504,0.8193,0.6848,1.661,2.4724,2.0667
MWK013,7,sesameus_1,sesame,2,14921,59.67,51.06,12472,83.59,13058,87.51,85.55,0.6039,0.8236,0.7137,1.8223,2.4853,2.1538
MWK013,8,sesameus_2,sesame,2,14916,59.65,47.27,11372,76.24,12262,82.21,79.22,0.6039,0.8236,0.7137,1.8223,2.4853,2.1538
MWK013,9,sesameindia_1,sesame,2,14920,59.67,56.9,14176,95.01,14273,95.66,95.34,0.6039,0.8236,0.7137,1.8223,2.4853,2.1538
MWK013,10,sesameindia_2,sesame,2,14920,59.66,55.77,13829,92.69,14056,94.21,93.45,0.6039,0.8236,0.7137,1.8223,2.4853,2.1538
MWK013,11,pixar_birds,pixar,3,37424,149.68,137.27,33174,88.64,35460,94.75,91.7,5.636,5.6084,5.6222,17.0078,16.9244,16.9661
MWK014,0,sesameindia_1,sesame,0,14922,59.68,55.36,13860,92.88,13819,92.61,92.75,3.7008,3.2692,3.485,11.1679,9.8655,10.5167
MWK014,1,sesameus_1,sesame,0,14917,59.66,55.3,13848,92.83,13804,92.54,92.69,3.7008,3.2692,3.485,11.1679,9.8655,10.5167
MWK014,2,sesameus_2,sesame,0,14924,59.68,44.55,12825,85.94,9450,63.32,74.63,3.7008,3.2692,3.485,11.1679,9.8655,10.5167
MWK014,3,sesameindia_2,sesame,0,14918,59.66,48.63,12123,81.26,12190,81.71,81.49,3.7008,3.2692,3.485,11.1679,9.8655,10.5167
MWK014,4,frank_objects,frank,1,14923,59.68,50.94,12838,86.03,12634,84.66,85.34,1.3222,1.2982,1.3102,3.9901,3.9176,3.9539
MWK014,5,frank_play,frank,1,14923,59.68,55.16,13833,92.7,13749,92.13,92.41,1.3222,1.2982,1.3102,3.9901,3.9176,3.9539
MWK014,6,frank_complex,frank,1,14920,59.67,45.03,11299,75.73,11218,75.19,75.46,1.3222,1.2982,1.3102,3.9901,3.9176,3.9539
MWK014,7,slow_people,slow,2,14919,59.67,52.94,13213,88.56,13258,88.87,88.72,0.5106,0.5915,0.5511,1.541,1.7851,1.663
MWK014,8,slow_animals,slow,2,14917,59.66,44.49,11344,76.05,10899,73.06,74.56,0.5106,0.5915,0.5511,1.541,1.7851,1.663
MWK014,9,slow_hands,slow,2,7283,49.41,22.69,6134,84.22,5210,71.54,77.88,0.5106,0.5915,0.5511,1.541,1.7851,1.663
MWK014,10,slow_inanimate,slow,2,554,2.2,2.1,527,95.13,522,94.22,94.68,0.5106,0.5915,0.5511,1.541,1.7851,1.663
MWK014,11,pixar_birds,pixar,3,37418,149.66,140.82,35406,94.62,35003,93.55,94.08,0.7449,0.8851,0.815,2.2479,2.671,2.4594
MWK015,0,slow_hands,slow,0,14916,59.65,31.95,8141,54.58,7834,52.52,53.55,6.5354,6.1542,6.3448,19.7217,18.5715,19.1466
MWK015,1,slow_people,slow,0,14917,59.66,3.06,670,4.49,858,5.75,5.12,6.5354,6.1542,6.3448,19.7217,18.5715,19.1466
MWK015,2,slow_animals,slow,0,14919,59.67,4.83,1822,12.21,593,3.97,8.09,6.5354,6.1542,6.3448,19.7217,18.5715,19.1466
MWK015,3,slow_inanimate,slow,0,14922,59.67,25.86,9643,64.62,3288,22.03,43.33,6.5354,6.1542,6.3448,19.7217,18.5715,19.1466
MWK015,4,sesameindia_2,sesame,1,14917,59.66,32.3,7366,49.38,8782,58.87,54.13,12.1386,18.6181,15.3783,36.6306,56.1838,46.4072
MWK015,5,sesameus_1,sesame,1,14921,59.67,30.99,12281,82.31,3213,21.53,51.92,12.1386,18.6181,15.3783,36.6306,56.1838,46.4072
MWK015,6,sesameus_2,sesame,1,14917,59.66,32.33,12835,86.04,3329,22.32,54.18,12.1386,18.6181,15.3783,36.6306,56.1838,46.4072
MWK015,7,sesameindia_1,sesame,1,14922,59.68,39.35,14022,93.97,5654,37.89,65.93,12.1386,18.6181,15.3783,36.6306,56.1838,46.4072
MWK015,8,frank_play,frank,2,14916,59.65,57.28,14505,97.24,14133,94.75,96.0,4.7493,4.7466,4.7479,14.332,14.3239,14.328
MWK015,9,frank_objects,frank,2,14923,59.68,59.58,14891,99.79,14898,99.83,99.81,4.7493,4.7466,4.7479,14.332,14.3239,14.328
MWK015,10,frank_complex,frank,2,14920,59.67,47.29,12012,80.51,11635,77.98,79.25,4.7493,4.7466,4.7479,14.332,14.3239,14.328
MWK015,11,pixar_birds,pixar,3,37424,149.69,107.46,31766,84.88,21966,58.69,71.79,1.3536,1.3525,1.3531,4.0849,4.0813,4.0831
MWK016,0,frank_objects,frank,0,14917,59.65,58.08,14588,97.79,14451,96.88,97.34,4.6647,4.5165,4.5906,14.0768,13.6295,13.8531
MWK016,1,frank_complex,frank,0,14922,59.68,57.28,14272,95.64,14368,96.29,95.97,4.6647,4.5165,4.5906,14.0768,13.6295,13.8531
MWK016,2,frank_play,frank,0,14920,59.67,58.32,14591,97.79,14567,97.63,97.71,4.6647,4.5165,4.5906,14.0768,13.6295,13.8531
MWK016,3,sesameindia_1,sesame,1,14918,59.66,58.29,14578,97.72,14567,97.65,97.68,1.5603,1.4155,1.4879,4.7086,4.2714,4.49
MWK016,4,sesameus_1,sesame,1,14919,59.66,47.12,10000,67.03,13561,90.9,78.96,1.5603,1.4155,1.4879,4.7086,4.2714,4.49
MWK016,5,sesameus_2,sesame,1,14919,59.66,54.88,13068,87.59,14374,96.35,91.97,1.5603,1.4155,1.4879,4.7086,4.2714,4.49
MWK016,6,sesameindia_2,sesame,1,14921,59.67,57.52,14300,95.84,14458,96.9,96.37,1.5603,1.4155,1.4879,4.7086,4.2714,4.49
MWK016,7,slow_animals,slow,2,14918,59.66,55.86,14047,94.16,13881,93.05,93.61,6.1708,5.99,6.0804,18.6215,18.0762,18.3488
MWK016,8,slow_inanimate,slow,2,14916,59.65,51.45,12770,85.61,12955,86.85,86.23,6.1708,5.99,6.0804,18.6215,18.0762,18.3488
MWK016,9,slow_hands,slow,2,14922,59.68,54.11,13574,90.97,13482,90.35,90.66,6.1708,5.99,6.0804,18.6215,18.0762,18.3488
MWK016,10,slow_people,slow,2,14920,59.67,51.47,12510,83.85,13224,88.63,86.24,6.1708,5.99,6.0804,18.6215,18.0762,18.3488
MWK016,11,pixar_birds,pixar,3,37421,149.67,141.41,35049,93.66,35656,95.28,94.47,1.8395,2.1561,1.9978,5.5509,6.5065,6.0287
MWK017,0,frank_complex,frank,0,14919,59.67,58.16,14396,96.49,14685,98.43,97.46,1.0133,0.7909,0.9021,3.0579,2.3867,2.7223
MWK017,1,frank_play,frank,0,14918,59.66,56.07,13726,92.01,14309,95.92,93.96,1.0133,0.7909,0.9021,3.0579,2.3867,2.7223
MWK017,2,frank_objects,frank,0,14924,59.68,58.49,14634,98.06,14613,97.92,97.99,1.0133,0.7909,0.9021,3.0579,2.3867,2.7223
MWK017,3,sesameus_1,sesame,1,14924,59.69,57.8,14332,96.03,14570,97.63,96.83,0.8454,0.9515,0.8984,2.551,2.8713,2.7111
MWK017,4,sesameindia_1,sesame,1,14921,59.67,58.45,14571,97.65,14654,98.21,97.93,0.8454,0.9515,0.8984,2.551,2.8713,2.7111
MWK017,5,sesameindia_2,sesame,1,14917,59.66,54.05,13605,91.2,13419,89.96,90.58,0.8454,0.9515,0.8984,2.551,2.8713,2.7111
MWK017,6,sesameus_2,sesame,1,14917,59.67,47.31,11757,78.82,11900,79.77,79.3,0.8454,0.9515,0.8984,2.551,2.8713,2.7111
MWK017,7,slow_hands,slow,2,14919,59.66,59.11,14795,99.17,14761,98.94,99.05,0.7409,0.7679,0.7544,2.2359,2.3174,2.2767
MWK017,8,slow_people,slow,2,14922,59.68,59.2,14801,99.19,14797,99.16,99.18,0.7409,0.7679,0.7544,2.2359,2.3174,2.2767
MWK017,9,slow_animals,slow,2,14923,59.68,48.79,11982,80.29,12411,83.17,81.73,0.7409,0.7679,0.7544,2.2359,2.3174,2.2767
MWK017,10,slow_inanimate,slow,2,14917,59.66,52.95,12938,86.73,13538,90.76,88.74,0.7409,0.7679,0.7544,2.2359,2.3174,2.2767
MWK017,11,pixar_birds,pixar,3,37419,149.66,148.55,37124,99.21,37150,99.28,99.25,0.8702,0.67,0.7701,2.626,2.0218,2.3239
MWK018,0,sesameus_2,sesame,0,14917,59.65,43.41,10681,71.6,11024,73.9,72.75,12.2972,12.4231,12.3602,35.7547,36.1207,35.9377
MWK018,1,sesameus_1,sesame,0,14924,59.68,42.73,9421,63.13,11943,80.03,71.58,12.2972,12.4231,12.3602,35.7547,36.1207,35.9377
MWK018,2,sesameindia_2,sesame,0,14916,59.66,56.64,13951,93.53,14367,96.32,94.92,12.2972,12.4231,12.3602,35.7547,36.1207,35.9377
MWK018,3,sesameindia_1,sesame,0,14921,59.67,51.7,13038,87.38,12810,85.85,86.62,12.2972,12.4231,12.3602,35.7547,36.1207,35.9377
MWK018,4,frank_complex,frank,1,14918,59.66,54.45,13914,93.27,13309,89.21,91.24,7.4608,7.7504,7.6056,21.6928,22.5345,22.1136
MWK018,5,frank_play,frank,1,14917,59.65,54.76,13786,92.42,13593,91.12,91.77,7.4608,7.7504,7.6056,21.6928,22.5345,22.1136
MWK018,6,frank_objects,frank,1,14924,59.68,47.15,11521,77.2,12056,80.78,78.99,7.4608,7.7504,7.6056,21.6928,22.5345,22.1136
MWK018,7,slow_inanimate,slow,2,14923,59.68,56.01,14096,94.46,13911,93.22,93.84,6.4718,6.3598,6.4158,18.8172,18.4915,18.6544
MWK018,8,slow_animals,slow,2,14919,59.66,52.08,12988,87.06,13050,87.47,87.26,6.4718,6.3598,6.4158,18.8172,18.4915,18.6544
MWK018,9,slow_people,slow,2,14923,59.68,48.92,11799,79.07,12659,84.83,81.95,6.4718,6.3598,6.4158,18.8172,18.4915,18.6544
MWK018,10,slow_hands,slow,2,14916,59.65,25.28,6054,40.59,6584,44.14,42.36,6.4718,6.3598,6.4158,18.8172,18.4915,18.6544
MWK018,11,pixar_birds,pixar,3,37417,149.66,119.91,30126,80.51,29827,79.72,80.11,9.0394,8.7284,8.8839,26.2825,25.3782,25.8303
