system_time_stamp,time,left_x,left_y,left_valid,left_pupil,left_pupil_valid,right_x,right_y,right_valid,right_pupil,right_pupil_valid,gaze_x,gaze_y,pupil_size,events
438016758022,-725.0,1004.5387,430.319,1,3.1941,1,868.5435,322.0388,1,3.1119,1,936.5411,376.1789,3.153,
438016762022,-721.0,1000.0974,436.1986,1,3.1767,1,894.49,333.0018,1,3.0967,1,947.2937,384.6002,3.1367,
438016766022,-717.0,1012.783,448.9398,1,3.1752,1,890.3362,338.1088,1,3.071,1,951.5596,393.5243,3.1231,
438016770021,-713.0,1009.7225,445.258,1,3.1935,1,898.7452,329.4013,1,3.1125,1,954.2338,387.3296,3.153,
438016774019,-709.0,1011.519,435.6311,1,3.1846,1,899.5176,317.1893,1,3.1213,1,955.5183,376.4102,3.1529,
438016778018,-705.0,1006.8565,439.2076,1,3.1687,1,883.4454,327.1423,1,3.0425,1,945.1509,383.175,3.1056,
438016782016,-701.0,987.3154,447.1586,1,3.1666,1,895.0019,341.6694,1,3.0679,1,941.1587,394.414,3.1172,
438016786014,-697.0,1002.6152,458.1608,1,3.1984,1,888.8807,299.5947,1,3.1302,1,945.7479,378.8777,3.1643,
438016790012,-693.0,1005.7711,431.9992,1,3.1845,1,883.304,351.6829,1,3.0715,1,944.5375,391.841,3.128,
438016794011,-689.0,1011.6379,452.1618,1,3.1731,1,897.3378,313.9115,1,3.1028,1,954.4879,383.0366,3.1379,
438016798008,-685.0,1015.5436,457.7057,1,3.1401,1,901.1303,340.8756,1,3.0833,1,958.3369,399.2907,3.1117,
438016802007,-681.0,997.0407,448.6878,1,3.1895,1,897.1703,309.1671,1,3.1135,1,947.1055,378.9275,3.1515,
438016806004,-677.0,1009.361,450.1411,1,3.1784,1,893.1271,326.5132,1,3.0992,1,951.2441,388.3271,3.1388,
438016810002,-673.0,1027.7949,441.1375,1,3.1799,1,894.5388,341.2974,1,3.0586,1,961.1668,391.2174,3.1193,
438016814000,-669.0,1004.1311,438.4028,1,3.1762,1,879.5387,329.5069,1,3.0565,1,941.8349,383.9549,3.1163,
438016817998,-665.0,1015.962,449.6809,1,3.1778,1,899.9874,332.8823,1,3.0855,1,957.9747,391.2816,3.1317,
438016821998,-661.0,1004.6315,440.485,1,3.1591,1,897.7573,335.785,1,3.069,1,951.1944,388.135,3.114,
438016825997,-657.0,,,0,,0,,,0,,0,,,,
438016829997,-653.0,,,0,,0,,,0,,0,,,,
438016833997,-649.0,1025.4002,456.6169,1,3.1219,1,888.8772,321.7913,1,3.1541,1,957.1387,389.2041,3.138,
438016837996,-645.0,1005.2135,418.2095,1,3.2113,1,878.2752,324.3218,1,3.096,1,941.7444,371.2657,3.1537,
438016841996,-641.0,1018.5957,432.388,1,3.1961,1,904.7884,325.3959,1,3.0642,1,961.692,378.892,3.1302,
438016845996,-637.0,1011.1362,447.5538,1,3.1417,1,908.4309,326.3572,1,3.0567,1,959.7836,386.9555,3.0992,
438016849995,-633.0,989.3412,458.4123,1,3.1562,1,896.8072,325.0816,1,3.0947,1,943.0742,391.7469,3.1254,
438016853995,-629.0,1016.9689,449.9428,1,3.1762,1,891.7616,345.1241,1,3.079,1,954.3653,397.5334,3.1276,
438016857994,-625.0,1014.4306,439.7502,1,3.1555,1,893.2645,342.8746,1,3.0821,1,953.8475,391.3124,3.1188,
438016861994,-621.0,1036.8089,431.8026,1,3.1468,1,924.7656,355.7577,1,2.9917,1,980.7872,393.7801,3.0692,
438016865994,-617.0,1056.4422,442.9195,1,3.1727,1,943.2346,333.7518,1,3.0597,1,999.8384,388.3357,3.1162,
438016869993,-613.0,1052.8948,458.7987,1,3.1241,1,947.1494,322.8156,1,3.0799,1,1000.0221,390.8072,3.102,
438016873993,-609.0,1059.634,464.7665,1,3.1877,1,952.5245,337.3265,1,3.0297,1,1006.0793,401.0465,3.1087,
438016877991,-605.0,1049.2383,462.1852,1,3.1336,1,940.5087,332.9176,1,3.0825,1,994.8735,397.5514,3.108,
438016881992,-601.0,1051.9902,471.627,1,3.1247,1,934.6259,339.7351,1,3.0889,1,993.3081,405.6811,3.1068,
438016885992,-597.0,1041.5744,450.4312,1,3.1523,1,923.3116,337.569,1,3.0619,1,982.443,394.0001,3.1071,
438016889991,-593.0,1052.3034,446.8248,1,3.1477,1,925.6001,337.5323,1,3.0599,1,988.9517,392.1785,3.1038,
438016893991,-589.0,1039.3908,447.8406,1,3.1262,1,922.6632,344.9219,1,3.0349,1,981.027,396.3813,3.0806,
438016897991,-585.0,1040.2858,451.2751,1,3.1102,1,929.0386,333.8447,1,3.0475,1,984.6622,392.5599,3.0789,
438016901990,-581.0,1043.749,465.8137,1,3.1123,1,941.3228,344.6654,1,3.0618,1,992.5359,405.2396,3.0871,
438016905990,-577.0,1052.1929,469.9121,1,3.1098,1,909.1519,345.306,1,3.0436,1,980.6724,407.609,3.0767,
438016909989,-573.0,1039.9799,455.8308,1,3.1154,1,935.3184,338.9641,1,3.0383,1,987.6491,397.3974,3.0768,
438016913989,-569.0,1058.8017,440.016,1,3.1326,1,942.2707,349.5956,1,3.0396,1,1000.5362,394.8058,3.0861,
438016917989,-565.0,1037.1775,452.714,1,3.1186,1,935.359,337.5949,1,3.0172,1,986.2682,395.1544,3.0679,
438016921988,-561.0,1048.434,460.2449,1,3.0988,1,935.1228,345.7308,1,3.0185,1,991.7784,402.9878,3.0587,
438016925988,-557.0,1041.9374,466.2235,1,3.1143,1,935.1751,358.3204,1,3.0217,1,988.5562,412.2719,3.068,
438016929988,-553.0,1036.9517,446.6416,1,3.1194,1,933.1279,340.0683,1,3.0212,1,985.0398,393.3549,3.0703,
438016933987,-549.0,1042.4683,453.6693,1,3.128,1,927.8808,344.3029,1,3.0406,1,985.1745,398.9861,3.0843,
438016937987,-545.0,1053.5981,478.2769,1,3.1071,1,914.9197,332.8943,1,3.0719,1,984.2589,405.5856,3.0895,
438016941984,-541.0,1057.1875,455.1202,1,3.1048,1,935.9045,319.6519,1,3.0663,1,996.546,387.3861,3.0855,
438016945984,-537.0,1039.2397,454.1569,1,3.1347,1,935.0571,348.0407,1,3.052,1,987.1484,401.0988,3.0933,
438016949984,-533.0,1056.8644,467.1288,1,3.0956,1,936.9611,332.0269,1,3.0406,1,996.9127,399.5778,3.0681,
438016953983,-529.0,1047.7825,466.9192,1,3.0347,1,937.5535,350.1014,1,3.0477,1,992.668,408.5103,3.0412,
438016957985,-525.0,1046.9748,463.372,1,3.0915,1,945.0829,340.4991,1,3.0047,1,996.0288,401.9356,3.0481,
438016961987,-521.0,1043.8164,444.2197,1,3.109,1,920.773,335.9706,1,3.0328,1,982.2947,390.0952,3.0709,
438016965989,-517.0,1041.7913,463.5593,1,3.1191,1,935.0856,338.2454,1,3.0063,1,988.4384,400.9024,3.0627,
438016969991,-513.0,1037.5416,456.6017,1,3.0938,1,930.7595,344.9377,1,3.0378,1,984.1506,400.7697,3.0658,
438016973993,-509.0,1058.7205,447.933,1,3.1081,1,929.5248,333.4112,1,3.0652,1,994.1226,390.6721,3.0867,
438016977996,-505.0,1046.5512,461.2951,1,3.0872,1,932.3582,345.8911,1,3.0236,1,989.4547,403.5931,3.0554,
438016981998,-501.0,1047.4479,461.7853,1,3.0906,1,919.684,334.5833,1,3.0318,1,983.5659,398.1843,3.0612,
438016986001,-497.0,1074.1295,444.7934,1,3.1006,1,931.1694,347.0607,1,2.9905,1,1002.6494,395.9271,3.0456,
438016990003,-493.0,1055.7724,450.3581,1,3.1289,1,931.8864,358.2561,1,3.0131,1,993.8294,404.3071,3.071,
438016994006,-489.0,1044.6513,446.5377,1,3.1239,1,915.0238,351.1975,1,3.0613,1,979.8375,398.8676,3.0926,
438016998009,-485.0,1048.3292,456.4405,1,3.075,1,917.7234,348.2449,1,3.0254,1,983.0263,402.3427,3.0502,
438017002012,-481.0,1041.8977,445.7775,1,3.106,1,930.8102,344.808,1,2.9928,1,986.3539,395.2927,3.0494,
438017006014,-477.0,1040.102,459.17,1,3.055,1,927.337,340.7634,1,3.0432,1,983.7195,399.9667,3.0491,
438017010014,-473.0,1037.5361,455.0646,1,3.0695,1,928.6874,363.971,1,2.9818,1,983.1118,409.5178,3.0257,
438017014014,-469.0,1043.0048,469.0053,1,3.0724,1,930.1178,341.8902,1,3.0208,1,986.5613,405.4478,3.0466,
438017018014,-465.0,1041.4566,449.9455,1,3.0839,1,939.9063,336.593,1,3.0158,1,990.6815,393.2692,3.0498,
438017022014,-461.0,1056.156,472.4522,1,3.045,1,907.1243,350.4665,1,3.0284,1,981.6401,411.4594,3.0367,
438017026014,-457.0,1048.1025,469.5017,1,3.0381,1,911.619,347.2643,1,3.0036,1,979.8607,408.383,3.0209,
438017030014,-453.0,1064.5635,435.1371,1,3.1089,1,911.6915,330.5137,1,3.013,1,988.1275,382.8254,3.061,
438017034014,-449.0,1057.6748,451.9544,1,3.0813,1,944.3119,344.2595,1,2.9736,1,1000.9933,398.107,3.0275,
438017038014,-445.0,1043.7104,468.0202,1,3.0014,1,926.099,350.0513,1,3.0564,1,984.9047,409.0358,3.0289,
438017042014,-441.0,1062.8545,458.1481,1,3.0719,1,916.0254,328.5951,1,3.022,1,989.44,393.3716,3.047,
438017046014,-437.0,1051.2465,469.1491,1,3.0626,1,899.3195,331.0801,1,3.028,1,975.283,400.1146,3.0453,
438017050014,-433.0,1047.3918,456.7448,1,3.0508,1,890.2994,336.4705,1,3.0476,1,968.8456,396.6076,3.0492,
438017054013,-429.0,1038.4139,463.3393,1,3.0503,1,934.2861,330.9198,1,3.0314,1,986.35,397.1295,3.0408,
438017058013,-425.0,1044.4186,450.2445,1,3.0949,1,927.1998,345.5235,1,2.9967,1,985.8092,397.884,3.0458,
438017062013,-421.0,1049.7732,455.0779,1,3.0603,1,942.4106,347.7091,1,2.9735,1,996.0919,401.3935,3.0169,
438017066013,-417.0,1047.8771,452.4085,1,3.0683,1,914.3064,322.1978,1,3.0728,1,981.0917,387.3031,3.0706,
438017070012,-413.0,1045.8703,476.0646,1,2.9962,1,918.5134,337.2957,1,3.0066,1,982.1918,406.6802,3.0014,
438017074012,-409.0,1052.9061,460.7469,1,3.0307,1,937.2466,343.2778,1,3.0124,1,995.0764,402.0123,3.0216,
438017078012,-405.0,1041.9831,442.0954,1,3.121,1,920.6649,337.0824,1,2.9868,1,981.324,389.5889,3.0539,
438017082012,-401.0,1046.6818,463.2328,1,3.0841,1,914.2338,338.0721,1,3.0115,1,980.4578,400.6525,3.0478,
438017086012,-397.0,1033.6858,468.9304,1,3.045,1,921.3637,339.5889,1,3.0135,1,977.5247,404.2596,3.0292,
438017090012,-393.0,1054.433,452.3638,1,3.0605,1,928.4833,340.9201,1,2.977,1,991.4581,396.642,3.0187,
438017094012,-389.0,1055.9068,458.9097,1,3.0819,1,928.3446,341.4041,1,2.9701,1,992.1257,400.1569,3.026,
438017098012,-385.0,1004.598,448.3782,1,3.0923,1,891.4375,357.7224,1,2.9696,1,948.0177,403.0503,3.0309,
438017102012,-381.0,990.7004,469.646,1,3.0542,1,867.4052,344.5748,1,3.0154,1,929.0528,407.1104,3.0348,
438017106012,-377.0,997.0496,446.4143,1,3.0542,1,862.6635,314.3471,1,3.0235,1,929.8565,380.3807,3.0389,
438017110012,-373.0,1017.4079,461.9224,1,3.0691,1,913.6775,327.5329,1,3.0243,1,965.5427,394.7276,3.0467,
438017114012,-369.0,1017.457,449.9917,1,3.0705,1,892.1576,332.1941,1,3.0144,1,954.8073,391.0929,3.0425,
438017118012,-365.0,1029.7365,451.4381,1,3.0847,1,883.632,326.3924,1,3.0341,1,956.6842,388.9152,3.0594,
438017122012,-361.0,1013.5764,467.1375,1,3.0385,1,904.6474,322.3567,1,3.0554,1,959.1119,394.7471,3.047,
438017126012,-357.0,1026.6961,444.0614,1,3.0984,1,901.2919,342.2455,1,3.0165,1,963.994,393.1534,3.0574,
438017130011,-353.0,1004.5095,455.7529,1,3.0713,1,876.4617,315.1074,1,3.0814,1,940.4856,385.4302,3.0764,
438017134011,-349.0,1013.0252,459.5703,1,3.0748,1,885.0215,336.2033,1,2.9919,1,949.0233,397.8868,3.0333,
438017138011,-345.0,1011.2542,462.6365,1,3.0719,1,903.494,337.8581,1,2.9981,1,957.3741,400.2473,3.035,
438017142011,-341.0,1012.2297,453.8428,1,3.1057,1,885.0042,334.9329,1,2.999,1,948.6169,394.3878,3.0524,
438017146011,-337.0,1001.0093,456.179,1,3.0791,1,881.7163,336.8106,1,3.0464,1,941.3628,396.4948,3.0628,
438017150013,-333.0,1015.5281,433.8893,1,3.1107,1,891.2094,325.5633,1,3.0214,1,953.3687,379.7263,3.0661,
438017154011,-329.0,1010.7251,438.8034,1,3.1373,1,854.8722,343.6471,1,3.0259,1,932.7987,391.2252,3.0816,
438017158010,-325.0,1009.4009,429.1675,1,3.1036,1,874.9289,310.9892,1,3.0319,1,942.1649,370.0783,3.0677,
438017162010,-321.0,1010.9734,467.1038,1,3.0563,1,892.4045,344.3973,1,3.0228,1,951.6889,405.7505,3.0396,
438017166010,-317.0,1014.2261,452.2364,1,3.0608,1,914.9658,303.2645,1,3.0881,1,964.596,377.7504,3.0744,
438017170010,-313.0,1022.5484,462.5351,1,3.0958,1,891.5408,331.5244,1,3.0362,1,957.0446,397.0297,3.066,
438017174010,-309.0,1013.554,466.295,1,3.0474,1,890.2314,335.7629,1,2.9984,1,951.8927,401.0289,3.0229,
438017178012,-305.0,1021.8044,481.3291,1,3.0235,1,883.9808,330.5845,1,2.9997,1,952.8926,405.9568,3.0116,
438017182012,-301.0,1020.6729,450.5241,1,3.0788,1,890.2671,346.7425,1,3.041,1,955.47,398.6333,3.0599,
438017186012,-297.0,1011.2815,453.147,1,3.0765,1,894.6055,339.2841,1,3.0122,1,952.9435,396.2155,3.0444,
438017190012,-293.0,1001.0543,454.1438,1,3.0631,1,892.5409,352.7209,1,3.0068,1,946.7976,403.4323,3.035,
438017194012,-289.0,1011.2094,472.6653,1,3.0634,1,872.8393,344.3946,1,3.0735,1,942.0244,408.5299,3.0685,
438017198010,-285.0,1027.345,469.8379,1,3.0948,1,888.0149,329.7694,1,3.036,1,957.68,399.8036,3.0654,
438017202010,-281.0,1005.2262,456.2864,1,3.1343,1,865.494,339.7221,1,3.0512,1,935.3601,398.0042,3.0928,
438017206014,-277.0,1009.4727,443.6836,1,3.0453,1,899.964,353.2154,1,3.0036,1,954.7184,398.4495,3.0245,
438017210014,-273.0,1031.6223,446.5804,1,3.1015,1,884.1387,340.4913,1,3.0101,1,957.8805,393.5359,3.0558,
438017214014,-269.0,1008.9638,426.0215,1,3.1731,1,875.7563,327.6802,1,3.0427,1,942.36,376.8508,3.1079,
438017218014,-265.0,996.3018,446.6837,1,3.13,1,885.7073,336.9545,1,3.0363,1,941.0046,391.8191,3.0831,
438017222014,-261.0,1001.5529,438.3833,1,3.1722,1,881.4783,320.8799,1,3.0576,1,941.5156,379.6316,3.1149,
438017226014,-257.0,1001.4849,481.5928,1,3.0681,1,897.2201,342.6185,1,3.0337,1,949.3525,412.1056,3.0509,
438017230014,-253.0,1027.6037,470.1422,1,3.0782,1,900.0982,337.5561,1,3.0547,1,963.851,403.8492,3.0665,
438017234014,-249.0,1017.2713,485.12,1,3.0628,1,904.2795,317.5786,1,3.0709,1,960.7754,401.3493,3.0668,
438017238014,-245.0,1019.0659,471.8951,1,3.0565,1,898.4606,338.0034,1,3.0297,1,958.7633,404.9493,3.0431,
438017242014,-241.0,1009.7483,455.737,1,3.127,1,877.6178,338.9916,1,3.0053,1,943.683,397.3643,3.0661,
438017246014,-237.0,1022.7024,451.3085,1,3.1151,1,889.3494,331.8246,1,3.0646,1,956.0259,391.5665,3.0899,
438017250014,-233.0,1022.6316,455.034,1,3.0726,1,889.3192,337.3404,1,3.0385,1,955.9754,396.1872,3.0555,
438017254014,-229.0,1020.1905,457.5617,1,3.0766,1,897.5018,335.8952,1,3.0183,1,958.8461,396.7284,3.0475,
438017258014,-225.0,1009.4758,461.1781,1,3.1001,1,869.6718,334.1532,1,3.0451,1,939.5738,397.6657,3.0726,
438017262014,-221.0,1014.4102,483.1014,1,3.0686,1,898.2899,356.8864,1,2.9964,1,956.3501,419.9939,3.0325,
438017266014,-217.0,1030.5281,455.7203,1,3.076,1,895.2568,360.361,1,2.9891,1,962.8925,408.0406,3.0325,
438017270014,-213.0,1004.6486,449.9311,1,3.1344,1,876.8885,342.3572,1,3.0543,1,940.7685,396.1441,3.0943,
438017274014,-209.0,1014.7925,458.8141,1,3.1299,1,902.5483,338.3211,1,3.0264,1,958.6704,398.5676,3.0782,
438017278014,-205.0,1017.1101,461.7791,1,3.0793,1,864.4402,333.2983,1,3.0776,1,940.7752,397.5387,3.0784,
438017282014,-201.0,1015.8474,499.7129,1,2.9648,1,874.6881,332.6174,1,3.0162,1,945.2677,416.1652,2.9905,
438017286014,-197.0,1040.349,447.8755,1,3.0882,1,889.628,357.2882,1,3.0298,1,964.9885,402.5819,3.059,
438017290014,-193.0,1022.4432,462.9044,1,3.0621,1,893.7873,336.6304,1,3.0582,1,958.1152,399.7674,3.0602,
438017294005,-189.0,1022.3109,472.5735,1,3.0912,1,880.5961,329.2683,1,3.0775,1,951.4535,400.9209,3.0844,
438017298014,-185.0,998.8324,468.8461,1,3.0634,1,883.4768,325.3995,1,3.0469,1,941.1546,397.1228,3.0552,
438017302005,-181.0,1010.9173,487.694,1,3.0686,1,897.809,337.9483,1,3.0696,1,954.3631,412.8211,3.0691,
438017306005,-177.0,1000.8674,466.4276,1,3.1179,1,867.635,338.5949,1,3.0366,1,934.2512,402.5112,3.0773,
438017310006,-173.0,1004.1442,430.9916,1,3.1888,1,886.6623,325.3614,1,3.0726,1,945.4032,378.1765,3.1307,
438017314006,-169.0,1012.6559,475.7191,1,3.1311,1,884.2308,322.9675,1,3.0875,1,948.4434,399.3433,3.1093,
438017318006,-165.0,1019.5481,486.2955,1,3.0607,1,882.4883,327.3046,1,3.0862,1,951.0182,406.8001,3.0735,
438017322006,-161.0,1005.7132,463.9094,1,3.1029,1,896.3434,341.5118,1,3.0242,1,951.0283,402.7106,3.0635,
438017326015,-157.0,1007.6159,466.72,1,3.114,1,875.3273,329.6979,1,3.0872,1,941.4716,398.2089,3.1006,
438017330015,-153.0,998.5305,442.9685,1,3.1284,1,891.6201,354.2877,1,3.0418,1,945.0753,398.6281,3.0851,
438017334016,-149.0,1016.0877,472.4749,1,3.1105,1,883.9148,341.498,1,3.0558,1,950.0013,406.9865,3.0831,
438017338016,-145.0,1025.8801,443.7256,1,3.179,1,888.2506,340.9777,1,3.0928,1,957.0653,392.3516,3.1359,
438017342016,-141.0,1027.4926,464.794,1,3.0422,1,882.4183,326.5637,1,3.036,1,954.9554,395.6789,3.0391,
438017346016,-137.0,1022.3792,457.1321,1,3.1141,1,893.2056,366.4387,1,3.015,1,957.7924,411.7854,3.0646,
438017350016,-133.0,1007.9026,464.0807,1,3.1124,1,901.2597,329.9855,1,3.0712,1,954.5811,397.0331,3.0918,
438017354016,-129.0,1021.6049,458.3179,1,3.1621,1,888.0845,336.5202,1,3.0569,1,954.8447,397.4191,3.1095,
438017358016,-125.0,1034.2522,458.6034,1,3.1228,1,875.1688,336.7572,1,3.1176,1,954.7105,397.6803,3.1202,
438017362016,-121.0,1001.4861,460.8112,1,3.1036,1,866.2212,349.5333,1,3.094,1,933.8536,405.1722,3.0988,
438017366016,-117.0,1010.5075,447.1361,1,3.1557,1,881.2172,336.5097,1,3.0114,1,945.8623,391.8229,3.0835,
438017370016,-113.0,1021.1775,487.481,1,3.0226,1,883.4689,349.2073,1,3.0832,1,952.3232,418.3441,3.0529,
438017374016,-109.0,1021.324,465.5886,1,3.1125,1,888.459,339.7923,1,3.0874,1,954.8915,402.6904,3.0999,
438017378015,-105.0,1016.3345,443.3047,1,3.1506,1,891.403,335.2582,1,3.0392,1,953.8687,389.2814,3.0949,
438017382016,-101.0,1012.481,460.4182,1,3.1022,1,903.4384,345.4598,1,3.0746,1,957.9597,402.939,3.0884,
438017386016,-97.0,1012.0761,476.5106,1,3.1118,1,879.5194,355.3677,1,3.0694,1,945.7977,415.9391,3.0906,
438017390014,-93.0,1028.2779,457.7473,1,3.137,1,917.8571,343.6766,1,3.058,1,973.0675,400.7119,3.0975,
438017394016,-89.0,1054.899,465.9212,1,3.1205,1,933.8634,347.6314,1,3.0486,1,994.3812,406.7763,3.0845,
438017398016,-85.0,1091.6228,471.3311,1,3.113,1,969.3926,344.3497,1,3.0665,1,1030.5077,407.8404,3.0898,
438017402014,-81.0,1102.1951,443.3516,1,3.1465,1,949.2452,323.8296,1,3.0865,1,1025.7202,383.5906,3.1165,
438017406014,-77.0,1059.9758,493.2499,1,3.0569,1,936.4669,358.5042,1,3.0326,1,998.2213,425.8771,3.0447,
438017410014,-73.0,1050.9935,450.0873,1,3.1269,1,919.686,327.0076,1,3.0914,1,985.3397,388.5475,3.1092,
438017414014,-69.0,1047.7113,472.6101,1,3.0387,1,941.2206,340.5029,1,3.083,1,994.466,406.5565,3.0609,
438017418014,-65.0,1063.9256,456.7803,1,3.1352,1,934.4532,340.8865,1,3.0794,1,999.1894,398.8334,3.1073,
438017422014,-61.0,1050.1881,465.7672,1,3.1156,1,934.493,346.7444,1,3.0346,1,992.3405,406.2558,3.0751,
438017426014,-57.0,1057.622,450.6381,1,3.1295,1,952.0026,344.3157,1,3.0701,1,1004.8123,397.4769,3.0998,
438017430014,-53.0,1061.0747,480.1195,1,3.102,1,945.4808,346.239,1,3.025,1,1003.2778,413.1792,3.0635,
438017434014,-49.0,1046.7326,452.7034,1,3.1409,1,961.054,349.7249,1,3.0116,1,1003.8933,401.2141,3.0762,
438017438014,-45.0,1065.8171,457.2037,1,3.0923,1,964.9361,340.6044,1,3.071,1,1015.3766,398.9041,3.0817,
438017442014,-41.0,1050.1295,484.8241,1,3.1118,1,944.4471,341.9834,1,3.0783,1,997.2883,413.4037,3.095,
438017446014,-37.0,1060.9329,458.696,1,3.1248,1,935.9835,326.5238,1,3.0798,1,998.4582,392.6099,3.1023,
438017450014,-33.0,1070.5742,455.9498,1,3.1335,1,946.4513,344.1466,1,3.0896,1,1008.5127,400.0482,3.1116,
438017454014,-29.0,1071.5949,457.071,1,3.1745,1,940.131,337.0452,1,3.1078,1,1005.8629,397.0581,3.1411,
438017458014,-25.0,1057.7728,466.1001,1,3.1559,1,941.5033,330.579,1,3.0639,1,999.638,398.3396,3.1099,
438017462013,-21.0,1064.8735,452.2023,1,3.1151,1,939.2083,335.1467,1,3.047,1,1002.0409,393.6745,3.0811,
438017466010,-17.0,1064.5671,438.2944,1,3.1577,1,935.1374,335.3593,1,3.0303,1,999.8522,386.8269,3.094,
438017470010,-13.0,1061.1448,446.8326,1,3.1443,1,939.2575,334.2327,1,3.0443,1,1000.2011,390.5327,3.0943,
438017474010,-9.0,1052.3359,459.2871,1,3.127,1,950.173,351.1301,1,3.0656,1,1001.2544,405.2086,3.0963,
438017478010,-5.0,1074.6184,470.7813,1,3.1145,1,934.3607,344.8885,1,3.0568,1,1004.4896,407.8349,3.0857,
438017482010,-1.0,1070.7975,460.9557,1,3.1839,1,933.1682,328.8444,1,3.157,1,1001.9829,394.9001,3.1705,
438017483048,0.0,,,0,,0,,,0,,0,,,,Trial_0_Start|Video_Sea.mp4
438017486010,3.0,1065.3225,465.4357,1,3.1435,1,950.372,330.1005,1,3.0936,1,1007.8472,397.7681,3.1186,
438017490010,7.0,1061.1389,455.5214,1,3.1346,1,939.3049,327.1877,1,3.0939,1,1000.2219,391.3546,3.1143,
438017494010,11.0,1057.0869,454.4696,1,3.1368,1,915.6484,330.2868,1,3.1037,1,986.3676,392.3782,3.1203,
438017498010,15.0,1058.8362,456.1049,1,3.1853,1,936.7778,341.4063,1,3.0335,1,997.807,398.7556,3.1094,
438017502009,19.0,1060.3596,465.2917,1,3.1445,1,933.2847,336.0958,1,3.0764,1,996.8222,400.6938,3.1104,
438017506009,23.0,1063.4562,463.4628,1,3.1395,1,915.1488,331.6691,1,3.0938,1,989.3025,397.566,3.1167,
438017510009,27.0,1070.8376,464.3025,1,3.1203,1,942.1983,333.3396,1,3.0937,1,1006.518,398.821,3.107,
438017514009,31.0,1033.7094,466.3492,1,3.1452,1,953.2093,340.6466,1,3.1049,1,993.4594,403.4979,3.1251,
438017518009,35.0,1067.3197,455.1208,1,3.1406,1,944.1466,335.3168,1,3.0853,1,1005.7332,395.2188,3.113,
438017522009,39.0,1046.451,466.6617,1,3.1228,1,918.3861,350.4561,1,3.0981,1,982.4185,408.5589,3.1104,
438017526009,43.0,1058.6676,445.609,1,3.1813,1,936.7109,357.9947,1,3.0234,1,997.6893,401.8019,3.1023,
438017530011,47.0,1056.3691,466.7043,1,3.1503,1,921.3856,342.9629,1,3.1235,1,988.8774,404.8336,3.1369,
438017534016,51.0,1057.9096,464.8628,1,3.1315,1,926.003,332.5568,1,3.0705,1,991.9563,398.7098,3.101,
438017538016,55.0,1075.6535,440.8316,1,3.1663,1,951.9805,355.7346,1,3.0598,1,1013.817,398.2831,3.1131,
438017542016,59.0,1063.5673,467.5472,1,3.096,1,943.3205,322.9186,1,3.0968,1,1003.4439,395.2329,3.0964,
438017546016,63.0,1077.3461,460.3039,1,3.1617,1,939.2464,352.9514,1,3.0591,1,1008.2962,406.6276,3.1104,
438017550016,67.0,1054.0545,453.3802,1,3.1119,1,934.5614,342.4783,1,3.0793,1,994.308,397.9292,3.0956,
438017554015,71.0,1068.3609,467.9007,1,3.1315,1,944.989,348.9261,1,3.0738,1,1006.6749,408.4134,3.1026,
438017558015,75.0,1069.0104,459.5715,1,3.1463,1,930.9012,330.4384,1,3.0873,1,999.9558,395.005,3.1168,
438017562015,79.0,1067.5892,447.7092,1,3.1226,1,935.3453,322.2517,1,3.1297,1,1001.4673,384.9804,3.1262,
438017566015,83.0,1064.7382,460.2812,1,3.1502,1,933.023,343.1064,1,3.0682,1,998.8806,401.6938,3.1092,
438017570015,87.0,1055.9744,475.814,1,3.1062,1,943.3935,329.6299,1,3.1389,1,999.684,402.722,3.1225,
438017574015,91.0,1061.9395,470.4861,1,3.0739,1,923.4662,331.4704,1,3.1078,1,992.7029,400.9782,3.0909,
438017578015,95.0,1044.5359,457.6144,1,3.1413,1,933.9841,325.676,1,3.0787,1,989.26,391.6452,3.11,
438017582015,99.0,1098.5019,474.303,1,3.0911,1,927.2384,335.6826,1,3.0819,1,1012.8702,404.9928,3.0865,
438017586015,103.0,1057.41,458.8655,1,3.1488,1,925.7935,321.4221,1,3.0905,1,991.6018,390.1438,3.1197,
438017590015,107.0,1063.9682,458.6425,1,3.151,1,948.4205,341.7303,1,3.1026,1,1006.1944,400.1864,3.1268,
438017594015,111.0,1077.9029,446.9368,1,3.1682,1,944.5108,344.0317,1,3.0489,1,1011.2068,395.4842,3.1086,
438017598015,115.0,1057.344,457.9352,1,3.1224,1,929.3619,321.4811,1,3.1018,1,993.3529,389.7081,3.1121,
438017602015,119.0,1064.3629,455.8132,1,3.1438,1,933.7202,333.5649,1,3.1129,1,999.0415,394.6891,3.1283,
438017606015,123.0,1067.5231,457.3278,1,3.102,1,959.8586,344.9061,1,3.0668,1,1013.6908,401.117,3.0844,
438017610015,127.0,1061.4727,455.6959,1,3.1392,1,942.855,321.277,1,3.0924,1,1002.1638,388.4865,3.1158,
438017614015,131.0,1057.9227,456.7459,1,3.1319,1,950.8672,338.315,1,3.0732,1,1004.395,397.5304,3.1026,
438017618015,135.0,1074.3054,466.0323,1,3.1088,1,947.7837,320.304,1,3.0649,1,1011.0446,393.1681,3.0869,
438017622015,139.0,1064.8287,441.9624,1,3.1347,1,925.1373,323.1325,1,3.0805,1,994.983,382.5475,3.1076,
438017626015,143.0,1070.189,444.5744,1,3.1479,1,948.2787,347.0956,1,3.0154,1,1009.2338,395.835,3.0816,
438017630015,147.0,1066.9212,467.5949,1,3.0707,1,940.6205,338.8972,1,3.0322,1,1003.7709,403.246,3.0514,
438017634015,151.0,1053.4706,457.6849,1,3.0864,1,931.6147,335.0514,1,3.0534,1,992.5427,396.3681,3.0699,
438017638015,155.0,1062.6598,462.6036,1,3.0781,1,938.3949,351.2326,1,3.0521,1,1000.5274,406.9181,3.0651,
438017642015,159.0,1060.688,474.5418,1,3.0722,1,934.5755,345.6954,1,3.0392,1,997.6317,410.1186,3.0557,
438017646006,163.0,1060.2438,469.2185,1,3.0679,1,945.1067,342.3338,1,3.07,1,1002.6752,405.7762,3.0689,
438017650007,167.0,1064.9228,480.0136,1,3.0746,1,948.8919,341.8259,1,3.06,1,1006.9073,410.9198,3.0673,
438017654007,171.0,1067.326,455.7125,1,3.1076,1,930.1026,349.6117,1,3.0792,1,998.7143,402.6621,3.0934,
438017658007,175.0,1064.077,453.5907,1,3.1104,1,946.3478,326.4945,1,3.1126,1,1005.2124,390.0426,3.1115,
438017662006,179.0,1045.4905,442.8579,1,3.116,1,919.802,348.2145,1,3.024,1,982.6462,395.5362,3.07,
438017666006,183.0,1055.4903,464.3726,1,3.0952,1,938.6821,340.5807,1,3.0363,1,997.0862,402.4767,3.0657,
438017670006,187.0,1052.6344,468.4892,1,3.0742,1,917.741,326.5796,1,3.0809,1,985.1877,397.5344,3.0776,
438017674006,191.0,,,0,,0,,,0,,0,,,,
438017678006,195.0,,,0,,0,,,0,,0,,,,
438017682007,199.0,1055.4801,472.8882,1,3.0542,1,941.9195,339.0013,1,3.0008,1,998.6998,405.9448,3.0275,
438017686015,203.0,1055.9536,457.2489,1,3.0776,1,953.2504,339.1716,1,3.0609,1,1004.602,398.2102,3.0693,
438017690015,207.0,1070.4224,455.7409,1,3.0794,1,917.3432,354.367,1,3.0308,1,993.8828,405.054,3.0551,
438017694006,211.0,1057.8384,452.88,1,3.0742,1,937.8575,326.833,1,3.0577,1,997.848,389.8565,3.0659,
438017698006,215.0,1068.0703,449.3994,1,3.0794,1,945.5669,342.5893,1,3.0695,1,1006.8186,395.9943,3.0744,
438017702006,219.0,1067.1153,468.1525,1,3.1176,1,932.0134,325.1285,1,3.0416,1,999.5644,396.6405,3.0796,
438017706007,223.0,1073.8291,441.2488,1,3.1052,1,948.1935,347.0052,1,3.0382,1,1011.0113,394.127,3.0717,
438017710015,227.0,1068.5186,469.0752,1,3.0426,1,947.0278,338.1842,1,3.036,1,1007.7732,403.6297,3.0393,
438017714006,231.0,1074.5946,457.6446,1,3.0842,1,933.7314,330.7901,1,3.085,1,1004.163,394.2173,3.0846,
438017718006,235.0,1074.571,461.9914,1,2.997,1,936.8757,337.7812,1,3.0243,1,1005.7234,399.8863,3.0107,
438017722006,239.0,1051.8525,441.912,1,3.1143,1,936.5546,326.4999,1,3.0961,1,994.2035,384.2059,3.1052,
438017726006,243.0,1044.9047,459.7863,1,3.0944,1,925.7929,341.1112,1,3.0071,1,985.3488,400.4487,3.0507,
438017730005,247.0,1010.0838,491.9792,1,3.0474,1,916.0499,347.1314,1,3.0304,1,963.0668,419.5553,3.0389,
438017734005,251.0,996.6211,471.6949,1,3.0291,1,901.6314,347.8833,1,2.9947,1,949.1262,409.7891,3.0119,
438017738013,255.0,1021.2855,459.0262,1,3.0802,1,902.8702,351.0276,1,3.0621,1,962.0778,405.0269,3.0711,
438017742004,259.0,1011.1238,456.1411,1,3.082,1,921.4585,367.6591,1,2.989,1,966.2912,411.9001,3.0355,
438017746013,263.0,1035.3207,472.4246,1,3.1047,1,915.0871,378.7163,1,2.9424,1,975.2039,425.5704,3.0236,
438017750004,267.0,1056.6068,448.5524,1,3.0553,1,893.5343,364.2678,1,3.0269,1,975.0706,406.4101,3.0411,
438017754005,271.0,1009.6209,478.0823,1,3.0198,1,928.0627,361.5129,1,2.996,1,968.8418,419.7976,3.0079,
438017758005,275.0,1016.5874,464.8692,1,3.0619,1,917.4215,329.3067,1,3.0625,1,967.0044,397.0879,3.0622,
438017762004,279.0,1044.5669,463.774,1,3.016,1,898.7125,351.925,1,3.0027,1,971.6397,407.8495,3.0094,
438017766013,283.0,1021.4297,470.0626,1,3.0374,1,918.9313,354.2504,1,2.9737,1,970.1805,412.1565,3.0055,
438017770005,287.0,1023.6445,484.0143,1,3.0467,1,929.2532,342.001,1,2.9774,1,976.4488,413.0076,3.0121,
438017774014,291.0,1029.7838,483.1106,1,3.0128,1,901.4937,345.5352,1,2.9828,1,965.6388,414.3229,2.9978,
438017778006,295.0,1015.6096,462.0216,1,3.0609,1,918.6873,347.9728,1,2.974,1,967.1485,404.9972,3.0175,
438017782014,299.0,1021.3559,463.781,1,3.0325,1,904.1354,338.6205,1,3.053,1,962.7456,401.2007,3.0427,
438017786005,303.0,1013.5209,472.4242,1,2.9951,1,898.4262,329.4926,1,3.0564,1,955.9736,400.9584,3.0258,
438017790014,307.0,1018.664,478.9075,1,3.0429,1,902.1043,350.1926,1,3.0103,1,960.3842,414.55,3.0266,
438017794014,311.0,1026.5504,456.3117,1,3.0397,1,897.0357,367.6551,1,3.0226,1,961.793,411.9834,3.0312,
438017798004,315.0,1022.4584,468.2672,1,3.0344,1,907.3537,368.2225,1,2.9721,1,964.9061,418.2449,3.0033,
438017802013,319.0,1027.2511,477.8498,1,2.9899,1,898.4891,365.3785,1,2.9516,1,962.8701,421.6141,2.9708,
438017806013,323.0,1012.386,491.4856,1,3.0111,1,894.4278,355.0999,1,3.0184,1,953.4069,423.2928,3.0148,
438017810013,327.0,1029.0723,451.5768,1,3.0819,1,915.4301,383.6642,1,2.9403,1,972.2512,417.6205,3.0111,
438017814013,331.0,1025.4031,487.6412,1,3.0025,1,910.0939,380.3056,1,2.8936,1,967.7485,433.9734,2.9481,
438017818013,335.0,1010.1188,477.865,1,3.0519,1,904.0895,361.7017,1,3.0173,1,957.1042,419.7833,3.0346,
438017822013,339.0,997.428,472.0329,1,3.017,1,892.6064,353.6094,1,3.0007,1,945.0172,412.8211,3.0088,
438017826013,343.0,1026.0989,456.1852,1,3.0545,1,898.0522,364.4305,1,2.995,1,962.0756,410.3079,3.0247,
438017830013,347.0,1028.7569,481.1846,1,3.0084,1,908.7207,334.9672,1,3.0282,1,968.7388,408.0759,3.0183,
438017834013,351.0,1020.6458,474.2625,1,3.0446,1,915.139,367.4463,1,2.9785,1,967.8924,420.8544,3.0115,
438017838013,355.0,1023.2176,477.2303,1,3.0162,1,897.0212,363.9774,1,3.0265,1,960.1194,420.6038,3.0214,
438017842013,359.0,1007.4193,476.9358,1,3.0318,1,888.5664,361.7591,1,2.9787,1,947.9928,419.3475,3.0052,
438017846013,363.0,1017.1724,458.9185,1,3.0704,1,917.1429,356.3396,1,2.9732,1,967.1576,407.629,3.0218,
438017850013,367.0,1007.3935,469.4421,1,3.0117,1,893.851,350.0388,1,3.0403,1,950.6223,409.7404,3.026,
438017854013,371.0,1017.7534,493.486,1,2.9379,1,901.1148,357.0833,1,2.9702,1,959.4341,425.2847,2.954,
438017858011,375.0,1016.536,467.0359,1,3.0819,1,914.9237,350.1663,1,2.9583,1,965.7298,408.6011,3.0201,
438017862011,379.0,1028.9479,476.3355,1,3.0137,1,897.2943,359.4185,1,2.9935,1,963.1211,417.877,3.0036,
438017866011,383.0,1018.5548,467.5974,1,3.0017,1,903.295,341.6433,1,3.0392,1,960.9249,404.6204,3.0205,
438017870011,387.0,1012.6984,488.2652,1,2.9515,1,912.868,357.9195,1,2.9856,1,962.7832,423.0924,2.9685,
438017874010,391.0,1014.8292,452.1476,1,3.0216,1,895.5363,339.5632,1,2.9531,1,955.1828,395.8554,2.9874,
438017878010,395.0,,,0,,0,,,0,,0,,,,
438017882010,399.0,,,0,,0,,,0,,0,,,,
438017886010,403.0,1019.962,467.1253,1,2.9907,1,897.3257,344.4059,1,3.0211,1,958.6439,405.7656,3.0059,
438017890010,407.0,,,0,,0,,,0,,0,,,,
438017894010,411.0,1010.8922,473.0677,1,2.9737,1,902.4113,350.9655,1,2.9984,1,956.6518,412.0166,2.9861,
438017898010,415.0,1015.8507,477.0576,1,3.042,1,909.2982,350.1271,1,2.939,1,962.5745,413.5924,2.9905,
438017902008,419.0,1011.4273,459.3768,1,2.9891,1,918.5743,354.3206,1,2.9533,1,965.0008,406.8487,2.9712,
438017906008,423.0,1012.2692,460.8234,1,3.0152,1,903.3551,354.344,1,2.9874,1,957.8121,407.5837,3.0013,
438017910010,427.0,1021.2352,481.6421,1,2.9781,1,906.8381,332.114,1,2.9848,1,964.0366,406.8781,2.9814,
438017914008,431.0,1020.271,448.7454,1,3.0281,1,916.4709,360.175,1,2.9479,1,968.3709,404.4602,2.988,
438017918008,435.0,1020.1492,460.5609,1,3.03,1,900.0723,375.3648,1,2.9901,1,960.1108,417.9628,3.01,
438017922008,439.0,1022.8187,487.4521,1,2.991,1,870.9202,360.7701,1,2.8647,1,946.8694,424.1111,2.9278,
438017926008,443.0,1024.2091,476.4173,1,2.9504,1,908.051,343.3523,1,2.9965,1,966.1301,409.8848,2.9734,
438017930010,447.0,1026.7976,459.5253,1,2.9887,1,907.7372,350.652,1,2.9502,1,967.2674,405.0887,2.9695,
438017934008,451.0,1014.0147,452.6912,1,3.0105,1,926.0669,345.8259,1,2.9404,1,970.0408,399.2585,2.9754,
438017938009,455.0,1033.2893,441.7301,1,3.0056,1,920.1101,357.2217,1,2.9771,1,976.6997,399.4759,2.9913,
438017942007,459.0,1017.9018,449.4484,1,3.0337,1,893.9706,365.5905,1,2.9496,1,955.9362,407.5194,2.9917,
438017946007,463.0,1014.571,472.5363,1,2.9541,1,877.1829,363.9572,1,2.9538,1,945.877,418.2467,2.9539,
438017950007,467.0,1041.1715,464.2382,1,2.9881,1,906.9832,355.8014,1,2.9585,1,974.0773,410.0198,2.9733,
438017954007,471.0,1006.666,479.1122,1,2.9472,1,906.2539,336.963,1,2.9831,1,956.4599,408.0376,2.9652,
438017958009,475.0,1018.6157,465.4253,1,3.01,1,894.2635,337.9364,1,2.9933,1,956.4396,401.6809,3.0017,
438017962007,479.0,1018.8221,473.086,1,2.938,1,903.3518,342.1542,1,2.9629,1,961.0869,407.6201,2.9505,
438017966009,483.0,1020.6592,454.3258,1,2.9781,1,897.1473,347.9756,1,2.9646,1,958.9033,401.1507,2.9714,
438017970009,487.0,1027.1207,476.5561,1,3.0001,1,896.9037,347.5934,1,2.9682,1,962.0122,412.0747,2.9841,
438017974009,491.0,1015.5778,460.6963,1,2.9911,1,892.3884,336.9267,1,2.9297,1,953.9831,398.8115,2.9604,
438017978009,495.0,1013.7625,485.0214,1,3.0304,1,883.4371,372.051,1,2.9526,1,948.5998,428.5362,2.9915,
438017982009,499.0,1058.2171,263.321,1,2.4348,1,885.3319,251.3777,1,2.6886,1,971.7745,257.3493,2.5617,
438017986009,503.0,1081.7194,266.9989,1,2.0339,1,780.4667,39.5534,1,1.7849,1,931.0931,153.2761,1.9094,
438017990013,507.0,,,0,,0,,,0,,0,,,,
438017994013,511.0,,,0,,0,,,0,,0,,,,
438017998013,515.0,,,0,,0,,,0,,0,,,,
438018002013,519.0,,,0,,0,,,0,,0,,,,
438018006012,523.0,,,0,,0,,,0,,0,,,,
438018010012,527.0,,,0,,0,,,0,,0,,,,
438018014012,531.0,,,0,,0,,,0,,0,,,,
438018018012,535.0,,,0,,0,,,0,,0,,,,
438018022011,539.0,,,0,,0,,,0,,0,,,,
438018026011,543.0,,,0,,0,,,0,,0,,,,
438018030009,547.0,,,0,,0,,,0,,0,,,,
438018034009,551.0,,,0,,0,,,0,,0,,,,
438018038009,555.0,,,0,,0,,,0,,0,,,,
438018042009,559.0,,,0,,0,,,0,,0,,,,
438018046009,563.0,,,0,,0,,,0,,0,,,,
438018050011,567.0,,,0,,0,,,0,,0,,,,
438018054009,571.0,,,0,,0,,,0,,0,,,,
438018058009,575.0,,,0,,0,,,0,,0,,,,
438018062011,579.0,,,0,,0,,,0,,0,,,,
438018066011,583.0,,,0,,0,,,0,,0,,,,
438018070011,587.0,,,0,,0,,,0,,0,,,,
438018074009,591.0,,,0,,0,,,0,,0,,,,
438018078009,595.0,,,0,,0,,,0,,0,,,,
438018082009,599.0,,,0,,0,,,0,,0,,,,
438018086009,603.0,,,0,,0,,,0,,0,,,,
438018090009,607.0,,,0,,0,,,0,,0,,,,
438018094009,611.0,,,0,,0,,,0,,0,,,,
438018098009,615.0,,,0,,0,,,0,,0,,,,
438018102009,619.0,,,0,,0,,,0,,0,,,,
438018106009,623.0,,,0,,0,,,0,,0,,,,
438018110009,627.0,,,0,,0,,,0,,0,,,,
438018114009,631.0,,,0,,0,,,0,,0,,,,
438018118009,635.0,,,0,,0,,,0,,0,,,,
438018122008,639.0,,,0,,0,680.7056,552.3501,1,2.8022,1,680.7056,552.3501,2.8022,
438018126008,643.0,,,0,,0,700.5776,669.9182,1,2.8539,1,700.5776,669.9182,2.8539,
438018130008,647.0,,,0,,0,713.2298,745.7739,1,2.9174,1,713.2298,745.7739,2.9174,
438018134008,651.0,,,0,,0,700.7762,848.0455,1,2.9681,1,700.7762,848.0455,2.9681,
438018138010,655.0,,,0,,0,684.7219,895.1981,1,2.9751,1,684.7219,895.1981,2.9751,
438018142008,659.0,847.4815,817.4109,1,2.9167,1,692.474,917.68,1,3.0382,1,769.9778,867.5455,2.9775,
438018146010,663.0,849.798,886.913,1,3.0066,1,689.306,947.2634,1,3.0723,1,769.552,917.0882,3.0395,
438018150008,667.0,834.6487,966.2301,1,3.0287,1,690.9315,963.6794,1,3.0711,1,762.7901,964.9547,3.0499,
438018154008,671.0,841.6775,1038.898,1,3.0143,1,690.3679,960.538,1,3.0966,1,766.0227,999.718,3.0554,
438018158008,675.0,846.6306,1057.6071,1,3.116,1,681.2409,933.937,1,3.0481,1,763.9357,995.7721,3.082,
438018162008,679.0,839.4935,1061.6447,1,3.1282,1,681.084,917.2619,1,3.044,1,760.2888,989.4533,3.0861,
438018166008,683.0,844.559,1063.7343,1,3.1938,1,681.1549,905.7835,1,3.0462,1,762.857,984.7589,3.12,
438018170010,687.0,840.0774,1062.7523,1,3.151,1,677.8938,915.8435,1,3.0344,1,758.9856,989.2979,3.0927,
438018174010,691.0,839.6428,1064.3067,1,3.1429,1,684.2864,924.8609,1,3.0549,1,761.9646,994.5838,3.0989,
438018178010,695.0,839.5424,1047.3597,1,3.1148,1,677.0347,922.3441,1,3.0572,1,758.2885,984.8519,3.086,
438018182010,699.0,854.3328,991.2863,1,3.16,1,691.2293,904.7011,1,3.0704,1,772.781,947.9937,3.1152,
438018183905,700.9,,,0,,0,,,0,,0,,,,Trial_0_Video_Start
438018186010,703.0,841.3277,1002.6633,1,3.112,1,680.6343,927.6834,1,3.0557,1,760.981,965.1733,3.0839,
438018190010,707.0,851.5534,1025.565,1,3.1285,1,676.8073,931.2898,1,3.0626,1,764.1803,978.4274,3.0956,
438018194010,711.0,847.8627,1026.5651,1,3.1349,1,685.781,915.8661,1,3.0962,1,766.8218,971.2156,3.1155,
438018198010,715.0,841.7699,998.9353,1,3.1753,1,693.2504,931.9039,1,3.0891,1,767.5101,965.4196,3.1322,
438018202010,719.0,844.0684,1016.1404,1,3.1672,1,679.2144,922.5621,1,3.0794,1,761.6414,969.3512,3.1233,
438018206010,723.0,834.5896,1039.1718,1,3.1089,1,684.3517,926.8573,1,3.0551,1,759.4706,983.0145,3.082,
438018210010,727.0,838.844,1013.6841,1,3.1137,1,679.3904,935.0043,1,3.1006,1,759.1172,974.3442,3.1072,
438018214010,731.0,837.0515,1031.039,1,3.141,1,683.8955,921.3724,1,3.0742,1,760.4735,976.2057,3.1076,
438018218010,735.0,842.1604,1012.5728,1,3.1368,1,680.8776,938.9439,1,3.084,1,761.519,975.7583,3.1104,
438018222010,739.0,838.7231,1016.4056,1,3.1502,1,682.7057,924.8572,1,3.0778,1,760.7144,970.6314,3.114,
438018226010,743.0,848.1355,1034.6531,1,3.1136,1,687.4789,931.8325,1,3.0808,1,767.8072,983.2428,3.0972,
438018230010,747.0,843.005,1019.8758,1,3.1003,1,679.798,922.144,1,3.0679,1,761.4015,971.0099,3.0841,
438018234008,751.0,847.9062,1032.5229,1,3.1254,1,685.5832,950.0748,1,3.0517,1,766.7447,991.2988,3.0885,
438018238010,755.0,856.1995,1010.4699,1,3.1708,1,679.9219,926.9787,1,3.0681,1,768.0607,968.7243,3.1194,
438018242010,759.0,843.1076,1031.0549,1,3.1148,1,680.5673,931.5083,1,3.0757,1,761.8375,981.2816,3.0952,
438018246010,763.0,833.8875,1042.5444,1,3.1041,1,684.5481,938.3121,1,3.0767,1,759.2178,990.4282,3.0904,
438018250008,767.0,838.235,1025.4078,1,3.1254,1,668.7314,926.9863,1,3.102,1,753.4832,976.1971,3.1137,
438018254011,771.0,841.3748,1032.7394,1,3.1358,1,680.8902,937.1237,1,3.056,1,761.1325,984.9315,3.0959,
438018258011,775.0,844.6656,1038.0574,1,3.0966,1,675.1848,935.645,1,3.067,1,759.9252,986.8512,3.0818,
438018262011,779.0,834.0571,1021.6854,1,3.1212,1,687.0583,926.0258,1,3.099,1,760.5577,973.8556,3.1101,
438018266011,783.0,838.8812,1033.0901,1,3.1001,1,677.6614,934.5746,1,3.076,1,758.2713,983.8323,3.0881,
438018270011,787.0,844.6119,1024.617,1,3.1674,1,685.8916,927.7316,1,3.0576,1,765.2518,976.1743,3.1125,
438018274010,791.0,843.4773,1010.5284,1,3.1623,1,686.7115,933.1249,1,3.0551,1,765.0944,971.8266,3.1087,
438018278010,795.0,856.1122,1038.5437,1,3.134,1,677.0558,948.3306,1,3.0262,1,766.584,993.4372,3.0801,
438018282010,799.0,850.0009,1014.5213,1,3.1755,1,682.8387,937.1659,1,3.0606,1,766.4198,975.8436,3.118,
438018286010,803.0,848.1725,1018.2589,1,3.1339,1,674.68,944.2306,1,3.0578,1,761.4262,981.2447,3.0958,
438018290009,807.0,842.3032,1026.2527,1,3.1634,1,677.9489,941.0061,1,3.0787,1,760.126,983.6294,3.121,
438018294009,811.0,835.2224,1023.1439,1,3.1488,1,673.3644,948.6806,1,3.0756,1,754.2934,985.9122,3.1122,
438018298009,815.0,851.8253,1010.882,1,3.1321,1,673.6903,937.1749,1,3.0948,1,762.7578,974.0285,3.1134,
438018302009,819.0,848.7482,1013.4247,1,3.167,1,671.1717,952.0082,1,3.0619,1,759.96,982.7165,3.1144,
438018306009,823.0,851.4972,1019.4838,1,3.1827,1,680.1657,932.7088,1,3.0661,1,765.8315,976.0963,3.1244,
438018310009,827.0,839.1708,1027.5538,1,3.1655,1,689.5652,934.0884,1,3.0598,1,764.368,980.8211,3.1127,
438018314009,831.0,835.98,1024.5713,1,3.1459,1,672.7152,928.81,1,3.0627,1,754.3476,976.6906,3.1043,
438018318008,835.0,850.2965,1014.465,1,3.1605,1,678.947,944.7454,1,3.0376,1,764.6217,979.6052,3.099,
438018322008,839.0,849.0607,1054.5402,1,3.1209,1,679.9832,928.9384,1,3.0712,1,764.522,991.7393,3.096,
438018326008,843.0,843.9942,1027.1077,1,3.1718,1,679.3807,930.1629,1,3.0861,1,761.6874,978.6353,3.129,
438018330008,847.0,842.0908,1012.4264,1,3.1608,1,687.5538,928.8541,1,3.0908,1,764.8223,970.6403,3.1258,
438018333999,851.0,839.8941,1013.2282,1,3.1651,1,685.88,932.9589,1,3.0799,1,762.887,973.0935,3.1225,
438018338008,855.0,845.5864,1027.8471,1,3.1441,1,694.729,932.4405,1,3.1004,1,770.1577,980.1438,3.1222,
438018341999,859.0,842.9818,1057.1872,1,3.1279,1,682.6645,923.4085,1,3.1021,1,762.8231,990.2979,3.115,
438018346007,863.0,846.9335,1021.5938,1,3.171,1,674.5985,922.0677,1,3.0898,1,760.766,971.8308,3.1304,
438018349998,867.0,854.3263,1005.7005,1,3.147,1,693.5654,901.1452,1,3.0854,1,773.9459,953.4229,3.1162,
438018353998,871.0,887.7101,955.6831,1,3.1621,1,723.6048,833.6405,1,3.0823,1,805.6574,894.6618,3.1222,
438018357998,875.0,918.1324,876.2108,1,3.1357,1,771.8521,782.1334,1,3.0971,1,844.9923,829.1721,3.1164,
438018361998,879.0,944.2006,791.9754,1,3.183,1,795.4888,722.9244,1,3.0567,1,869.8447,757.4499,3.1198,
438018365999,883.0,933.6854,775.6261,1,3.1331,1,798.718,691.4751,1,3.0161,1,866.2017,733.5506,3.0746,
438018369997,887.0,922.4171,740.1669,1,3.1235,1,774.285,641.9238,1,3.0502,1,848.3511,691.0453,3.0868,
438018373997,891.0,919.1086,698.0882,1,3.1918,1,773.1055,617.1648,1,3.0859,1,846.1071,657.6265,3.1388,
438018377997,895.0,901.149,712.5883,1,3.1264,1,771.6789,595.7977,1,3.0219,1,836.414,654.193,3.0742,
438018381996,899.0,907.3829,691.4424,1,3.1237,1,778.2307,583.487,1,3.0616,1,842.8068,637.4647,3.0926,
438018385996,903.0,917.0296,692.1356,1,3.1794,1,775.6982,585.0839,1,3.0886,1,846.3639,638.6098,3.134,
438018389996,907.0,933.9432,718.5543,1,3.125,1,789.6539,592.3065,1,3.069,1,861.7986,655.4304,3.097,
438018393995,911.0,927.9166,696.6922,1,3.1313,1,781.8831,587.5242,1,3.0775,1,854.8998,642.1082,3.1044,
438018397995,915.0,931.505,680.204,1,3.1637,1,791.7754,594.8964,1,3.0374,1,861.6402,637.5502,3.1005,
438018401995,919.0,939.025,667.527,1,3.0878,1,800.886,548.5153,1,3.0783,1,869.9555,608.0212,3.0831,
438018405995,923.0,926.3916,662.4828,1,3.1285,1,792.5662,590.5949,1,3.0174,1,859.4789,626.5389,3.0729,
438018409995,927.0,938.9521,662.9131,1,3.1893,1,785.6897,597.4449,1,3.0387,1,862.3209,630.179,3.114,
438018413995,931.0,913.2094,676.4526,1,3.1607,1,795.6435,579.0949,1,3.0319,1,854.4265,627.7738,3.0963,
438018417994,935.0,923.324,655.4411,1,3.1837,1,788.1388,572.0774,1,3.0883,1,855.7314,613.7593,3.136,
438018421994,939.0,928.4314,679.7381,1,3.1785,1,781.7701,570.8659,1,3.0678,1,855.1008,625.302,3.1231,
438018425994,943.0,930.3195,663.3553,1,3.1864,1,793.0064,567.7829,1,3.0505,1,861.663,615.5691,3.1185,
438018430002,947.0,924.6067,678.4509,1,3.128,1,805.1158,568.8968,1,3.0963,1,864.8612,623.6738,3.1122,
438018434002,951.0,936.68,677.7954,1,3.1787,1,794.4727,580.3437,1,3.0688,1,865.5763,629.0695,3.1237,
438018438002,955.0,939.7833,682.0669,1,3.1686,1,777.148,567.9349,1,3.092,1,858.4657,625.0009,3.1303,
438018441993,959.0,940.8036,673.159,1,3.1919,1,797.1565,548.1123,1,3.1071,1,868.98,610.6356,3.1495,
438018446002,963.0,934.1051,678.1176,1,3.1923,1,800.6335,569.121,1,3.077,1,867.3693,623.6193,3.1347,
438018450002,967.0,925.4204,666.1767,1,3.1511,1,792.0889,587.8878,1,3.0835,1,858.7546,627.0323,3.1173,
438018454001,971.0,925.9126,684.0149,1,3.1118,1,788.1065,558.7548,1,3.104,1,857.0096,621.3848,3.1079,
438018458001,975.0,928.3867,673.6612,1,3.1793,1,798.2472,598.2992,1,3.0319,1,863.317,635.9802,3.1056,
438018462001,979.0,929.5738,677.1139,1,3.1794,1,787.8183,559.7662,1,3.1263,1,858.696,618.44,3.1528,
438018466001,983.0,940.9329,667.7521,1,3.2248,1,794.856,545.6492,1,3.1367,1,867.8945,606.7007,3.1807,
438018470001,987.0,935.8245,662.9799,1,3.2383,1,808.2939,578.4222,1,3.0999,1,872.0592,620.7011,3.1691,
438018474001,991.0,930.6372,676.4288,1,3.1772,1,792.2771,578.1328,1,3.0874,1,861.4572,627.2808,3.1323,
438018477991,995.0,919.7532,660.889,1,3.2126,1,807.7806,547.2561,1,3.1187,1,863.7669,604.0725,3.1657,
438018482000,999.0,919.8562,667.0295,1,3.181,1,799.7602,557.6463,1,3.0638,1,859.8082,612.3379,3.1224,
438018486000,1003.0,927.9679,668.2943,1,3.1871,1,799.6144,559.2268,1,3.1359,1,863.7911,613.7606,3.1615,
438018489999,1007.0,935.2353,671.0947,1,3.1955,1,789.1073,580.9768,1,3.0896,1,862.1713,626.0357,3.1425,
438018493999,1011.0,928.8657,660.3773,1,3.24,1,804.719,577.6884,1,3.0897,1,866.7923,619.0329,3.1648,
438018497999,1015.0,937.4646,664.8778,1,3.229,1,803.0441,548.8156,1,3.1262,1,870.2544,606.8467,3.1776,
438018501999,1019.0,932.5079,677.8966,1,3.2124,1,790.1637,569.6983,1,3.0625,1,861.3358,623.7975,3.1374,
438018505999,1023.0,938.0898,668.9296,1,3.257,1,785.1696,545.6007,1,3.1565,1,861.6297,607.2651,3.2067,
438018509998,1027.0,932.907,674.1177,1,3.2019,1,765.2071,560.8764,1,3.1309,1,849.0571,617.497,3.1664,
438018513997,1031.0,943.5872,660.478,1,3.2721,1,785.5164,567.0446,1,3.0782,1,864.5518,613.7613,3.1751,
438018517997,1035.0,931.3149,671.7521,1,3.2246,1,792.1258,559.053,1,3.1179,1,861.7203,615.4025,3.1713,
438018521988,1039.0,942.7042,668.6807,1,3.2367,1,789.502,572.044,1,3.1025,1,866.1031,620.3623,3.1696,
438018525988,1043.0,939.7111,648.1055,1,3.2708,1,799.8761,578.6062,1,3.1065,1,869.7936,613.3559,3.1887,
438018529988,1047.0,943.5901,643.4945,1,3.2794,1,791.4378,565.5581,1,3.0908,1,867.514,604.5263,3.1851,
438018533986,1051.0,932.7798,677.9266,1,3.2004,1,785.8266,581.4633,1,3.0708,1,859.3032,629.6949,3.1356,
438018537987,1055.0,935.6426,668.5253,1,3.2245,1,794.3437,601.4445,1,3.0361,1,864.9932,634.9849,3.1303,
438018541986,1059.0,915.2009,689.4161,1,3.1994,1,797.0219,570.0101,1,3.1227,1,856.1114,629.7131,3.161,
438018545986,1063.0,932.5217,677.8583,1,3.2157,1,802.6934,565.9378,1,3.0899,1,867.6076,621.8981,3.1528,
438018549987,1067.0,937.6671,681.7821,1,3.1696,1,794.2163,576.7067,1,3.0976,1,865.9417,629.2444,3.1336,
438018553986,1071.0,920.2069,661.6771,1,3.2169,1,782.4786,562.1964,1,3.0936,1,851.3427,611.9368,3.1553,
438018557985,1075.0,922.4854,650.6298,1,3.2774,1,798.1864,570.6997,1,3.0952,1,860.3359,610.6648,3.1863,
438018561986,1079.0,936.6746,681.9624,1,3.1826,1,804.7774,582.5716,1,3.0446,1,870.726,632.267,3.1136,
438018565985,1083.0,923.6293,679.6263,1,3.1457,1,805.0912,581.5315,1,3.0424,1,864.3603,630.5789,3.0941,
438018569986,1087.0,930.3298,643.988,1,3.2552,1,792.6755,542.9889,1,3.0986,1,861.5026,593.4884,3.1769,
438018573986,1091.0,946.545,629.4495,1,3.2527,1,790.4478,564.4237,1,3.0733,1,868.4964,596.9366,3.163,
438018577985,1095.0,933.1502,666.6439,1,3.1965,1,794.1217,572.3153,1,3.0605,1,863.6359,619.4796,3.1285,
438018581985,1099.0,926.4399,671.4387,1,3.1817,1,802.4071,563.8975,1,3.0679,1,864.4235,617.6681,3.1248,
438018585985,1103.0,932.7794,654.4097,1,3.2349,1,792.8396,565.275,1,3.0794,1,862.8095,609.8424,3.1572,
438018589984,1107.0,923.8891,662.8868,1,3.1741,1,792.9069,574.9205,1,3.0507,1,858.398,618.9036,3.1124,
438018593983,1111.0,927.3692,655.5163,1,3.1468,1,796.739,561.7066,1,3.0435,1,862.0541,608.6114,3.0952,
438018597983,1115.0,928.8086,668.7658,1,3.1814,1,796.1155,565.483,1,3.0448,1,862.462,617.1244,3.1131,
438018601982,1119.0,930.4654,668.4381,1,3.1625,1,799.5288,573.8933,1,3.0065,1,864.9971,621.1657,3.0845,
438018605983,1123.0,922.5627,702.2844,1,3.0869,1,800.6989,558.2348,1,3.0038,1,861.6308,630.2596,3.0454,
438018609984,1127.0,928.8929,676.4225,1,3.1029,1,813.9024,552.2367,1,2.9957,1,871.3976,614.3296,3.0493,
438018613983,1131.0,940.8992,656.7373,1,3.1594,1,801.3178,550.0724,1,3.009,1,871.1085,603.4048,3.0842,
438018617983,1135.0,918.6302,674.0578,1,3.0875,1,802.019,580.8411,1,2.957,1,860.3246,627.4495,3.0223,
438018621983,1139.0,925.7847,674.4512,1,3.0697,1,797.2956,586.8017,1,2.9425,1,861.5402,630.6264,3.0061,
438018625982,1143.0,926.7068,657.3142,1,3.0885,1,799.2972,583.9017,1,2.9466,1,863.002,620.608,3.0175,
438018629982,1147.0,931.3566,652.5815,1,3.0869,1,805.3616,557.9319,1,3.0007,1,868.3591,605.2567,3.0438,
438018633983,1151.0,916.9662,651.6702,1,3.0926,1,814.2293,577.6292,1,2.9373,1,865.5978,614.6497,3.015,
438018637982,1155.0,921.2714,671.7172,1,3.0546,1,795.5612,566.225,1,2.9573,1,858.4163,618.9711,3.0059,
438018641981,1159.0,928.0378,673.7173,1,3.0383,1,790.4725,586.9094,1,2.9038,1,859.2551,630.3134,2.971,
438018645980,1163.0,935.3665,689.4718,1,3.0222,1,809.1868,553.8885,1,2.9532,1,872.2767,621.6802,2.9877,
438018649979,1167.0,941.0361,672.1227,1,3.0451,1,794.3689,557.7076,1,2.9243,1,867.7025,614.9152,2.9847,
438018653979,1171.0,937.5308,678.6332,1,3.0036,1,790.6966,568.1234,1,2.9241,1,864.1137,623.3783,2.9639,
438018657980,1175.0,928.1121,673.5899,1,2.9725,1,787.3955,551.4155,1,2.9662,1,857.7538,612.5027,2.9693,
438018661979,1179.0,918.074,688.8716,1,2.9899,1,809.5195,568.4051,1,2.8834,1,863.7967,628.6383,2.9367,
438018665979,1183.0,915.5683,679.3731,1,2.987,1,803.5655,560.6326,1,2.8977,1,859.5669,620.0029,2.9424,
438018669978,1187.0,911.3074,676.7,1,2.9902,1,809.3273,573.0255,1,2.9034,1,860.3174,624.8627,2.9468,
438018673978,1191.0,931.3867,665.3092,1,2.9561,1,818.0754,583.0446,1,2.8292,1,874.731,624.1769,2.8926,
438018677978,1195.0,914.0073,674.9466,1,2.9865,1,787.207,571.6367,1,2.8928,1,850.6071,623.2917,2.9397,
438018681978,1199.0,904.172,679.889,1,2.9444,1,801.3891,547.2152,1,2.9354,1,852.7805,613.5521,2.9399,
438018685979,1203.0,919.9184,663.4906,1,2.9602,1,797.1651,552.0718,1,2.9164,1,858.5417,607.7812,2.9383,
438018689978,1207.0,922.8289,676.2831,1,2.9352,1,802.0472,557.0982,1,2.8824,1,862.4381,616.6907,2.9088,
438018693977,1211.0,918.9969,662.7399,1,2.9346,1,801.2646,567.4157,1,2.8232,1,860.1307,615.0778,2.8789,
438018697977,1215.0,948.8255,670.553,1,2.9305,1,804.0973,557.2057,1,2.8616,1,876.4614,613.8794,2.8961,
438018701977,1219.0,929.4246,671.6826,1,2.8629,1,806.0002,560.0156,1,2.8192,1,867.7124,615.8491,2.841,
438018705977,1223.0,918.401,700.8883,1,2.8503,1,811.7387,579.7984,1,2.8067,1,865.0698,640.3433,2.8285,
438018709978,1227.0,922.2086,695.2923,1,2.8797,1,806.18,573.3284,1,2.8026,1,864.1943,634.3103,2.8411,
438018713977,1231.0,926.3608,680.2186,1,2.8764,1,801.1688,572.7643,1,2.8192,1,863.7648,626.4915,2.8478,
438018717977,1235.0,921.9862,664.9395,1,2.8795,1,802.4507,558.4344,1,2.8251,1,862.2184,611.687,2.8523,
438018721977,1239.0,930.201,675.7462,1,2.8833,1,796.8377,579.5232,1,2.7829,1,863.5194,627.6347,2.8331,
438018725976,1243.0,936.2501,648.911,1,2.9082,1,797.943,571.9927,1,2.7907,1,867.0965,610.4519,2.8495,
438018729976,1247.0,922.0803,661.8787,1,2.8922,1,790.9968,586.0087,1,2.7548,1,856.5386,623.9437,2.8235,
438018733977,1251.0,932.6717,660.4423,1,2.9083,1,805.5765,547.7862,1,2.7935,1,869.1241,604.1143,2.8509,
438018737976,1255.0,927.5007,655.4757,1,2.8445,1,809.2252,579.7682,1,2.7406,1,868.363,617.622,2.7925,
438018741976,1259.0,926.997,661.9495,1,2.8652,1,815.4655,556.636,1,2.8117,1,871.2312,609.2927,2.8384,
438018745977,1263.0,920.5186,667.0415,1,2.885,1,795.7193,562.2365,1,2.7505,1,858.1189,614.639,2.8178,
438018749976,1267.0,929.324,679.5338,1,2.8118,1,797.0423,581.5053,1,2.7088,1,863.1832,630.5196,2.7603,
438018753976,1271.0,926.258,668.593,1,2.8219,1,818.7804,557.4916,1,2.8109,1,872.5192,613.0423,2.8164,
438018757976,1275.0,925.4406,662.9374,1,2.8346,1,792.6492,560.6151,1,2.7506,1,859.0449,611.7762,2.7926,
438018761975,1279.0,911.3379,692.1203,1,2.7888,1,803.1602,572.3036,1,2.7363,1,857.249,632.2119,2.7626,
438018765975,1283.0,917.2585,696.9837,1,2.7546,1,810.128,564.8706,1,2.774,1,863.6933,630.9272,2.7643,
438018769975,1287.0,910.6547,657.6435,1,2.8368,1,804.4159,574.2209,1,2.7199,1,857.5353,615.9322,2.7784,
438018773976,1291.0,915.9094,668.1294,1,2.7802,1,792.0555,559.405,1,2.7748,1,853.9824,613.7672,2.7775,
438018777978,1295.0,920.1362,658.0991,1,2.8185,1,802.9313,576.8224,1,2.6905,1,861.5337,617.4608,2.7545,
438018781979,1299.0,903.8551,669.1275,1,2.8169,1,800.4786,570.9696,1,2.7245,1,852.1669,620.0486,2.7707,
438018785978,1303.0,926.9239,677.4032,1,2.764,1,801.8198,574.0515,1,2.6999,1,864.3719,625.7274,2.7319,
438018789977,1307.0,904.1318,691.6168,1,2.7649,1,797.6205,564.2888,1,2.7072,1,850.8761,627.9528,2.7361,
438018793977,1311.0,922.0768,689.8597,1,2.7391,1,802.6128,601.7019,1,2.626,1,862.3448,645.7808,2.6826,
438018797977,1315.0,922.5936,674.5141,1,2.7753,1,799.3047,573.8153,1,2.6699,1,860.9491,624.1647,2.7226,
438018801977,1319.0,926.6751,682.3705,1,2.7624,1,790.1699,558.5786,1,2.7081,1,858.4225,620.4745,2.7352,
438018805978,1323.0,933.0893,676.4405,1,2.7489,1,824.9205,580.9619,1,2.7038,1,879.0049,628.7012,2.7264,
438018809977,1327.0,977.5306,684.6823,1,2.7812,1,859.2731,584.4385,1,2.7048,1,918.4019,634.5604,2.743,
438018813976,1331.0,993.8903,711.8684,1,2.7567,1,893.3722,618.2235,1,2.6766,1,943.6313,665.046,2.7166,
438018817976,1335.0,1006.7368,719.8788,1,2.739,1,898.5284,637.7603,1,2.6768,1,952.6326,678.8195,2.7079,
438018821977,1339.0,1024.2162,729.5611,1,2.7766,1,914.1164,638.9901,1,2.6264,1,969.1663,684.2756,2.7015,
438018825977,1343.0,1021.9275,750.1435,1,2.7267,1,881.4815,640.4285,1,2.656,1,951.7045,695.286,2.6913,
438018829977,1347.0,1002.7542,738.5945,1,2.7574,1,881.3872,620.2274,1,2.7188,1,942.0707,679.4109,2.7381,
438018833976,1351.0,995.311,734.5133,1,2.7304,1,859.8386,645.5286,1,2.6313,1,927.5748,690.0209,2.6809,
438018837977,1355.0,992.6415,758.8132,1,2.7023,1,882.2381,625.1046,1,2.6578,1,937.4398,691.9589,2.6801,
438018841977,1359.0,1002.7206,726.8111,1,2.7677,1,874.8815,635.5018,1,2.6665,1,938.8011,681.1564,2.7171,
438018845976,1363.0,1009.8837,743.1542,1,2.7198,1,877.8638,642.822,1,2.6792,1,943.8737,692.9881,2.6995,
438018849977,1367.0,1009.6685,757.1892,1,2.6969,1,895.1034,621.7511,1,2.6731,1,952.3859,689.4701,2.685,
438018853978,1371.0,1011.6884,752.0928,1,2.6838,1,884.9612,664.1316,1,2.6031,1,948.3248,708.1122,2.6435,
438018857976,1375.0,1002.9602,736.9301,1,2.7788,1,875.6172,641.669,1,2.6388,1,939.2887,689.2996,2.7088,
438018861976,1379.0,1004.418,729.1082,1,2.7757,1,882.7555,641.1561,1,2.6493,1,943.5867,685.1322,2.7125,
438018865975,1383.0,1009.8113,707.8401,1,2.8175,1,883.5348,649.0929,1,2.6634,1,946.6731,678.4665,2.7405,
438018869975,1387.0,1008.8236,751.3205,1,2.7263,1,879.8354,647.413,1,2.6189,1,944.3295,699.3667,2.6726,
438018873975,1391.0,1008.5456,741.0065,1,2.7104,1,875.5885,635.1966,1,2.6636,1,942.0671,688.1015,2.687,
438018877976,1395.0,1025.8744,749.9613,1,2.7387,1,883.9965,639.3781,1,2.6525,1,954.9354,694.6697,2.6956,
438018881977,1399.0,1004.081,758.1101,1,2.7052,1,868.9462,621.2186,1,2.7144,1,936.5136,689.6644,2.7098,
438018885976,1403.0,1012.1546,735.0537,1,2.713,1,877.5355,645.2327,1,2.6396,1,944.8451,690.1432,2.6763,
438018889976,1407.0,1011.5759,737.05,1,2.7378,1,871.3166,639.0683,1,2.64,1,941.4462,688.0591,2.6889,
438018893975,1411.0,1000.2708,748.2561,1,2.7271,1,890.6742,624.2137,1,2.6853,1,945.4725,686.2349,2.7062,
438018897976,1415.0,1014.1059,756.9333,1,2.6953,1,877.0144,639.4757,1,2.6529,1,945.5602,698.2045,2.6741,
438018901976,1419.0,1002.9245,739.1873,1,2.7269,1,868.3698,628.8087,1,2.6776,1,935.6471,683.998,2.7022,
438018905976,1423.0,1021.5966,734.3411,1,2.7443,1,873.9266,651.7931,1,2.6034,1,947.7616,693.0671,2.6738,
438018909974,1427.0,1009.5961,739.3989,1,2.7453,1,871.9964,656.5099,1,2.5775,1,940.7962,697.9544,2.6614,
438018913974,1431.0,1001.3417,762.9501,1,2.7334,1,883.7031,648.7081,1,2.6391,1,942.5224,705.8291,2.6862,
438018917973,1435.0,1014.5167,735.1678,1,2.7465,1,868.743,627.312,1,2.681,1,941.6299,681.2399,2.7137,
438018921973,1439.0,999.5409,721.444,1,2.7763,1,861.8398,644.3771,1,2.6397,1,930.6904,682.9105,2.708,
438018925974,1443.0,1006.2164,733.9702,1,2.7338,1,882.4496,649.4318,1,2.577,1,944.333,691.701,2.6554,
438018929975,1447.0,1015.5995,733.1799,1,2.7384,1,867.1834,641.9353,1,2.6255,1,941.3915,687.5576,2.6819,
438018933974,1451.0,1010.433,745.5837,1,2.7191,1,871.2836,637.7126,1,2.6474,1,940.8583,691.6481,2.6832,
438018937974,1455.0,1002.4751,741.734,1,2.7185,1,873.8437,639.4486,1,2.6938,1,938.1594,690.5913,2.7061,
438018941974,1459.0,1002.3865,744.0996,1,2.7244,1,864.9821,653.8868,1,2.6369,1,933.6843,698.9932,2.6806,
438018945974,1463.0,1004.1641,729.687,1,2.7436,1,875.4805,642.8648,1,2.6542,1,939.8223,686.2759,2.6989,
438018949974,1467.0,1015.6411,731.7282,1,2.7358,1,878.0112,629.9127,1,2.6653,1,946.8261,680.8204,2.7006,
438018953975,1471.0,1009.9773,741.4591,1,2.7208,1,871.5103,622.5701,1,2.6626,1,940.7438,682.0146,2.6917,
438018957974,1475.0,1002.0555,747.3311,1,2.719,1,882.8284,629.0926,1,2.6572,1,942.442,688.2118,2.6881,
438018961974,1479.0,1018.8276,740.2237,1,2.7169,1,870.4019,656.1296,1,2.588,1,944.6147,698.1766,2.6525,
438018965973,1483.0,1001.0722,749.2469,1,2.7009,1,877.2945,644.6183,1,2.6457,1,939.1833,696.9326,2.6733,
438018969972,1487.0,955.8274,782.5367,1,2.7214,1,832.4262,678.4814,1,2.6193,1,894.1268,730.5091,2.6703,
438018973973,1491.0,902.9206,833.4578,1,2.715,1,792.2271,718.4508,1,2.6889,1,847.5739,775.9543,2.702,
438018977974,1495.0,861.9628,872.9465,1,2.7696,1,768.1169,752.5244,1,2.675,1,815.0398,812.7355,2.7223,
438018981973,1499.0,858.6958,903.1794,1,2.7563,1,745.858,795.326,1,2.6889,1,802.2769,849.2527,2.7226,
438018985973,1503.0,869.8263,885.4529,1,2.7683,1,720.6115,808.7101,1,2.6539,1,795.2189,847.0815,2.7111,
438018989973,1507.0,865.8475,900.6527,1,2.7362,1,721.8851,780.4956,1,2.6985,1,793.8663,840.5742,2.7173,
438018993972,1511.0,877.541,907.7086,1,2.6892,1,727.9668,789.2398,1,2.7057,1,802.7539,848.4742,2.6974,
438018997973,1515.0,868.228,897.8028,1,2.7642,1,699.888,802.5752,1,2.6399,1,784.058,850.189,2.702,
438019001974,1519.0,864.4327,918.0563,1,2.7177,1,706.3994,812.5824,1,2.6733,1,785.416,865.3194,2.6955,
438019005973,1523.0,846.1827,900.9024,1,2.7637,1,711.3744,812.87,1,2.6791,1,778.7785,856.8862,2.7214,
438019009973,1527.0,856.1658,899.2086,1,2.7672,1,691.7539,806.4769,1,2.6736,1,773.9599,852.8428,2.7204,
438019013973,1531.0,846.8463,893.0519,1,2.7332,1,717.3933,806.4277,1,2.684,1,782.1198,849.7398,2.7086,
438019017972,1535.0,849.7295,906.9043,1,2.7303,1,702.047,828.3168,1,2.6469,1,775.8883,867.6106,2.6886,
438019021972,1539.0,848.6484,919.466,1,2.7304,1,700.6622,832.1481,1,2.6265,1,774.6553,875.807,2.6784,
438019025973,1543.0,842.4068,902.3704,1,2.786,1,715.1272,816.2466,1,2.6958,1,778.767,859.3085,2.7409,
438019029971,1547.0,864.5605,911.8303,1,2.7408,1,705.1376,795.0908,1,2.7281,1,784.8491,853.4605,2.7345,
438019033971,1551.0,853.2609,921.0819,1,2.7506,1,699.1442,810.1066,1,2.6588,1,776.2025,865.5942,2.7047,
438019037974,1555.0,857.1396,900.8519,1,2.7433,1,707.3985,806.0501,1,2.6393,1,782.2691,853.451,2.6913,
438019041974,1559.0,851.5762,903.6995,1,2.7435,1,707.4957,808.0865,1,2.678,1,779.5359,855.893,2.7107,
438019045974,1563.0,861.2324,893.6535,1,2.762,1,692.9223,833.1762,1,2.6386,1,777.0774,863.4148,2.7003,
438019049976,1567.0,845.9544,880.7583,1,2.7564,1,707.4153,802.558,1,2.6734,1,776.6849,841.6582,2.7149,
438019053975,1571.0,849.1339,906.6617,1,2.7193,1,700.1094,797.6225,1,2.6774,1,774.6216,852.1421,2.6983,
438019057975,1575.0,870.3472,914.6481,1,2.6824,1,710.105,818.4099,1,2.6469,1,790.2261,866.529,2.6647,
438019061975,1579.0,851.9295,911.8422,1,2.7348,1,705.9531,819.5923,1,2.6453,1,778.9413,865.7173,2.69,
438019065975,1583.0,859.9826,911.7974,1,2.7294,1,685.6672,807.368,1,2.6381,1,772.8249,859.5827,2.6837,
438019069975,1587.0,856.989,912.6353,1,2.7224,1,711.4366,812.814,1,2.6528,1,784.2128,862.7246,2.6876,
438019073974,1591.0,854.5362,915.1065,1,2.7443,1,699.0542,821.0535,1,2.6055,1,776.7952,868.08,2.6749,
438019077975,1595.0,857.1747,919.0747,1,2.7262,1,694.1955,803.9139,1,2.6227,1,775.6851,861.4943,2.6745,
438019081973,1599.0,858.8371,925.7356,1,2.7291,1,695.8529,804.6167,1,2.6883,1,777.345,865.1761,2.7087,
438019085973,1603.0,851.7216,901.3789,1,2.733,1,708.9972,814.3151,1,2.6556,1,780.3594,857.847,2.6943,
438019089973,1607.0,858.7287,916.351,1,2.7514,1,696.3233,823.6919,1,2.6056,1,777.526,870.0215,2.6785,
438019093974,1611.0,853.8225,918.244,1,2.6852,1,693.6736,808.7341,1,2.6582,1,773.748,863.4891,2.6717,
438019097973,1615.0,847.8044,909.5203,1,2.7154,1,709.7884,818.0344,1,2.6747,1,778.7964,863.7773,2.695,
438019101973,1619.0,866.8196,911.4756,1,2.696,1,697.9368,818.407,1,2.6327,1,782.3782,864.9413,2.6644,
438019105974,1623.0,858.2788,919.7101,1,2.7058,1,696.7199,813.5408,1,2.6539,1,777.4994,866.6254,2.6799,
438019109973,1627.0,853.4688,910.3678,1,2.7189,1,712.0747,816.0452,1,2.6606,1,782.7718,863.2065,2.6897,
438019113973,1631.0,847.6734,920.5051,1,2.7045,1,710.5246,799.8283,1,2.6744,1,779.099,860.1667,2.6895,
438019117973,1635.0,845.2543,920.902,1,2.6737,1,697.7155,821.9171,1,2.6251,1,771.4849,871.4096,2.6494,
438019121973,1639.0,853.1199,911.026,1,2.7439,1,710.9001,812.6027,1,2.6197,1,782.01,861.8143,2.6818,
438019125973,1643.0,857.0403,899.9627,1,2.7462,1,695.891,821.9301,1,2.6612,1,776.4656,860.9464,2.7037,
438019129973,1647.0,845.7641,912.2398,1,2.7317,1,702.3241,815.9063,1,2.6167,1,774.0441,864.0731,2.6742,
438019133972,1651.0,854.0864,918.8359,1,2.6996,1,700.1676,814.9861,1,2.6309,1,777.127,866.911,2.6653,
438019137973,1655.0,846.8939,919.6608,1,2.6914,1,698.9079,805.4116,1,2.6912,1,772.9009,862.5362,2.6913,
438019141972,1659.0,846.782,911.0628,1,2.7205,1,708.3721,816.3994,1,2.6439,1,777.577,863.7311,2.6822,
438019145972,1663.0,853.3273,928.3097,1,2.6669,1,708.7071,823.323,1,2.5922,1,781.0172,875.8164,2.6296,
438019149973,1667.0,856.1828,906.0456,1,2.7189,1,703.0787,812.1361,1,2.6321,1,779.6308,859.0908,2.6755,
438019153973,1671.0,850.694,911.833,1,2.707,1,702.3683,789.2587,1,2.6851,1,776.5312,850.5458,2.6961,
438019157972,1675.0,853.2309,917.3879,1,2.6762,1,707.5462,820.3082,1,2.6395,1,780.3886,868.8481,2.6579,
438019161973,1679.0,848.8401,895.0246,1,2.6879,1,702.9073,809.9315,1,2.6347,1,775.8737,852.4781,2.6613,
438019165974,1683.0,864.7744,885.9284,1,2.7347,1,700.0312,805.5291,1,2.6565,1,782.4028,845.7288,2.6956,
438019169970,1687.0,856.9988,900.4306,1,2.6988,1,709.8005,822.1346,1,2.618,1,783.3996,861.2826,2.6584,
438019173971,1691.0,851.4083,912.4832,1,2.6626,1,706.402,815.3831,1,2.6422,1,778.9052,863.9332,2.6524,
438019177972,1695.0,849.3606,909.4303,1,2.6764,1,708.152,817.2819,1,2.591,1,778.7563,863.3561,2.6337,
438019181970,1699.0,848.1843,897.3233,1,2.6951,1,714.8923,809.6241,1,2.6384,1,781.5383,853.4737,2.6667,
438019185970,1703.0,870.4765,901.1326,1,2.6913,1,703.9479,809.7876,1,2.6646,1,787.2122,855.4601,2.6779,
438019189970,1707.0,850.7627,923.9192,1,2.7082,1,702.9171,815.238,1,2.6122,1,776.8399,869.5786,2.6602,
438019193969,1711.0,849.0928,926.7343,1,2.6672,1,702.0932,809.8602,1,2.6282,1,775.593,868.2972,2.6477,
438019197969,1715.0,868.9689,909.1775,1,2.7438,1,700.0236,803.1518,1,2.6613,1,784.4962,856.1646,2.7026,
438019201970,1719.0,863.247,922.3907,1,2.698,1,704.9677,797.5678,1,2.651,1,784.1074,859.9792,2.6745,
438019205969,1723.0,842.3365,922.3689,1,2.6438,1,700.4427,809.7165,1,2.5879,1,771.3896,866.0427,2.6159,
438019209969,1727.0,856.0374,898.6282,1,2.678,1,696.1146,815.6021,1,2.5882,1,776.076,857.1152,2.6331,
438019213969,1731.0,850.6905,902.8482,1,2.6821,1,696.0051,826.186,1,2.5612,1,773.3478,864.5171,2.6217,
438019217969,1735.0,847.8734,900.3313,1,2.6918,1,707.1802,833.4043,1,2.5774,1,777.5268,866.8678,2.6346,
438019221970,1739.0,856.4865,898.4942,1,2.702,1,703.5877,815.3489,1,2.5874,1,780.0371,856.9215,2.6447,
438019225971,1743.0,859.9781,911.0913,1,2.6954,1,693.1787,814.1923,1,2.6266,1,776.5784,862.6418,2.661,
438019229970,1747.0,852.8078,919.7736,1,2.6698,1,692.7006,804.7094,1,2.6537,1,772.7542,862.2415,2.6618,
438019233969,1751.0,845.2733,912.7713,1,2.6979,1,701.5698,807.5019,1,2.636,1,773.4215,860.1366,2.667,
438019237969,1755.0,857.3559,930.7437,1,2.6823,1,709.5847,802.7924,1,2.6214,1,783.4703,866.7681,2.6519,
438019241969,1759.0,849.5091,912.6197,1,2.696,1,707.1422,822.8534,1,2.608,1,778.3256,867.7366,2.652,
438019245970,1763.0,847.6577,909.5324,1,2.7059,1,705.0959,800.9933,1,2.6213,1,776.3768,855.2629,2.6636,
438019249971,1767.0,851.1577,925.4213,1,2.6421,1,697.4685,818.5344,1,2.59,1,774.3131,871.9779,2.6161,
438019253969,1771.0,843.3406,912.8475,1,2.6712,1,693.2522,812.6366,1,2.5927,1,768.2964,862.742,2.632,
438019257970,1775.0,850.5748,912.3434,1,2.6826,1,701.4351,812.0071,1,2.5955,1,776.0049,862.1752,2.6391,
438019261970,1779.0,851.6953,907.0504,1,2.6587,1,706.9128,812.3614,1,2.593,1,779.3041,859.7059,2.6258,
438019265970,1783.0,847.5423,897.6223,1,2.6689,1,704.6986,819.3811,1,2.5886,1,776.1205,858.5017,2.6287,
438019269971,1787.0,849.5383,901.0772,1,2.6655,1,706.3198,835.5654,1,2.589,1,777.9291,868.3213,2.6273,
438019273971,1791.0,858.6255,898.7535,1,2.7137,1,705.8786,828.2086,1,2.5537,1,782.2521,863.4811,2.6337,
438019277972,1795.0,863.6164,907.9623,1,2.6932,1,707.9138,831.676,1,2.5812,1,785.7651,869.8191,2.6372,
438019281971,1799.0,861.9681,908.3513,1,2.6955,1,705.4252,808.5187,1,2.5818,1,783.6966,858.435,2.6387,
438019285971,1803.0,865.2818,911.3083,1,2.6702,1,715.1418,813.0161,1,2.6027,1,790.2118,862.1622,2.6364,
438019289969,1807.0,848.2518,915.0838,1,2.6434,1,711.4086,816.2739,1,2.5991,1,779.8302,865.6788,2.6212,
438019293969,1811.0,848.4627,906.9952,1,2.6561,1,706.332,806.1549,1,2.6128,1,777.3974,856.5751,2.6344,
438019297969,1815.0,850.3615,894.1932,1,2.6935,1,693.1408,825.8088,1,2.5936,1,771.7512,860.001,2.6435,
438019301966,1819.0,858.3976,900.3603,1,2.7083,1,718.3578,804.0789,1,2.6503,1,788.3777,852.2196,2.6793,
438019305967,1823.0,859.851,919.1797,1,2.6849,1,717.4953,813.1352,1,2.6075,1,788.6731,866.1574,2.6462,
438019309966,1827.0,855.0107,924.8212,1,2.66,1,713.6346,808.4497,1,2.6143,1,784.3227,866.6354,2.6372,
438019313967,1831.0,851.6164,893.2341,1,2.6973,1,681.9196,820.4648,1,2.5757,1,766.768,856.8495,2.6365,
438019317967,1835.0,860.3156,895.8368,1,2.7272,1,698.9789,832.0388,1,2.6049,1,779.6472,863.9378,2.6661,
438019321968,1839.0,857.0309,912.4154,1,2.6708,1,696.197,796.3232,1,2.6404,1,776.6139,854.3693,2.6556,
438019325968,1843.0,852.8399,916.7613,1,2.6817,1,711.8346,798.1148,1,2.6513,1,782.3373,857.4381,2.6665,
438019329969,1847.0,851.2826,937.7586,1,2.6706,1,705.3418,808.0267,1,2.6553,1,778.3122,872.8927,2.663,
438019333967,1851.0,858.0743,909.3948,1,2.7017,1,705.0195,804.5217,1,2.663,1,781.5469,856.9582,2.6824,
438019337967,1855.0,854.6223,891.4803,1,2.7242,1,699.4844,812.4968,1,2.6187,1,777.0533,851.9885,2.6715,
438019341966,1859.0,858.4839,910.9224,1,2.6924,1,697.0074,807.687,1,2.6055,1,777.7457,859.3047,2.6489,
438019345966,1863.0,850.7246,930.3329,1,2.6751,1,702.7891,824.4498,1,2.56,1,776.7568,877.3913,2.6175,
438019349966,1867.0,853.1981,927.7143,1,2.6689,1,700.1048,817.511,1,2.5944,1,776.6514,872.6126,2.6316,
438019353968,1871.0,856.5519,931.1515,1,2.6863,1,704.4921,824.4775,1,2.5831,1,780.522,877.8145,2.6347,
438019357967,1875.0,853.6313,896.8673,1,2.7221,1,707.2692,827.2063,1,2.5875,1,780.4502,862.0368,2.6548,
438019361968,1879.0,844.7001,911.0952,1,2.7001,1,703.5721,818.5464,1,2.5668,1,774.1361,864.8208,2.6335,
438019365968,1883.0,849.675,906.3369,1,2.6988,1,680.7546,797.3469,1,2.6455,1,765.2148,851.8419,2.6722,
438019369968,1887.0,835.3435,919.4493,1,2.675,1,685.4339,794.8609,1,2.6416,1,760.3887,857.1551,2.6583,
438019373968,1891.0,838.4273,907.4444,1,2.6662,1,687.7063,805.9641,1,2.6101,1,763.0668,856.7042,2.6381,
438019377968,1895.0,841.7189,881.6046,1,2.6929,1,692.097,801.9285,1,2.6102,1,766.908,841.7665,2.6516,
438019381967,1899.0,847.7494,900.2423,1,2.6907,1,699.7398,804.4279,1,2.6223,1,773.7446,852.3351,2.6565,
438019385967,1903.0,843.1694,916.7371,1,2.6875,1,701.8849,784.3043,1,2.6777,1,772.5272,850.5207,2.6826,
438019389968,1907.0,848.4918,907.5657,1,2.7147,1,702.0058,805.009,1,2.6477,1,775.2488,856.2873,2.6812,
438019393968,1911.0,845.3754,901.8461,1,2.7286,1,692.1382,796.5781,1,2.6539,1,768.7568,849.2121,2.6913,
438019397967,1915.0,839.5906,894.1807,1,2.7109,1,692.472,805.5243,1,2.6028,1,766.0313,849.8525,2.6569,
438019401968,1919.0,848.1343,889.6567,1,2.6916,1,684.6656,798.6102,1,2.6542,1,766.4,844.1334,2.6729,
438019405967,1923.0,839.8593,894.4043,1,2.7041,1,689.2422,806.9597,1,2.6165,1,764.5507,850.682,2.6603,
438019409968,1927.0,854.6891,907.3339,1,2.7058,1,685.9451,800.9881,1,2.6275,1,770.3171,854.161,2.6667,
438019413968,1931.0,852.3465,916.175,1,2.7253,1,696.7192,804.2171,1,2.654,1,774.5328,860.196,2.6897,
438019417968,1935.0,839.337,898.122,1,2.7384,1,687.1977,811.5411,1,2.6436,1,763.2673,854.8315,2.691,
438019421967,1939.0,835.1746,885.826,1,2.7463,1,685.0092,808.1046,1,2.6292,1,760.0919,846.9653,2.6877,
438019425968,1943.0,839.3709,888.2656,1,2.7413,1,679.281,796.3004,1,2.6557,1,759.3259,842.283,2.6985,
438019429967,1947.0,841.6885,888.3816,1,2.7374,1,689.5066,791.2753,1,2.6355,1,765.5976,839.8285,2.6864,
438019433969,1951.0,846.1085,914.7574,1,2.6886,1,691.0064,787.27,1,2.6704,1,768.5575,851.0137,2.6795,
438019437969,1955.0,843.1985,904.6513,1,2.7618,1,685.6376,784.6848,1,2.6935,1,764.418,844.668,2.7276,
438019441969,1959.0,859.4713,913.0136,1,2.7087,1,684.1247,814.7371,1,2.6306,1,771.798,863.8754,2.6696,
438019445969,1963.0,833.096,912.7897,1,2.7326,1,695.297,802.9031,1,2.657,1,764.1965,857.8464,2.6948,
438019449970,1967.0,841.7158,897.2326,1,2.7351,1,676.2595,815.4187,1,2.6505,1,758.9876,856.3256,2.6928,
438019453969,1971.0,844.4273,889.1969,1,2.726,1,685.7534,805.8995,1,2.678,1,765.0904,847.5482,2.702,
438019457969,1975.0,838.4601,887.674,1,2.7346,1,697.2265,807.6559,1,2.6475,1,767.8433,847.665,2.6911,
438019461969,1979.0,850.3325,885.0882,1,2.7566,1,682.4312,804.1886,1,2.6206,1,766.3818,844.6384,2.6886,
438019465969,1983.0,850.3353,907.4677,1,2.743,1,700.8637,788.6516,1,2.677,1,775.5995,848.0596,2.71,
438019469968,1987.0,843.2727,902.8838,1,2.7822,1,691.0181,802.0879,1,2.6606,1,767.1454,852.4859,2.7214,
438019473968,1991.0,839.3747,912.3086,1,2.7302,1,685.1961,811.0982,1,2.6732,1,762.2854,861.7034,2.7017,
438019477969,1995.0,834.0473,909.9084,1,2.753,1,685.8373,806.7533,1,2.6542,1,759.9423,858.3308,2.7036,
438019481968,1999.0,840.5993,914.6382,1,2.7319,1,680.3611,806.6891,1,2.6194,1,760.4802,860.6636,2.6756,
438019485968,2003.0,842.5977,905.3204,1,2.7419,1,676.2205,812.754,1,2.6526,1,759.4091,859.0372,2.6973,
438019489968,2007.0,836.0534,889.5401,1,2.7644,1,692.7935,801.0066,1,2.644,1,764.4235,845.2733,2.7042,
438019493968,2011.0,837.5768,905.7633,1,2.746,1,678.9942,810.5385,1,2.6362,1,758.2855,858.1509,2.6911,
438019497968,2015.0,832.9578,898.2821,1,2.7401,1,700.1895,803.8343,1,2.6573,1,766.5736,851.0582,2.6987,
438019501968,2019.0,835.3935,884.7426,1,2.7565,1,691.5686,803.0016,1,2.6664,1,763.481,843.8721,2.7114,
438019505969,2023.0,842.226,897.2432,1,2.7503,1,691.8868,796.2564,1,2.6867,1,767.0564,846.7498,2.7185,
438019509968,2027.0,842.2796,907.6031,1,2.7543,1,702.4067,792.4274,1,2.7089,1,772.3432,850.0152,2.7316,
438019513968,2031.0,845.6633,907.3753,1,2.7526,1,697.5373,806.7141,1,2.6779,1,771.6003,857.0447,2.7152,
438019517968,2035.0,838.0884,895.2928,1,2.7906,1,694.2573,788.9025,1,2.6816,1,766.1728,842.0977,2.7361,
438019521968,2039.0,851.3112,902.4002,1,2.7722,1,697.3765,790.6358,1,2.695,1,774.3439,846.518,2.7336,
438019525968,2043.0,856.4203,912.0005,1,2.7905,1,686.1366,796.5643,1,2.6751,1,771.2785,854.2824,2.7328,
438019529969,2047.0,845.0824,898.6424,1,2.7807,1,693.669,780.822,1,2.7297,1,769.3757,839.7322,2.7552,
438019533969,2051.0,845.5281,918.0149,1,2.7601,1,703.8348,795.5987,1,2.7259,1,774.6814,856.8068,2.743,
438019537969,2055.0,837.1794,896.7596,1,2.7942,1,676.7572,806.8633,1,2.6448,1,756.9683,851.8115,2.7195,
438019541969,2059.0,835.3838,908.9408,1,2.7196,1,683.7262,793.5625,1,2.725,1,759.555,851.2516,2.7223,
438019545969,2063.0,847.6834,909.7773,1,2.7565,1,703.8058,799.7969,1,2.7078,1,775.7446,854.7871,2.7322,
438019549969,2067.0,840.6627,922.1589,1,2.7888,1,694.3087,806.8457,1,2.6643,1,767.4857,864.5023,2.7265,
438019553970,2071.0,853.0951,902.1794,1,2.7808,1,689.3738,801.9241,1,2.7006,1,771.2345,852.0517,2.7407,
438019557969,2075.0,838.1491,887.0303,1,2.8155,1,688.8665,796.8327,1,2.6815,1,763.5078,841.9315,2.7485,
438019561973,2079.0,840.1424,893.2884,1,2.7832,1,705.9083,804.9893,1,2.6531,1,773.0253,849.1389,2.7182,
438019565973,2083.0,852.2,909.4283,1,2.7725,1,684.8012,814.0751,1,2.6195,1,768.5006,861.7517,2.696,
438019569973,2087.0,850.7074,892.8031,1,2.8102,1,692.5624,794.8921,1,2.6869,1,771.6349,843.8476,2.7485,
438019573973,2091.0,847.7431,892.9636,1,2.7953,1,692.8333,794.8064,1,2.7002,1,770.2882,843.885,2.7478,
438019577973,2095.0,846.5087,904.2356,1,2.7545,1,710.8997,802.8539,1,2.71,1,778.7042,853.5448,2.7322,
438019581973,2099.0,834.2267,881.723,1,2.8232,1,680.374,816.8925,1,2.6588,1,757.3004,849.3077,2.741,
438019585973,2103.0,836.0602,902.8196,1,2.763,1,694.8336,815.6519,1,2.6466,1,765.4469,859.2357,2.7048,
438019589974,2107.0,848.4091,887.7119,1,2.7756,1,692.4206,800.2863,1,2.7169,1,770.4148,843.9991,2.7463,
438019593973,2111.0,834.4736,898.4652,1,2.8188,1,702.9005,799.9109,1,2.7022,1,768.6871,849.1881,2.7605,
438019597973,2115.0,844.1943,892.0245,1,2.7804,1,693.0475,819.1399,1,2.6492,1,768.6209,855.5822,2.7148,
438019601974,2119.0,848.3634,897.6368,1,2.778,1,680.5986,819.2133,1,2.6594,1,764.481,858.4251,2.7187,
438019605973,2123.0,842.8293,902.382,1,2.7844,1,683.7824,792.033,1,2.7243,1,763.3058,847.2075,2.7543,
438019609973,2127.0,843.999,893.193,1,2.7842,1,692.8037,789.8166,1,2.7147,1,768.4013,841.5048,2.7494,
438019613973,2131.0,853.5056,897.826,1,2.8097,1,684.4939,804.9898,1,2.6627,1,768.9998,851.4079,2.7362,
438019617973,2135.0,839.5251,908.2858,1,2.7451,1,680.1382,796.3021,1,2.6815,1,759.8316,852.2939,2.7133,
438019621973,2139.0,849.0,903.5236,1,2.8289,1,678.1021,803.8501,1,2.6836,1,763.5511,853.6869,2.7563,
438019625974,2143.0,844.1568,907.3012,1,2.775,1,696.7569,785.6513,1,2.7058,1,770.4569,846.4763,2.7404,
438019629973,2147.0,853.5168,913.195,1,2.7854,1,699.9149,799.7991,1,2.6898,1,776.7159,856.4971,2.7376,
438019633973,2151.0,843.0102,921.0961,1,2.7774,1,678.5321,814.2946,1,2.6434,1,760.7712,867.6954,2.7104,
438019637973,2155.0,833.7333,914.2284,1,2.7668,1,690.1062,817.3387,1,2.6631,1,761.9198,865.7835,2.7149,
438019641974,2159.0,845.6019,914.835,1,2.7762,1,688.1298,818.4754,1,2.657,1,766.8658,866.6552,2.7166,
438019645974,2163.0,843.1602,890.5002,1,2.8041,1,690.501,809.4321,1,2.6966,1,766.8306,849.9661,2.7504,
438019649975,2167.0,849.2613,896.2998,1,2.7781,1,686.5164,811.4695,1,2.6588,1,767.8889,853.8847,2.7184,
438019653974,2171.0,839.4808,916.0684,1,2.7589,1,691.5489,807.5042,1,2.6832,1,765.5148,861.7863,2.721,
438019657974,2175.0,839.2279,886.1058,1,2.7858,1,702.8012,798.246,1,2.6986,1,771.0145,842.1759,2.7422,
438019661974,2179.0,836.9742,895.3383,1,2.7921,1,693.9705,799.9527,1,2.7001,1,765.4724,847.6455,2.7461,
438019665974,2183.0,837.3921,895.8415,1,2.7852,1,690.6075,783.9767,1,2.7458,1,763.9998,839.9091,2.7655,
438019669974,2187.0,842.93,888.2888,1,2.7855,1,695.0525,789.7415,1,2.7204,1,768.9912,839.0151,2.753,
438019673974,2191.0,839.7402,885.799,1,2.7769,1,699.5609,786.7316,1,2.6891,1,769.6505,836.2653,2.733,
438019677974,2195.0,844.9439,896.5792,1,2.781,1,693.9898,796.3361,1,2.7153,1,769.4669,846.4577,2.7481,
438019681973,2199.0,836.436,897.3458,1,2.8046,1,697.2008,785.6072,1,2.7004,1,766.8184,841.4765,2.7525,
438019685974,2203.0,841.8445,904.1672,1,2.7874,1,692.694,804.4233,1,2.6854,1,767.2692,854.2952,2.7364,
438019689974,2207.0,841.3545,914.7495,1,2.8047,1,701.5491,788.5678,1,2.6801,1,771.4518,851.6586,2.7424,
438019693971,2211.0,829.0315,904.0133,1,2.7957,1,691.0259,801.1647,1,2.6776,1,760.0287,852.589,2.7366,
438019697971,2215.0,834.8874,905.7193,1,2.7844,1,704.8835,804.8822,1,2.6899,1,769.8854,855.3008,2.7372,
438019701972,2219.0,838.2707,915.2168,1,2.7964,1,692.0618,793.3856,1,2.6939,1,765.1663,854.3012,2.7451,
438019705971,2223.0,830.0597,918.2428,1,2.7621,1,696.4601,785.375,1,2.7075,1,763.2599,851.8089,2.7348,
438019709971,2227.0,842.78,910.4342,1,2.7786,1,701.7842,793.5047,1,2.7005,1,772.2821,851.9694,2.7395,
438019713971,2231.0,843.0011,911.9986,1,2.7829,1,703.339,806.7201,1,2.66,1,773.1701,859.3594,2.7214,
438019717971,2235.0,839.2015,905.9696,1,2.8048,1,694.8537,777.6397,1,2.7458,1,767.0276,841.8046,2.7753,
438019721971,2239.0,843.9727,910.793,1,2.7796,1,698.7923,798.9924,1,2.6771,1,771.3825,854.8927,2.7284,
438019725972,2243.0,844.9868,908.548,1,2.7976,1,694.5582,797.6299,1,2.687,1,769.7725,853.0889,2.7423,
438019729971,2247.0,836.7512,922.9982,1,2.7691,1,697.3091,811.1189,1,2.682,1,767.0302,867.0585,2.7255,
438019733971,2251.0,841.444,911.4029,1,2.7973,1,675.1842,808.2095,1,2.6939,1,758.3141,859.8062,2.7456,
438019737971,2255.0,844.7492,909.2956,1,2.7626,1,690.2619,808.9707,1,2.6996,1,767.5056,859.1332,2.7311,
438019741981,2259.0,856.7279,902.7513,1,2.7599,1,691.2395,809.7526,1,2.6678,1,773.9837,856.2519,2.7138,
438019745972,2263.0,845.8992,897.1657,1,2.7893,1,686.2723,790.337,1,2.7362,1,766.0857,843.7513,2.7627,
438019749981,2267.0,837.3615,890.8308,1,2.7755,1,700.1955,779.257,1,2.7599,1,768.7785,835.0439,2.7677,
438019753972,2271.0,834.074,910.4608,1,2.7455,1,701.4986,804.8077,1,2.6884,1,767.7863,857.6343,2.7169,
438019757972,2275.0,840.5381,883.9492,1,2.7718,1,696.7651,804.5309,1,2.7216,1,768.6516,844.24,2.7467,
438019761972,2279.0,840.578,898.6808,1,2.7594,1,694.0379,813.4144,1,2.6665,1,767.308,856.0476,2.7129,
438019765972,2283.0,856.8192,901.9064,1,2.7783,1,695.0569,817.733,1,2.6634,1,775.9381,859.8197,2.7209,
438019769971,2287.0,839.6369,889.2971,1,2.806,1,700.134,813.6627,1,2.662,1,769.8855,851.4799,2.734,
438019773972,2291.0,854.3993,891.0797,1,2.8154,1,709.4715,815.7307,1,2.7041,1,781.9354,853.4052,2.7597,
438019777980,2295.0,855.8948,893.8935,1,2.77,1,717.4112,797.9383,1,2.7284,1,786.653,845.9159,2.7492,
438019781972,2299.0,845.4152,894.035,1,2.8163,1,695.9816,820.4007,1,2.6472,1,770.6984,857.2179,2.7318,
438019785981,2303.0,848.9184,897.915,1,2.756,1,687.2805,801.763,1,2.7149,1,768.0994,849.839,2.7354,
438019789973,2307.0,849.5735,891.3277,1,2.7645,1,693.426,804.2023,1,2.7094,1,771.4998,847.765,2.7369,
438019793972,2311.0,854.7015,893.1262,1,2.8093,1,703.1962,809.5788,1,2.693,1,778.9489,851.3525,2.7511,
438019797973,2315.0,853.6791,895.4244,1,2.7796,1,703.5127,788.5893,1,2.7435,1,778.5959,842.0068,2.7616,
438019801973,2319.0,847.2291,910.3757,1,2.7607,1,696.5963,797.4294,1,2.7034,1,771.9127,853.9025,2.732,
438019805973,2323.0,847.9575,901.0283,1,2.7824,1,697.3259,798.4163,1,2.6875,1,772.6417,849.7223,2.7349,
438019809973,2327.0,840.2146,893.7657,1,2.8064,1,701.8439,811.3181,1,2.6678,1,771.0293,852.5419,2.7371,
438019813973,2331.0,845.9279,894.367,1,2.766,1,689.1517,801.5267,1,2.7018,1,767.5398,847.9469,2.7339,
438019817973,2335.0,851.7911,885.711,1,2.7829,1,700.7672,803.273,1,2.6876,1,776.2791,844.492,2.7352,
438019821973,2339.0,847.9755,887.2737,1,2.8129,1,702.9539,786.9162,1,2.7097,1,775.4647,837.0949,2.7613,
438019825973,2343.0,849.1973,901.2128,1,2.7725,1,687.4137,792.8283,1,2.6983,1,768.3055,847.0205,2.7354,
438019829974,2347.0,847.6555,917.8336,1,2.7749,1,696.1829,798.2491,1,2.7306,1,771.9192,858.0414,2.7527,
438019833973,2351.0,845.2765,905.3137,1,2.7877,1,705.0254,802.2807,1,2.7011,1,775.1509,853.7972,2.7444,
438019837973,2355.0,847.5116,896.8475,1,2.7745,1,701.2148,791.1412,1,2.7139,1,774.3632,843.9944,2.7442,
438019841974,2359.0,854.8997,896.0736,1,2.7724,1,709.6597,820.204,1,2.6706,1,782.2797,858.1388,2.7215,
438019845974,2363.0,846.9337,911.3143,1,2.7906,1,706.817,791.9675,1,2.7005,1,776.8753,851.6409,2.7455,
438019849973,2367.0,836.7729,912.8123,1,2.782,1,700.8149,801.0078,1,2.7055,1,768.7939,856.9101,2.7437,
438019853973,2371.0,835.943,911.8939,1,2.7931,1,694.7497,807.9938,1,2.6878,1,765.3464,859.9439,2.7405,
438019857972,2375.0,849.3326,900.7445,1,2.8228,1,688.4066,790.8872,1,2.7505,1,768.8696,845.8158,2.7866,
438019861972,2379.0,851.9037,909.1058,1,2.8002,1,692.5997,791.5883,1,2.7576,1,772.2517,850.3471,2.7789,
438019865973,2383.0,848.2472,900.3671,1,2.836,1,698.8465,789.1329,1,2.7173,1,773.5468,844.75,2.7766,
438019869974,2387.0,845.4095,912.039,1,2.779,1,685.8857,811.9769,1,2.7019,1,765.6476,862.0079,2.7404,
438019873973,2391.0,848.8649,911.5136,1,2.8014,1,691.8101,796.1728,1,2.7522,1,770.3375,853.8432,2.7768,
438019877973,2395.0,843.6291,935.291,1,2.7606,1,704.0037,811.7731,1,2.7282,1,773.8164,873.532,2.7444,
438019881973,2399.0,860.2013,935.3465,1,2.8015,1,707.2347,810.7517,1,2.7081,1,783.718,873.0491,2.7548,
438019885973,2403.0,849.1506,910.6918,1,2.7959,1,709.0156,800.128,1,2.7493,1,779.0831,855.4099,2.7726,
438019889973,2407.0,849.5198,914.9319,1,2.7731,1,702.6707,796.7676,1,2.7468,1,776.0952,855.8497,2.76,
438019893973,2411.0,849.4338,906.0572,1,2.8138,1,696.8081,819.0038,1,2.6921,1,773.121,862.5305,2.753,
438019897974,2415.0,844.9705,915.7022,1,2.7609,1,698.9878,798.8937,1,2.7605,1,771.9792,857.298,2.7607,
438019901973,2419.0,846.4366,907.1982,1,2.8192,1,698.9274,799.5957,1,2.7455,1,772.682,853.3969,2.7823,
438019905973,2423.0,864.4869,892.077,1,2.8182,1,700.5145,803.8318,1,2.7398,1,782.5007,847.9544,2.779,
438019909974,2427.0,857.8927,896.3945,1,2.7918,1,697.4688,798.7108,1,2.7497,1,777.6807,847.5526,2.7707,
438019913974,2431.0,847.6389,899.6464,1,2.7932,1,702.1778,811.2393,1,2.738,1,774.9083,855.4429,2.7656,
438019917974,2435.0,850.3199,929.8727,1,2.7734,1,702.6116,800.4163,1,2.758,1,776.4657,865.1445,2.7657,
438019921975,2439.0,848.77,914.2771,1,2.7905,1,692.8507,809.1471,1,2.7166,1,770.8104,861.7121,2.7536,
438019925974,2443.0,837.7953,898.2012,1,2.8455,1,698.3472,782.4546,1,2.7759,1,768.0713,840.3279,2.8107,
438019929975,2447.0,849.4975,887.763,1,2.8318,1,697.7547,798.0401,1,2.7368,1,773.6261,842.9015,2.7843,
438019933974,2451.0,852.1013,906.3086,1,2.8016,1,703.763,783.5304,1,2.741,1,777.9322,844.9195,2.7713,
438019937975,2455.0,845.9566,904.8539,1,2.8114,1,702.6526,813.8825,1,2.7028,1,774.3046,859.3682,2.7571,
438019941975,2459.0,844.7039,910.555,1,2.836,1,689.1704,804.0979,1,2.7197,1,766.9372,857.3265,2.7779,
438019945976,2463.0,858.2121,906.6813,1,2.8291,1,701.4319,812.1239,1,2.7573,1,779.822,859.4026,2.7932,
438019949974,2467.0,852.889,899.6954,1,2.8788,1,698.5449,807.5281,1,2.7369,1,775.7169,853.6117,2.8079,
438019953973,2471.0,854.6951,895.8982,1,2.8654,1,690.2985,806.4383,1,2.7533,1,772.4968,851.1682,2.8093,
438019957974,2475.0,844.4471,896.1226,1,2.8352,1,697.8684,808.3722,1,2.7252,1,771.1578,852.2474,2.7802,
438019961974,2479.0,854.4876,898.8085,1,2.8053,1,686.8669,804.9452,1,2.7554,1,770.6772,851.8768,2.7803,
438019965974,2483.0,854.5422,908.367,1,2.8023,1,698.5111,813.7895,1,2.741,1,776.5267,861.0783,2.7716,
438019969975,2487.0,843.101,907.3522,1,2.8506,1,690.1412,802.973,1,2.7772,1,766.6211,855.1626,2.8139,
438019973974,2491.0,851.5416,918.5154,1,2.8482,1,692.7295,818.5431,1,2.733,1,772.1356,868.5293,2.7906,
438019977974,2495.0,857.2164,914.5664,1,2.8433,1,716.0422,797.8852,1,2.8047,1,786.6293,856.2258,2.824,
438019981974,2499.0,850.9292,912.7454,1,2.8451,1,690.6565,810.3865,1,2.7502,1,770.7929,861.5659,2.7977,
438019985974,2503.0,859.6952,903.7308,1,2.8571,1,688.3813,806.0069,1,2.7676,1,774.0383,854.8689,2.8124,
438019989975,2507.0,843.0127,913.0623,1,2.8555,1,697.6726,798.3084,1,2.7914,1,770.3426,855.6853,2.8234,
438019993976,2511.0,836.8431,910.4361,1,2.8397,1,693.0671,804.0053,1,2.7344,1,764.9551,857.2207,2.7871,
438019997975,2515.0,839.5249,892.4606,1,2.874,1,695.2163,798.5418,1,2.7777,1,767.3706,845.5012,2.8258,
438020001975,2519.0,848.9366,894.1972,1,2.8683,1,688.7981,801.8096,1,2.7742,1,768.8674,848.0034,2.8212,
438020005975,2523.0,846.2993,901.5013,1,2.8439,1,703.735,801.6701,1,2.7778,1,775.0172,851.5857,2.8109,
438020009975,2527.0,854.2414,905.4355,1,2.8532,1,687.4418,806.5455,1,2.7666,1,770.8416,855.9905,2.8099,
438020013975,2531.0,844.9676,904.785,1,2.8614,1,694.7068,809.9203,1,2.7738,1,769.8372,857.3526,2.8176,
438020017976,2535.0,847.8595,897.1266,1,2.8708,1,696.8635,815.4135,1,2.7873,1,772.3615,856.27,2.8291,
438020021975,2539.0,841.5433,918.8156,1,2.831,1,699.8467,799.495,1,2.8379,1,770.695,859.1553,2.8345,
438020025974,2543.0,856.8546,910.2891,1,2.903,1,707.0937,809.3409,1,2.7919,1,781.9742,859.815,2.8475,
438020029974,2547.0,850.5235,906.8031,1,2.8869,1,700.6227,802.6333,1,2.7875,1,775.5731,854.7182,2.8372,
438020033974,2551.0,850.9368,898.1465,1,2.9033,1,698.4086,797.4203,1,2.8093,1,774.6727,847.7834,2.8563,
438020037974,2555.0,843.1617,900.3686,1,2.8996,1,688.8853,811.9541,1,2.7785,1,766.0235,856.1614,2.8391,
438020041975,2559.0,853.1576,894.0883,1,2.9049,1,694.8421,810.8257,1,2.8032,1,773.9998,852.457,2.8541,
438020045973,2563.0,844.785,888.1019,1,2.8987,1,693.2738,816.9889,1,2.8187,1,769.0294,852.5454,2.8587,
438020049973,2567.0,851.2501,892.9672,1,2.9312,1,688.453,808.9424,1,2.8301,1,769.8515,850.9548,2.8806,
438020053973,2571.0,842.6941,901.3471,1,2.9161,1,699.3939,802.9691,1,2.8116,1,771.044,852.1581,2.8639,
438020057973,2575.0,847.7759,898.0086,1,2.9052,1,707.7589,800.3236,1,2.7971,1,777.7674,849.1661,2.8512,
438020061973,2579.0,851.2238,916.2964,1,2.8953,1,692.6664,811.5245,1,2.8115,1,771.9451,863.9105,2.8534,
438020065974,2583.0,857.7328,923.0406,1,2.87,1,694.2796,799.5293,1,2.827,1,776.0062,861.285,2.8485,
438020069974,2587.0,846.3487,913.0219,1,2.8964,1,696.5917,788.4672,1,2.8557,1,771.4702,850.7445,2.876,
438020073974,2591.0,844.6857,906.961,1,2.878,1,694.2045,808.0853,1,2.8127,1,769.4451,857.5231,2.8454,
438020077974,2595.0,854.8148,884.9958,1,2.9198,1,699.785,791.1798,1,2.8589,1,777.2999,838.0878,2.8894,
438020081974,2599.0,855.9358,895.8561,1,2.9043,1,700.9236,795.7013,1,2.8568,1,778.4297,845.7787,2.8806,
438020085974,2603.0,842.594,898.8428,1,2.896,1,694.917,779.2393,1,2.8743,1,768.7555,839.041,2.8851,
438020089974,2607.0,849.8313,901.4423,1,2.8885,1,700.3025,799.087,1,2.8619,1,775.0669,850.2646,2.8752,
438020093975,2611.0,837.4994,895.7093,1,2.9296,1,681.1835,799.1094,1,2.845,1,759.3415,847.4093,2.8873,
438020097974,2615.0,851.1838,887.3634,1,2.9263,1,693.1377,785.6268,1,2.8687,1,772.1607,836.4951,2.8975,
438020101974,2619.0,833.8332,884.425,1,2.9509,1,697.8464,813.6999,1,2.8029,1,765.8398,849.0624,2.8769,
438020105974,2623.0,843.3622,896.2253,1,2.9099,1,695.7647,788.6077,1,2.8754,1,769.5634,842.4165,2.8927,
438020109974,2627.0,842.601,902.5724,1,2.9313,1,698.6806,788.6541,1,2.8789,1,770.6408,845.6133,2.9051,
438020113974,2631.0,851.094,906.4754,1,2.9211,1,700.3211,787.0321,1,2.871,1,775.7076,846.7538,2.8961,
438020117975,2635.0,848.864,903.3631,1,2.9036,1,680.2329,798.955,1,2.804,1,764.5484,851.1591,2.8538,
438020121974,2639.0,849.5538,915.5308,1,2.9065,1,695.6921,794.5338,1,2.8601,1,772.6229,855.0323,2.8833,
438020125974,2643.0,848.4512,899.0448,1,2.9474,1,692.4628,792.6297,1,2.8777,1,770.457,845.8373,2.9125,
438020129974,2647.0,850.6143,903.6668,1,2.9554,1,693.4426,800.8296,1,2.8676,1,772.0285,852.2482,2.9115,
438020133974,2651.0,854.9413,899.7123,1,2.9506,1,698.7233,791.3438,1,2.8579,1,776.8323,845.5281,2.9043,
438020137973,2655.0,847.9425,903.9811,1,2.9092,1,698.7541,789.2627,1,2.8748,1,773.3483,846.6219,2.892,
438020141974,2659.0,844.2557,888.4639,1,2.9667,1,703.1719,788.7829,1,2.8674,1,773.7138,838.6234,2.917,
438020145973,2663.0,843.8885,897.3571,1,2.9563,1,703.9581,795.6926,1,2.864,1,773.9233,846.5248,2.9102,
438020149973,2667.0,838.1978,889.8066,1,2.9446,1,705.3695,808.7456,1,2.8481,1,771.7837,849.2761,2.8963,
438020153973,2671.0,853.9993,902.3449,1,2.9602,1,696.4129,797.8051,1,2.8615,1,775.2061,850.075,2.9109,
438020157973,2675.0,858.6853,897.4217,1,2.9749,1,694.8438,796.4912,1,2.89,1,776.7646,846.9564,2.9324,
438020161973,2679.0,864.1201,889.2367,1,2.9635,1,709.5859,784.596,1,2.9171,1,786.853,836.9163,2.9403,
438020165974,2683.0,840.4323,890.4105,1,2.9644,1,711.9559,802.3963,1,2.8808,1,776.1941,846.4034,2.9226,
438020169973,2687.0,849.7208,891.6421,1,2.9285,1,698.2827,791.37,1,2.8671,1,774.0018,841.506,2.8978,
438020173973,2691.0,853.5776,883.4249,1,2.9595,1,701.9052,807.8171,1,2.8514,1,777.7414,845.621,2.9054,
438020177973,2695.0,850.1048,895.1909,1,2.9698,1,697.0123,803.2364,1,2.8658,1,773.5585,849.2137,2.9178,
438020181973,2699.0,844.8643,890.7624,1,2.99,1,698.626,811.5563,1,2.867,1,771.7451,851.1594,2.9285,
438020185973,2703.0,851.3541,882.9467,1,2.971,1,701.8738,799.6061,1,2.8922,1,776.614,841.2764,2.9316,
438020189974,2707.0,855.4927,892.7896,1,2.9792,1,716.2035,788.7757,1,2.8972,1,785.8481,840.7826,2.9382,
438020193973,2711.0,851.5407,885.0663,1,2.9846,1,683.4413,804.1928,1,2.8709,1,767.491,844.6295,2.9278,
438020197973,2715.0,863.3797,900.6452,1,2.9823,1,694.0249,821.7108,1,2.8451,1,778.7023,861.178,2.9137,
438020201973,2719.0,852.6123,892.8825,1,2.9864,1,703.5189,792.1931,1,2.8955,1,778.0656,842.5378,2.9409,
438020205972,2723.0,846.3394,895.927,1,2.9759,1,695.3826,804.2177,1,2.8917,1,770.861,850.0723,2.9338,
438020209972,2727.0,863.3078,902.5271,1,2.9806,1,698.6807,796.4737,1,2.8991,1,780.9942,849.5004,2.9398,
438020213974,2731.0,844.7797,905.0365,1,3.002,1,691.7059,797.4838,1,2.9016,1,768.2428,851.2601,2.9518,
438020217971,2735.0,859.7908,895.8262,1,3.0087,1,701.4743,816.0863,1,2.8621,1,780.6325,855.9563,2.9354,
438020221972,2739.0,852.5317,897.5726,1,3.0171,1,701.6727,789.4855,1,2.8878,1,777.1022,843.5291,2.9524,
438020225971,2743.0,848.9676,890.0777,1,2.9795,1,704.818,787.4086,1,2.9073,1,776.8928,838.7431,2.9434,
438020229970,2747.0,854.9696,892.9843,1,3.0065,1,717.3536,793.6193,1,2.8796,1,786.1616,843.3018,2.9431,
438020233970,2751.0,843.7076,871.7806,1,3.0371,1,687.9289,804.7131,1,2.8915,1,765.8183,838.2468,2.9643,
438020237971,2755.0,852.3687,903.7609,1,3.0029,1,691.0406,806.5105,1,2.8952,1,771.7047,855.1357,2.9491,
438020241970,2759.0,847.7232,908.4227,1,3.0071,1,691.6384,802.8551,1,2.928,1,769.6808,855.6389,2.9675,
438020245970,2763.0,864.6885,897.7172,1,3.0124,1,705.3724,801.1406,1,2.8762,1,785.0304,849.4289,2.9443,
438020249971,2767.0,846.9964,890.4877,1,3.0367,1,695.1331,795.622,1,2.9352,1,771.0647,843.0549,2.9859,
438020253971,2771.0,853.7902,905.9549,1,3.016,1,703.8086,791.4281,1,2.9025,1,778.7994,848.6915,2.9592,
438020257971,2775.0,848.3391,891.4627,1,3.0199,1,690.306,803.2486,1,2.9122,1,769.3225,847.3557,2.9661,
438020261972,2779.0,857.0235,899.3653,1,3.0216,1,700.0437,800.4195,1,2.8835,1,778.5336,849.8924,2.9525,
438020265971,2783.0,847.8286,897.4202,1,3.0023,1,706.5661,794.8651,1,2.9064,1,777.1973,846.1426,2.9543,
438020269971,2787.0,856.7615,898.4365,1,2.9809,1,693.9935,790.2277,1,2.9049,1,775.3775,844.3321,2.9429,
438020273971,2791.0,858.6356,892.2466,1,3.0529,1,697.8861,806.5874,1,2.8667,1,778.2608,849.417,2.9598,
438020277971,2795.0,853.8375,891.126,1,3.0124,1,701.1337,809.5838,1,2.8781,1,777.4856,850.3549,2.9453,
438020281971,2799.0,846.095,910.9555,1,2.9834,1,706.8761,791.9465,1,2.912,1,776.4856,851.451,2.9477,
438020285971,2803.0,839.2229,913.8281,1,2.9743,1,711.3458,798.4915,1,2.907,1,775.2844,856.1598,2.9407,
438020289972,2807.0,852.2285,906.573,1,3.0037,1,696.5013,794.4838,1,2.9371,1,774.3649,850.5284,2.9704,
438020293971,2811.0,852.1264,900.4469,1,3.0143,1,702.7837,784.4538,1,2.9574,1,777.4551,842.4504,2.9859,
438020297971,2815.0,845.367,888.838,1,3.0118,1,705.5085,810.7997,1,2.8966,1,775.4377,849.8189,2.9542,
438020301971,2819.0,845.7604,903.4433,1,2.9871,1,701.2078,802.4321,1,2.9029,1,773.4841,852.9377,2.945,
438020305971,2823.0,848.0141,916.4801,1,2.9919,1,704.273,793.9734,1,2.8922,1,776.1435,855.2267,2.942,
438020309971,2827.0,859.0205,883.2869,1,3.0339,1,702.2718,799.4576,1,2.8831,1,780.6462,841.3723,2.9585,
438020313971,2831.0,850.7791,898.4996,1,3.0019,1,703.7004,798.8574,1,2.8921,1,777.2398,848.6785,2.947,
438020317971,2835.0,864.4644,892.4728,1,3.0131,1,695.3513,800.5587,1,2.9023,1,779.9079,846.5157,2.9577,
438020321971,2839.0,849.5212,886.5784,1,3.0119,1,695.4644,804.5295,1,2.8808,1,772.4928,845.5539,2.9464,
438020325970,2843.0,846.1146,893.519,1,2.9772,1,697.5621,779.2232,1,2.9152,1,771.8384,836.3711,2.9462,
438020329970,2847.0,852.7201,890.4097,1,3.0245,1,692.5128,786.3229,1,2.913,1,772.6165,838.3663,2.9688,
438020333970,2851.0,846.3152,898.5334,1,2.9897,1,694.0264,798.4305,1,2.9182,1,770.1708,848.482,2.9539,
438020337970,2855.0,857.098,909.1721,1,2.9965,1,705.0609,802.178,1,2.905,1,781.0795,855.675,2.9508,
438020341970,2859.0,842.0801,907.0527,1,2.9948,1,704.4935,807.185,1,2.8789,1,773.2868,857.1188,2.9368,
438020345970,2863.0,849.4473,895.7345,1,3.042,1,705.5491,792.7096,1,2.9306,1,777.4982,844.222,2.9863,
438020349968,2867.0,850.6456,906.1164,1,3.0118,1,688.6909,808.4911,1,2.8743,1,769.6683,857.3037,2.943,
438020353968,2871.0,853.863,890.8757,1,3.0299,1,701.3914,792.3857,1,2.8889,1,777.6272,841.6307,2.9594,
438020357968,2875.0,843.1215,895.1731,1,2.9977,1,700.8711,805.9653,1,2.8689,1,771.9963,850.5692,2.9333,
438020361968,2879.0,850.9357,893.9129,1,2.976,1,705.1804,791.6047,1,2.9073,1,778.0581,842.7588,2.9417,
438020365968,2883.0,851.9481,895.7339,1,2.9754,1,692.9315,800.298,1,2.9083,1,772.4398,848.0159,2.9418,
438020369967,2887.0,842.1516,887.7944,1,2.9723,1,697.5353,797.5184,1,2.8826,1,769.8435,842.6564,2.9275,
438020373967,2891.0,852.831,882.6535,1,2.998,1,700.8809,793.1442,1,2.8926,1,776.856,837.8989,2.9453,
438020377967,2895.0,856.811,869.7204,1,3.0389,1,705.6333,798.8958,1,2.9105,1,781.2221,834.3081,2.9747,
438020381967,2899.0,848.1944,890.6366,1,2.9851,1,698.4138,807.1527,1,2.8774,1,773.3041,848.8946,2.9312,
438020385967,2903.0,846.6242,893.6341,1,2.9996,1,696.5706,806.5417,1,2.897,1,771.5974,850.0879,2.9483,
438020389967,2907.0,850.8504,905.1142,1,2.9843,1,702.2879,820.9119,1,2.861,1,776.5691,863.0131,2.9227,
438020393967,2911.0,861.4315,890.9627,1,3.0062,1,703.5763,789.9582,1,2.9055,1,782.5039,840.4605,2.9559,
438020397967,2915.0,856.506,899.5391,1,2.9663,1,705.6048,798.2925,1,2.9151,1,781.0554,848.9158,2.9407,
438020401967,2919.0,853.3111,890.6698,1,3.0156,1,700.232,799.927,1,2.9192,1,776.7716,845.2984,2.9674,
438020405967,2923.0,852.807,893.2726,1,2.9895,1,706.086,819.3867,1,2.8977,1,779.4465,856.3296,2.9436,
438020409967,2927.0,862.7016,900.1707,1,3.0217,1,701.117,805.9789,1,2.8721,1,781.9093,853.0748,2.9469,
438020413967,2931.0,852.1818,891.8951,1,2.9879,1,702.8914,801.0777,1,2.9201,1,777.5366,846.4864,2.954,
438020417966,2935.0,854.3283,889.8413,1,2.9883,1,709.0835,809.6015,1,2.8836,1,781.7059,849.7214,2.936,
438020421966,2939.0,854.8143,872.0332,1,3.0476,1,701.3072,791.2352,1,2.9283,1,778.0607,831.6342,2.988,
438020425966,2943.0,861.421,886.9855,1,3.0058,1,703.6879,794.0205,1,2.946,1,782.5545,840.503,2.9759,
438020429966,2947.0,848.8003,883.7586,1,3.0106,1,709.4975,788.9632,1,2.917,1,779.1489,836.3609,2.9638,
438020433966,2951.0,848.9568,887.4873,1,3.0071,1,695.2972,802.1093,1,2.902,1,772.127,844.7983,2.9546,
438020437966,2955.0,845.8159,896.2403,1,2.9905,1,705.7237,793.0776,1,2.9361,1,775.7698,844.6589,2.9633,
438020441966,2959.0,854.7271,877.937,1,3.0666,1,697.7563,814.2679,1,2.9055,1,776.2417,846.1025,2.986,
438020445967,2963.0,850.625,906.9768,1,2.9984,1,701.8829,818.5057,1,2.8818,1,776.2539,862.7412,2.9401,
438020449967,2967.0,851.4213,896.1285,1,3.0173,1,708.1507,804.6226,1,2.9087,1,779.786,850.3755,2.963,
438020453966,2971.0,848.2958,881.1032,1,3.0087,1,712.3543,799.7591,1,2.905,1,780.325,840.4312,2.9568,
438020457967,2975.0,848.5253,891.1957,1,2.9968,1,714.1561,791.2936,1,2.9082,1,781.3407,841.2446,2.9525,
438020461967,2979.0,856.4909,901.6164,1,3.0081,1,708.7596,796.7385,1,2.8874,1,782.6252,849.1775,2.9478,
438020465967,2983.0,851.4593,894.7222,1,3.0011,1,714.1364,798.0712,1,2.9114,1,782.7979,846.3967,2.9562,
438020469967,2987.0,860.4322,904.8517,1,3.013,1,698.897,803.9868,1,2.8825,1,779.6646,854.4192,2.9478,
438020473967,2991.0,850.736,898.7804,1,2.9932,1,696.0255,813.3085,1,2.8963,1,773.3808,856.0444,2.9447,
438020477969,2995.0,840.9853,904.4599,1,3.0234,1,695.8827,798.0886,1,2.9149,1,768.434,851.2743,2.9692,
438020481969,2999.0,844.0705,891.7283,1,3.0066,1,699.0668,806.0333,1,2.8953,1,771.5687,848.8808,2.951,
438020485969,3003.0,853.8629,898.4563,1,2.986,1,695.765,800.3374,1,2.8992,1,774.8139,849.3968,2.9426,
438020489968,3007.0,845.2227,895.519,1,3.0102,1,706.3729,782.732,1,2.9508,1,775.7978,839.1255,2.9805,
438020493968,3011.0,849.067,891.1718,1,3.0241,1,706.5539,796.8044,1,2.9021,1,777.8105,843.9881,2.9631,
438020497968,3015.0,854.4884,886.7674,1,3.0144,1,706.3771,795.3545,1,2.933,1,780.4328,841.061,2.9737,
438020501968,3019.0,847.703,903.5638,1,3.0252,1,703.3448,805.6463,1,2.8854,1,775.5239,854.6051,2.9553,
438020505968,3023.0,836.6822,899.8775,1,2.996,1,706.6816,809.4132,1,2.8761,1,771.6819,854.6453,2.936,
438020509967,3027.0,855.6247,894.924,1,2.9799,1,706.5085,795.6538,1,2.898,1,781.0666,845.2889,2.939,
438020513967,3031.0,859.7102,893.0083,1,3.0165,1,704.3515,787.2349,1,2.932,1,782.0308,840.1216,2.9742,
438020517967,3035.0,856.2066,906.368,1,3.0161,1,709.2501,801.921,1,2.9004,1,782.7284,854.1445,2.9583,
438020521967,3039.0,840.0062,897.1243,1,3.0239,1,700.5169,792.4794,1,2.9232,1,770.2616,844.8018,2.9736,
438020525967,3043.0,852.5492,903.3036,1,2.9878,1,704.8819,807.0184,1,2.941,1,778.7156,855.161,2.9644,
438020529967,3047.0,860.0055,879.058,1,3.0295,1,699.7309,819.0897,1,2.8975,1,779.8682,849.0739,2.9635,
438020533967,3051.0,860.9647,886.4646,1,3.0134,1,698.8719,797.173,1,2.9452,1,779.9183,841.8188,2.9793,
438020537967,3055.0,848.7617,889.8923,1,2.9987,1,697.9681,804.9899,1,2.9238,1,773.3649,847.4411,2.9612,
438020541967,3059.0,854.0031,889.0356,1,2.998,1,703.9895,797.7054,1,2.9476,1,778.9963,843.3705,2.9728,
438020545967,3063.0,850.9367,895.2863,1,3.046,1,695.6687,799.5071,1,2.918,1,773.3027,847.3967,2.982,
438020549968,3067.0,852.9842,899.4407,1,3.0256,1,704.3736,797.9612,1,2.9305,1,778.6789,848.701,2.978,
438020553968,3071.0,848.6322,899.8029,1,2.978,1,685.3956,797.4057,1,2.9187,1,767.0139,848.6043,2.9483,
438020557968,3075.0,852.1563,881.732,1,3.024,1,695.3723,813.3075,1,2.9094,1,773.7643,847.5198,2.9667,
438020561968,3079.0,852.9234,888.601,1,2.9819,1,713.8968,794.8539,1,2.9202,1,783.4101,841.7275,2.951,
438020565968,3083.0,862.6151,905.9105,1,2.9687,1,705.6124,803.1071,1,2.9247,1,784.1138,854.5088,2.9467,
438020569968,3087.0,851.9531,909.8625,1,2.9906,1,700.205,799.4583,1,2.9806,1,776.079,854.6604,2.9856,
438020573968,3091.0,853.3906,906.2573,1,3.0021,1,701.7784,803.7847,1,2.9006,1,777.5845,855.021,2.9514,
438020577968,3095.0,854.8298,908.3498,1,3.0093,1,708.1134,796.3813,1,2.9034,1,781.4716,852.3656,2.9564,
438020581968,3099.0,847.1994,905.5884,1,2.9666,1,696.1591,797.7809,1,2.9147,1,771.6792,851.6846,2.9406,
438020585967,3103.0,852.7691,897.0096,1,3.0006,1,705.2433,793.6341,1,2.9505,1,779.0062,845.3219,2.9755,
438020589967,3107.0,852.9629,901.8024,1,3.0033,1,700.3756,800.7396,1,2.943,1,776.6692,851.271,2.9732,
438020593967,3111.0,844.3296,893.0931,1,2.9941,1,700.8517,789.1062,1,2.9772,1,772.5907,841.0997,2.9856,
438020597967,3115.0,860.3443,891.1815,1,3.0043,1,695.5029,791.7366,1,2.9365,1,777.9236,841.459,2.9704,
438020601966,3119.0,857.1475,895.1916,1,3.0225,1,710.9419,798.9294,1,2.9142,1,784.0447,847.0605,2.9683,
438020605966,3123.0,863.6797,884.8848,1,3.0454,1,700.5547,808.9452,1,2.8899,1,782.1172,846.915,2.9676,
438020609966,3127.0,853.823,894.7461,1,3.0079,1,716.8902,802.4774,1,2.948,1,785.3566,848.6117,2.978,
438020613965,3130.9,847.8736,908.557,1,2.9772,1,696.8759,801.6836,1,2.9134,1,772.3748,855.1203,2.9453,
438020617965,3134.9,850.168,892.3251,1,3.0122,1,707.7754,803.079,1,2.9284,1,778.9717,847.702,2.9703,
438020621966,3139.0,861.4626,902.5019,1,2.9989,1,704.5159,802.0875,1,2.8964,1,782.9892,852.2947,2.9476,
438020625966,3143.0,853.9974,911.2407,1,3.0008,1,703.3061,799.0109,1,2.9602,1,778.6518,855.1258,2.9805,
438020629965,3146.9,857.7621,888.6737,1,3.0248,1,705.2674,815.4859,1,2.9142,1,781.5147,852.0798,2.9695,
438020633966,3151.0,867.1139,897.3426,1,3.0056,1,708.0706,796.473,1,2.9347,1,787.5922,846.9078,2.9702,
438020637966,3155.0,853.2149,897.4517,1,2.995,1,688.9807,805.3729,1,2.9239,1,771.0978,851.4123,2.9594,
438020641966,3159.0,845.2705,889.7457,1,3.0368,1,701.2149,809.643,1,2.9338,1,773.2427,849.6944,2.9853,
438020645966,3163.0,856.2907,886.0987,1,3.0104,1,695.0834,799.0049,1,2.9158,1,775.687,842.5518,2.9631,
438020649966,3167.0,865.5661,907.4278,1,3.0184,1,704.9098,818.4593,1,2.9205,1,785.2379,862.9436,2.9695,
438020653965,3170.9,866.4686,901.1544,1,3.0198,1,724.8627,799.2977,1,2.942,1,795.6657,850.226,2.9809,
438020657965,3174.9,862.1075,902.4674,1,3.0276,1,710.8341,821.8956,1,2.9262,1,786.4708,862.1815,2.9769,
438020661966,3179.0,857.3977,899.5052,1,3.0355,1,701.3241,804.253,1,2.9433,1,779.3609,851.8791,2.9894,
438020665966,3183.0,856.1231,907.9212,1,3.0482,1,701.5176,814.1734,1,2.9448,1,778.8203,861.0473,2.9965,
438020669966,3187.0,857.7679,908.5759,1,3.0252,1,686.1542,792.9355,1,2.9694,1,771.961,850.7557,2.9973,
438020673966,3191.0,860.4173,908.6846,1,3.0252,1,705.6216,797.7747,1,2.9611,1,783.0195,853.2297,2.9932,
438020677966,3195.0,861.7513,900.8942,1,3.0239,1,700.4431,787.2216,1,2.9602,1,781.0972,844.0579,2.9921,
438020681966,3199.0,848.3925,899.7377,1,2.9897,1,691.2106,798.4267,1,2.912,1,769.8015,849.0822,2.9509,
438020685966,3203.0,842.0507,891.7045,1,3.0162,1,711.2437,793.1792,1,2.9655,1,776.6472,842.4418,2.9909,
438020689966,3207.0,858.6694,895.5606,1,2.9879,1,700.055,806.0087,1,2.9278,1,779.3622,850.7847,2.9579,
438020693966,3211.0,862.8474,885.2394,1,3.0244,1,702.5451,791.3978,1,2.9483,1,782.6963,838.3186,2.9864,
438020697965,3214.9,855.4298,886.9865,1,3.0226,1,698.078,796.9105,1,2.9804,1,776.7539,841.9485,3.0015,
438020701965,3218.9,856.4627,885.7927,1,2.9889,1,712.2787,809.8368,1,2.912,1,784.3707,847.8148,2.9505,
438020705965,3222.9,846.0074,894.4101,1,2.9753,1,700.4774,796.8135,1,2.9372,1,773.2424,845.6118,2.9562,
438020709965,3226.9,862.8783,893.0833,1,3.0304,1,703.827,814.6785,1,2.9115,1,783.3527,853.8809,2.971,
438020713965,3230.9,,,0,,0,,,0,,0,,,,
438020717965,3234.9,,,0,,0,,,0,,0,,,,
438020721965,3238.9,849.7814,888.1276,1,2.9841,1,707.4099,804.3903,1,2.9403,1,778.5956,846.259,2.9622,
438020725965,3242.9,,,0,,0,,,0,,0,,,,
438020729965,3246.9,854.3729,906.7949,1,3.0107,1,704.418,798.5315,1,2.9652,1,779.3954,852.6632,2.9879,
438020733965,3250.9,865.6404,895.4989,1,3.0244,1,718.4894,812.4149,1,2.9181,1,792.0649,853.9569,2.9712,
438020737965,3254.9,862.9043,905.9726,1,3.013,1,715.7753,796.9923,1,2.9539,1,789.3398,851.4824,2.9834,
438020741966,3259.0,857.1144,901.85,1,3.0165,1,708.7224,804.7705,1,2.9602,1,782.9184,853.3102,2.9883,
438020745966,3263.0,845.4159,886.658,1,3.0032,1,706.4021,827.5823,1,2.9078,1,775.909,857.1202,2.9555,
438020749966,3267.0,847.7883,908.2547,1,3.0,1,703.6614,801.9902,1,2.9811,1,775.7249,855.1224,2.9906,
438020753966,3271.0,859.0056,904.6157,1,3.0227,1,713.0398,799.0735,1,2.9495,1,786.0227,851.8446,2.9861,
438020757966,3275.0,861.6862,918.4825,1,3.0325,1,715.6986,785.5595,1,2.9589,1,788.6924,852.021,2.9957,
438020761966,3279.0,860.4566,911.6861,1,3.0051,1,721.9079,805.3025,1,2.9522,1,791.1823,858.4943,2.9786,
438020765966,3283.0,856.8124,895.2539,1,3.016,1,700.6336,801.6361,1,2.9364,1,778.723,848.445,2.9762,
438020769966,3287.0,858.988,908.5799,1,3.0317,1,689.7042,810.0187,1,2.9271,1,774.3461,859.2993,2.9794,
438020773966,3291.0,851.9039,899.2947,1,3.0315,1,698.4772,803.6183,1,2.9708,1,775.1905,851.4565,3.0012,
438020777966,3295.0,861.6486,892.2093,1,3.0485,1,704.3285,801.5969,1,2.9193,1,782.9885,846.9031,2.9839,
438020781966,3299.0,861.7579,902.6836,1,3.0291,1,716.7466,785.0874,1,2.9733,1,789.2522,843.8855,3.0012,
438020785966,3303.0,868.7421,899.132,1,3.0464,1,714.6226,798.8092,1,2.9114,1,791.6824,848.9706,2.9789,
438020789965,3306.9,865.6326,905.4906,1,3.0005,1,707.8571,790.7577,1,2.9414,1,786.7449,848.1242,2.9709,
438020793965,3310.9,855.75,906.0516,1,3.0242,1,712.5561,787.8104,1,2.9619,1,784.1531,846.931,2.9931,
438020797965,3314.9,861.3771,900.6994,1,2.9955,1,689.9399,788.8152,1,2.9469,1,775.6585,844.7573,2.9712,
438020801965,3318.9,864.8377,907.0403,1,3.0281,1,701.7747,784.2758,1,2.9436,1,783.3062,845.658,2.9858,
438020805965,3322.9,866.6067,898.4962,1,3.0219,1,710.0939,788.5343,1,2.9874,1,788.3503,843.5152,3.0046,
438020809965,3326.9,855.7735,893.4602,1,3.0281,1,711.573,788.4119,1,2.9328,1,783.6733,840.936,2.9804,
438020813965,3330.9,866.5985,903.3479,1,3.0269,1,693.2013,811.5364,1,2.9128,1,779.8999,857.4421,2.9698,
438020817965,3334.9,858.9615,890.6743,1,3.0443,1,696.6022,813.1606,1,2.8872,1,777.7818,851.9175,2.9658,
438020821965,3338.9,852.368,900.285,1,3.0045,1,714.32,798.8202,1,2.9368,1,783.344,849.5526,2.9707,
438020825965,3342.9,854.8528,903.1303,1,2.9978,1,703.0836,797.0699,1,2.9567,1,778.9682,850.1001,2.9772,
438020829964,3346.9,861.4041,892.1134,1,3.0302,1,704.2301,814.502,1,2.9395,1,782.8171,853.3077,2.9849,
438020833965,3350.9,852.4988,896.8066,1,3.0031,1,697.4459,809.9645,1,2.9215,1,774.9724,853.3855,2.9623,
438020837965,3354.9,862.6404,898.544,1,2.9864,1,717.5724,798.9738,1,2.9521,1,790.1064,848.7589,2.9693,
438020841965,3358.9,849.0259,902.0602,1,2.9846,1,696.9627,820.7316,1,2.917,1,772.9943,861.3959,2.9508,
438020845965,3362.9,860.441,886.1209,1,3.0401,1,694.7121,814.215,1,2.9315,1,777.5766,850.1679,2.9858,
438020849965,3366.9,866.4907,893.7476,1,3.014,1,699.0642,807.3768,1,2.9511,1,782.7775,850.5622,2.9826,
438020853965,3370.9,856.9914,898.5341,1,2.9926,1,699.0195,823.1168,1,2.9379,1,778.0055,860.8255,2.9652,
438020857964,3374.9,849.0683,898.7684,1,2.9898,1,691.7693,821.7228,1,2.8914,1,770.4188,860.2456,2.9406,
438020861965,3378.9,860.5982,886.6163,1,3.0092,1,714.0325,787.51,1,2.9547,1,787.3153,837.0632,2.982,
438020865966,3383.0,852.6347,881.0833,1,2.9754,1,704.3805,810.8136,1,2.9332,1,778.5076,845.9484,2.9543,
438020869966,3387.0,857.6364,891.0696,1,3.0027,1,712.9408,793.6599,1,2.9405,1,785.2886,842.3647,2.9716,
438020873966,3391.0,863.0939,893.434,1,2.9865,1,712.1254,791.3356,1,2.9507,1,787.6096,842.3848,2.9686,
438020877966,3395.0,867.2974,882.7703,1,3.0021,1,713.8858,813.8007,1,2.9152,1,790.5916,848.2855,2.9587,
438020881965,3398.9,855.673,890.8194,1,3.0321,1,697.1077,796.7315,1,2.9589,1,776.3904,843.7755,2.9955,
438020885965,3402.9,853.1892,902.1322,1,2.9956,1,699.1542,797.8023,1,2.9542,1,776.1717,849.9672,2.9749,
438020889965,3406.9,860.6932,878.7886,1,3.0025,1,709.9603,799.9584,1,2.9065,1,785.3267,839.3735,2.9545,
438020893965,3410.9,865.2545,897.2002,1,3.0039,1,700.0524,809.4335,1,2.8601,1,782.6535,853.3168,2.932,
438020897965,3414.9,853.2497,901.4887,1,2.9841,1,708.9821,802.8521,1,2.934,1,781.1159,852.1704,2.9591,
438020901965,3418.9,854.4112,898.0696,1,2.982,1,711.2778,820.3522,1,2.9122,1,782.8445,859.2109,2.9471,
438020905965,3422.9,860.2364,892.4295,1,3.0155,1,714.6072,804.3272,1,2.9189,1,787.4218,848.3784,2.9672,
438020909965,3426.9,859.9061,897.9399,1,2.9821,1,699.5155,792.6957,1,2.9184,1,779.7108,845.3178,2.9503,
438020913965,3430.9,867.9309,894.2507,1,3.0161,1,697.6457,802.8998,1,2.9194,1,782.7883,848.5753,2.9677,
438020917965,3434.9,858.6428,885.1097,1,3.0127,1,700.6953,791.2917,1,2.8964,1,779.669,838.2007,2.9546,
438020921965,3438.9,855.1203,895.521,1,2.9959,1,709.1965,788.8277,1,2.9165,1,782.1584,842.1744,2.9562,
438020925965,3442.9,864.0639,898.5853,1,3.0108,1,710.5814,779.4536,1,2.9336,1,787.3227,839.0194,2.9722,
438020929965,3446.9,845.6608,903.3783,1,2.9692,1,698.5211,801.1481,1,2.9115,1,772.091,852.2632,2.9403,
438020933965,3450.9,854.278,900.1953,1,2.9612,1,721.0239,796.4697,1,2.9307,1,787.6509,848.3325,2.946,
438020937965,3454.9,863.6407,898.539,1,2.9762,1,698.2939,792.5163,1,2.9118,1,780.9673,845.5277,2.944,
438020941965,3458.9,854.9442,904.8903,1,2.9854,1,710.3055,790.789,1,2.938,1,782.6249,847.8397,2.9617,
438020945965,3462.9,853.3834,896.4677,1,3.0051,1,704.7784,802.2851,1,2.8927,1,779.0809,849.3764,2.9489,
438020949965,3466.9,851.2365,904.5971,1,2.9743,1,692.0965,795.3861,1,2.942,1,771.6665,849.9916,2.9582,
438020953965,3470.9,857.5592,902.032,1,2.9883,1,700.9145,829.615,1,2.8634,1,779.2368,865.8235,2.9259,
438020957966,3475.0,860.2044,883.7967,1,3.0207,1,706.5506,786.7159,1,2.932,1,783.3775,835.2563,2.9764,
438020961966,3479.0,855.7057,890.1295,1,2.9955,1,709.6514,804.0622,1,2.9058,1,782.6785,847.0958,2.9506,
438020965965,3482.9,862.1883,890.842,1,2.9844,1,699.6413,821.5553,1,2.9156,1,780.9148,856.1986,2.95,
438020969966,3487.0,862.7619,887.3764,1,3.0016,1,705.4915,807.1029,1,2.908,1,784.1267,847.2396,2.9548,
438020973965,3490.9,863.668,890.1662,1,2.9781,1,699.6021,802.5904,1,2.9313,1,781.635,846.3783,2.9547,
438020977965,3494.9,861.2745,896.3032,1,2.9945,1,709.178,811.8647,1,2.856,1,785.2262,854.084,2.9252,
438020981964,3498.9,854.9743,891.2432,1,2.972,1,705.8595,806.1576,1,2.8961,1,780.4169,848.7004,2.934,
438020985965,3502.9,844.0,887.1804,1,2.9929,1,704.6944,817.7589,1,2.8727,1,774.3472,852.4697,2.9328,
438020989964,3506.9,855.6503,882.4894,1,2.978,1,706.3686,800.9705,1,2.9291,1,781.0094,841.7299,2.9535,
438020993964,3510.9,841.6647,895.941,1,2.9657,1,697.6055,809.1504,1,2.9178,1,769.6351,852.5457,2.9417,
438020997964,3514.9,861.5121,888.5327,1,2.9512,1,706.2366,803.0632,1,2.9029,1,783.8744,845.798,2.927,
438021001965,3518.9,861.0648,886.3199,1,2.9792,1,698.0293,800.609,1,2.9153,1,779.547,843.4645,2.9473,
438021005962,3522.9,852.5618,889.745,1,2.9967,1,700.1106,801.674,1,2.9173,1,776.3362,845.7095,2.957,
438021009962,3526.9,854.564,888.854,1,2.9632,1,705.5903,785.0405,1,2.9402,1,780.0772,836.9472,2.9517,
438021013963,3530.9,867.946,897.5604,1,2.9437,1,702.4705,791.5598,1,2.9593,1,785.2082,844.5601,2.9515,
438021017962,3534.9,860.9877,897.0134,1,2.9579,1,712.8701,785.2991,1,2.9404,1,786.9289,841.1563,2.9491,
438021021963,3538.9,864.7252,895.3372,1,2.982,1,711.2793,803.3355,1,2.9324,1,788.0023,849.3363,2.9572,
438021025962,3542.9,850.4215,890.1729,1,2.9603,1,708.4655,810.7285,1,2.8649,1,779.4435,850.4507,2.9126,
438021029963,3546.9,863.896,891.8675,1,2.9845,1,705.0715,804.6341,1,2.8823,1,784.4837,848.2508,2.9334,
438021033963,3550.9,850.4783,884.9024,1,3.0161,1,713.0085,805.9425,1,2.9314,1,781.7434,845.4225,2.9737,
438021037962,3554.9,859.5448,896.0651,1,2.9753,1,699.6521,812.5771,1,2.8816,1,779.5985,854.3211,2.9285,
438021041963,3558.9,850.7261,889.4126,1,2.9591,1,713.3351,787.1789,1,2.9121,1,782.0306,838.2957,2.9356,
438021045962,3562.9,856.8003,877.301,1,3.0149,1,712.7839,810.3145,1,2.8979,1,784.7921,843.8077,2.9564,
438021049962,3566.9,859.9357,884.4769,1,2.9893,1,709.5996,812.4291,1,2.8702,1,784.7677,848.453,2.9298,
438021053962,3570.9,849.7547,888.6846,1,2.9836,1,700.0727,794.9428,1,2.9008,1,774.9137,841.8137,2.9422,
438021057963,3574.9,851.4403,881.2299,1,2.9839,1,701.6197,803.3986,1,2.8898,1,776.53,842.3142,2.9368,
438021061963,3578.9,861.0653,885.1353,1,3.0036,1,715.9633,796.1653,1,2.9274,1,788.5143,840.6503,2.9655,
438021065964,3582.9,857.0011,905.3729,1,2.9743,1,701.7331,782.6627,1,2.9072,1,779.3671,844.0178,2.9408,
438021069962,3586.9,844.1021,898.4627,1,2.9541,1,704.6855,809.8651,1,2.9171,1,774.3938,854.1639,2.9356,
438021073962,3590.9,859.0193,895.7944,1,2.9845,1,703.9253,795.937,1,2.9187,1,781.4723,845.8657,2.9516,
438021077962,3594.9,865.6576,908.3912,1,2.9502,1,712.9025,812.4665,1,2.8877,1,789.2801,860.4289,2.919,
438021081963,3598.9,859.6506,897.2201,1,3.008,1,711.3523,803.7398,1,2.8999,1,785.5015,850.48,2.9539,
438021085963,3602.9,858.9234,906.0557,1,2.9925,1,726.2094,807.5326,1,2.8975,1,792.5664,856.7941,2.945,
438021089963,3606.9,846.609,901.0906,1,2.9351,1,702.622,818.0691,1,2.841,1,774.6155,859.5799,2.8881,
438021093963,3610.9,858.626,900.199,1,2.9771,1,713.8051,791.766,1,2.9133,1,786.2156,845.9825,2.9452,
438021097963,3614.9,852.4358,902.2904,1,2.9754,1,715.2152,800.8993,1,2.9194,1,783.8255,851.5949,2.9474,
438021101963,3618.9,861.4464,892.4452,1,3.0026,1,705.6785,801.7159,1,2.8726,1,783.5625,847.0806,2.9376,
438021105963,3622.9,858.3504,903.1437,1,2.9932,1,704.9864,801.6037,1,2.9138,1,781.6684,852.3737,2.9535,
438021109963,3626.9,864.8778,907.2471,1,2.9543,1,717.9255,807.2469,1,2.8853,1,791.4017,857.247,2.9198,
438021113963,3630.9,849.9318,910.4753,1,2.9766,1,706.8621,795.1086,1,2.9148,1,778.3969,852.792,2.9457,
438021117963,3634.9,853.7595,895.9186,1,2.9581,1,708.6356,795.007,1,2.9342,1,781.1975,845.4628,2.9462,
438021121963,3638.9,865.3663,906.1903,1,2.985,1,711.3801,796.7243,1,2.8973,1,788.3732,851.4573,2.9412,
438021125963,3642.9,849.7768,916.2263,1,2.9778,1,705.7872,795.1536,1,2.8771,1,777.782,855.6899,2.9275,
438021129963,3646.9,856.5227,900.1319,1,2.9884,1,699.0114,809.3898,1,2.8894,1,777.767,854.7609,2.9389,
438021133964,3650.9,855.3715,915.944,1,2.9559,1,719.8865,798.1489,1,2.8766,1,787.629,857.0465,2.9162,
438021137964,3654.9,868.0004,903.7151,1,3.0075,1,691.1335,810.3873,1,2.8787,1,779.567,857.0512,2.9431,
438021141964,3658.9,850.3562,896.1912,1,2.965,1,703.8546,801.3861,1,2.8997,1,777.1054,848.7886,2.9323,
438021145964,3662.9,863.2867,905.5373,1,2.9936,1,698.4515,786.0553,1,2.9265,1,780.8691,845.7963,2.96,
438021149964,3666.9,861.7215,902.812,1,3.0116,1,704.6323,806.1873,1,2.8609,1,783.1769,854.4996,2.9363,
438021153964,3670.9,858.2692,897.6857,1,2.9855,1,705.7419,802.168,1,2.8834,1,782.0055,849.9268,2.9345,
438021157965,3674.9,856.8502,919.7938,1,2.9626,1,706.9883,797.0051,1,2.9346,1,781.9192,858.3995,2.9486,
438021161964,3678.9,845.9702,898.2379,1,2.9877,1,710.989,801.2141,1,2.9192,1,778.4796,849.726,2.9535,
438021165964,3682.9,852.2736,891.5681,1,2.9602,1,700.4747,795.619,1,2.9083,1,776.3741,843.5935,2.9343,
438021169964,3686.9,849.1995,899.1255,1,2.9706,1,700.4545,815.116,1,2.9041,1,774.827,857.1207,2.9374,
438021173964,3690.9,864.634,886.5843,1,2.9664,1,695.6954,810.6902,1,2.9028,1,780.1647,848.6373,2.9346,
438021177964,3694.9,851.5197,894.4223,1,2.9753,1,713.921,799.7839,1,2.9314,1,782.7203,847.1031,2.9534,
438021181964,3698.9,863.3989,894.677,1,3.0053,1,705.37,801.8263,1,2.9425,1,784.3845,848.2516,2.9739,
438021185963,3702.9,865.1488,907.1004,1,2.9712,1,708.7536,823.3838,1,2.8648,1,786.9512,865.2421,2.918,
438021189964,3706.9,861.0746,897.4054,1,2.999,1,700.2754,826.7908,1,2.8768,1,780.675,862.0981,2.9379,
438021193964,3710.9,863.9853,899.2215,1,3.0131,1,699.0374,817.6529,1,2.9069,1,781.5114,858.4372,2.96,
438021197963,3714.9,846.9962,907.8824,1,2.9984,1,701.326,811.1043,1,2.8883,1,774.1611,859.4934,2.9433,
438021201963,3718.9,867.8899,902.402,1,3.0117,1,701.1475,813.9446,1,2.887,1,784.5187,858.1733,2.9493,
438021205963,3722.9,866.8746,916.4391,1,2.9462,1,705.5161,805.3103,1,2.8928,1,786.1954,860.8747,2.9195,
438021209963,3726.9,862.5587,905.1052,1,3.015,1,705.6009,812.3249,1,2.9105,1,784.0798,858.715,2.9627,
438021213963,3730.9,861.9478,917.3959,1,3.0044,1,703.0167,798.1442,1,2.9423,1,782.4823,857.77,2.9733,
438021217963,3734.9,852.8602,911.885,1,2.9951,1,702.6799,818.4588,1,2.924,1,777.7701,865.1719,2.9595,
438021221963,3738.9,858.0634,914.5424,1,3.0018,1,703.8357,806.1929,1,2.9157,1,780.9496,860.3676,2.9588,
438021225963,3742.9,846.2801,904.6063,1,2.9613,1,696.4721,805.7381,1,2.9328,1,771.3761,855.1722,2.947,
438021229964,3746.9,859.2386,911.7878,1,2.9504,1,709.0079,835.3366,1,2.8911,1,784.1232,873.5622,2.9208,
438021233964,3750.9,858.9142,919.4696,1,3.0036,1,709.5463,789.32,1,2.9617,1,784.2303,854.3948,2.9827,
438021237964,3754.9,845.8335,894.7525,1,3.0058,1,699.9467,809.201,1,2.9141,1,772.8901,851.9768,2.96,
438021241964,3758.9,856.466,887.5448,1,3.0024,1,705.1705,808.7977,1,2.9202,1,780.8183,848.1712,2.9613,
438021245965,3762.9,855.4203,891.4552,1,2.9836,1,703.7419,800.1205,1,2.9371,1,779.5811,845.7878,2.9604,
438021249965,3766.9,858.719,882.3096,1,3.008,1,718.5478,791.1695,1,2.9501,1,788.6334,836.7395,2.9791,
438021253964,3770.9,859.9438,894.0005,1,2.9847,1,702.3692,804.2879,1,2.896,1,781.1565,849.1442,2.9403,
438021257964,3774.9,840.5061,883.5154,1,2.9775,1,695.9555,780.274,1,2.9949,1,768.2308,831.8947,2.9862,
438021261964,3778.9,848.8501,905.0906,1,2.9645,1,710.7127,799.4514,1,2.9119,1,779.7814,852.271,2.9382,
438021265961,3782.9,859.4578,883.0457,1,3.0011,1,708.4226,801.6355,1,2.9442,1,783.9402,842.3406,2.9726,
438021269961,3786.9,845.4122,905.1269,1,2.9335,1,717.77,790.5669,1,2.9283,1,781.5911,847.8469,2.9309,
438021273961,3790.9,860.1991,889.9117,1,2.9895,1,706.5317,777.5539,1,2.9595,1,783.3654,833.7328,2.9745,
438021277961,3794.9,857.9508,894.4038,1,3.027,1,710.6413,804.9264,1,2.9214,1,784.2961,849.6651,2.9742,
438021281961,3798.9,868.9796,880.358,1,3.0085,1,685.9278,804.99,1,2.9262,1,777.4537,842.674,2.9673,
438021285961,3802.9,856.8542,890.34,1,3.006,1,703.756,803.9509,1,2.892,1,780.3051,847.1454,2.949,
438021289962,3806.9,852.5296,896.0284,1,3.0264,1,701.5326,796.0297,1,2.9504,1,777.0311,846.029,2.9884,
438021293962,3810.9,858.7962,887.7009,1,3.0188,1,710.8163,808.9795,1,2.9055,1,784.8063,848.3402,2.9622,
438021297962,3814.9,853.0067,893.8165,1,2.9741,1,703.4486,805.1539,1,2.9165,1,778.2276,849.4852,2.9453,
438021301961,3818.9,852.2154,888.8219,1,2.9844,1,704.8022,801.7128,1,2.9105,1,778.5088,845.2674,2.9474,
438021305961,3822.9,852.7912,887.2674,1,2.9711,1,701.164,784.7523,1,2.9157,1,776.9776,836.0098,2.9434,
438021309961,3826.9,846.4365,884.8685,1,3.0018,1,704.6535,812.6681,1,2.8844,1,775.545,848.7683,2.9431,
438021313961,3830.9,849.6843,895.2148,1,3.0256,1,707.7409,811.8519,1,2.9324,1,778.7126,853.5334,2.979,
438021317961,3834.9,863.6057,882.0887,1,2.9684,1,710.7451,796.3441,1,2.9569,1,787.1754,839.2164,2.9627,
438021321962,3838.9,854.9841,897.346,1,3.0032,1,708.4828,797.7851,1,2.9452,1,781.7335,847.5655,2.9742,
438021325962,3842.9,859.8526,893.3308,1,2.9863,1,713.1119,787.4473,1,2.9531,1,786.4822,840.3891,2.9697,
438021329962,3846.9,865.636,902.3066,1,3.0018,1,697.5437,790.0657,1,2.955,1,781.5898,846.1861,2.9784,
438021333962,3850.9,864.4942,881.6922,1,2.9972,1,707.0508,798.9146,1,2.9146,1,785.7725,840.3034,2.9559,
438021337962,3854.9,858.9696,900.347,1,2.987,1,701.161,784.064,1,2.9285,1,780.0653,842.2055,2.9577,
438021341962,3858.9,865.3369,877.826,1,3.0014,1,703.6384,802.113,1,2.908,1,784.4877,839.9695,2.9547,
438021345962,3862.9,857.8536,905.5386,1,2.9854,1,713.7854,803.5061,1,2.9321,1,785.8195,854.5224,2.9587,
438021349961,3866.9,843.5306,896.5199,1,3.0119,1,714.894,798.1007,1,2.9481,1,779.2123,847.3103,2.98,
438021353961,3870.9,855.7029,891.8674,1,3.0038,1,710.6018,814.5967,1,2.9056,1,783.1524,853.232,2.9547,
438021357961,3874.9,851.7065,909.6673,1,2.9125,1,711.0233,817.2273,1,2.8826,1,781.3649,863.4473,2.8975,
438021361961,3878.9,848.0426,888.4349,1,2.9954,1,715.1844,808.8902,1,2.9187,1,781.6135,848.6625,2.957,
438021365961,3882.9,840.0324,906.3857,1,2.9724,1,712.578,806.8036,1,2.8977,1,776.3052,856.5947,2.9351,
438021369961,3886.9,855.2138,911.8474,1,2.9789,1,714.3777,785.6329,1,2.9452,1,784.7957,848.7402,2.962,
438021373961,3890.9,863.4892,905.8235,1,2.9829,1,706.2465,783.683,1,2.9397,1,784.8679,844.7532,2.9613,
438021377961,3894.9,868.2798,907.6967,1,2.9981,1,709.4283,805.5989,1,2.9139,1,788.8541,856.6478,2.956,
438021381962,3898.9,855.2594,910.5088,1,2.9906,1,712.6687,798.4931,1,2.9244,1,783.964,854.5009,2.9575,
438021385962,3902.9,862.1207,900.9015,1,3.0143,1,711.0377,800.2002,1,2.9269,1,786.5792,850.5508,2.9706,
438021389962,3906.9,860.7302,908.8884,1,2.9501,1,711.2393,811.7528,1,2.8842,1,785.9848,860.3206,2.9171,
438021393962,3910.9,855.3937,896.3331,1,2.9994,1,696.3494,801.1521,1,2.9403,1,775.8715,848.7426,2.9698,
438021397973,3915.0,850.2084,904.4779,1,3.0189,1,702.8007,805.8986,1,2.9105,1,776.5045,855.1883,2.9647,
438021401973,3919.0,860.5243,905.7845,1,3.0178,1,691.7717,808.0572,1,2.9021,1,776.148,856.9209,2.9599,
438021405973,3923.0,856.6481,902.6404,1,2.9843,1,705.3436,804.869,1,2.8937,1,780.9958,853.7547,2.939,
438021409973,3927.0,857.1362,909.292,1,3.0018,1,710.5485,796.2598,1,2.897,1,783.8424,852.7759,2.9494,
438021413973,3931.0,846.7153,901.3516,1,2.9798,1,711.9991,805.0057,1,2.9137,1,779.3572,853.1786,2.9468,
438021417973,3935.0,859.3712,885.4911,1,2.9721,1,702.1708,787.0554,1,2.929,1,780.771,836.2732,2.9506,
438021421973,3939.0,868.4068,880.6109,1,3.0174,1,710.4128,800.8649,1,2.9127,1,789.4098,840.7379,2.9651,
438021425973,3943.0,860.4007,900.5044,1,3.0041,1,715.3138,795.4273,1,2.9309,1,787.8572,847.9659,2.9675,
438021429973,3947.0,860.5592,891.7319,1,2.9877,1,702.8827,795.5504,1,2.9271,1,781.721,843.6411,2.9574,
438021433973,3951.0,858.4957,894.0771,1,3.0011,1,713.6741,802.4137,1,2.9322,1,786.0849,848.2454,2.9667,
438021437973,3955.0,849.4746,897.6948,1,2.9585,1,717.6657,803.8173,1,2.9521,1,783.5702,850.756,2.9553,
438021441973,3959.0,861.5207,897.0401,1,3.0174,1,710.1026,804.7502,1,2.9304,1,785.8117,850.8951,2.9739,
438021445973,3963.0,866.8652,895.5324,1,3.0101,1,705.7855,810.1652,1,2.9062,1,786.3253,852.8488,2.9581,
438021449973,3967.0,853.9713,901.9939,1,2.9931,1,700.4458,805.6716,1,2.9118,1,777.2086,853.8327,2.9524,
438021453973,3971.0,854.2495,920.9862,1,2.9726,1,717.748,809.0016,1,2.9347,1,785.9988,864.9939,2.9537,
438021457973,3975.0,867.0375,913.1902,1,3.016,1,707.366,795.8481,1,2.9523,1,787.2017,854.5192,2.9842,
438021461973,3979.0,856.7367,909.5239,1,2.989,1,697.908,813.7238,1,2.8915,1,777.3224,861.6238,2.9403,
438021465972,3983.0,870.2131,896.8444,1,3.0412,1,715.7548,802.6695,1,2.9371,1,792.984,849.7569,2.9892,
438021469973,3987.0,869.4869,914.1775,1,2.9906,1,711.6154,813.2245,1,2.9276,1,790.5511,863.701,2.9591,
438021473973,3991.0,869.068,912.247,1,3.0082,1,692.9535,817.5735,1,2.9169,1,781.0108,864.9102,2.9625,
438021477973,3995.0,858.8247,906.5522,1,3.0081,1,708.593,809.9987,1,2.929,1,783.7089,858.2755,2.9685,
438021481973,3999.0,850.64,903.4153,1,2.9921,1,707.0876,811.1798,1,2.9302,1,778.8638,857.2976,2.9612,
438021485973,4003.0,862.6829,907.4664,1,3.0014,1,706.7919,811.8559,1,2.9415,1,784.7374,859.6611,2.9715,
438021489973,4007.0,852.8562,902.5276,1,3.0012,1,703.6043,818.269,1,2.9032,1,778.2303,860.3983,2.9522,
438021493973,4011.0,843.1363,900.1688,1,2.9873,1,709.9469,802.1695,1,2.9747,1,776.5416,851.1692,2.981,
438021497973,4015.0,863.8719,913.2885,1,2.9947,1,716.1048,792.32,1,2.9453,1,789.9883,852.8043,2.97,
438021501973,4019.0,860.9787,917.6628,1,2.9809,1,716.1265,795.4054,1,2.955,1,788.5526,856.5341,2.9679,
438021505973,4023.0,865.9854,911.2199,1,2.9999,1,696.6001,811.2923,1,2.9244,1,781.2927,861.2561,2.9622,
438021509973,4027.0,858.5468,890.3075,1,3.0305,1,711.9624,809.7605,1,2.9308,1,785.2546,850.034,2.9806,
438021513973,4031.0,860.1167,912.272,1,2.9871,1,714.048,806.1183,1,2.9252,1,787.0823,859.1951,2.9562,
438021517973,4035.0,864.2797,907.0824,1,2.9781,1,708.5015,826.9152,1,2.9314,1,786.3906,866.9988,2.9547,
438021521973,4039.0,856.5439,905.7865,1,3.0015,1,708.4109,817.3043,1,2.9528,1,782.4774,861.5454,2.9772,
438021525973,4043.0,856.8969,916.538,1,2.9915,1,706.9817,810.3177,1,2.9074,1,781.9393,863.4278,2.9494,
438021529967,4047.0,866.5645,901.8432,1,3.0339,1,700.8171,815.2773,1,2.9332,1,783.6908,858.5603,2.9836,
438021533967,4051.0,858.4004,914.2598,1,3.0042,1,703.6577,826.6204,1,2.9066,1,781.0291,870.4401,2.9554,
438021537967,4055.0,859.5652,911.5257,1,2.9879,1,705.5449,792.5283,1,2.9648,1,782.5551,852.027,2.9763,
438021541967,4059.0,864.5275,908.9057,1,2.9698,1,711.4017,808.6848,1,2.9321,1,787.9646,858.7953,2.951,
438021545967,4063.0,857.8566,901.6507,1,2.9963,1,709.3964,794.2349,1,2.9518,1,783.6265,847.9428,2.974,
438021549967,4067.0,869.8044,896.6147,1,3.0586,1,708.5322,812.2591,1,2.9212,1,789.1683,854.4369,2.9899,
438021553967,4071.0,856.4087,907.0972,1,2.9986,1,711.7001,808.056,1,2.9117,1,784.0544,857.5766,2.9552,
438021557967,4075.0,867.9612,915.0926,1,3.0017,1,709.516,810.9469,1,2.9336,1,788.7386,863.0197,2.9676,
438021561967,4079.0,850.7815,900.3483,1,3.0267,1,717.2411,812.3827,1,2.8955,1,784.0113,856.3655,2.9611,
438021565967,4083.0,847.5491,900.4501,1,2.9931,1,712.3317,810.56,1,2.9116,1,779.9404,855.505,2.9524,
438021569967,4087.0,855.4136,890.5986,1,3.0447,1,711.0302,804.1598,1,2.9313,1,783.2219,847.3792,2.988,
438021573967,4091.0,874.219,908.1811,1,3.0122,1,710.5765,797.0111,1,2.9269,1,792.3978,852.5961,2.9695,
438021577967,4095.0,855.5541,909.4461,1,3.0057,1,706.2198,811.8473,1,2.9303,1,780.8869,860.6467,2.968,
438021581967,4099.0,859.0258,887.1845,1,3.0331,1,705.0791,817.1955,1,2.8848,1,782.0525,852.19,2.959,
438021585967,4103.0,860.3574,889.4618,1,2.964,1,707.0067,815.9476,1,2.9091,1,783.6821,852.7047,2.9366,
438021589967,4107.0,866.4262,887.1433,1,3.0038,1,715.6844,796.6202,1,2.9402,1,791.0553,841.8817,2.972,
438021593967,4111.0,869.482,893.7784,1,3.0061,1,714.7068,816.0316,1,2.902,1,792.0944,854.905,2.9541,
438021597967,4115.0,846.6936,899.2286,1,2.986,1,710.3624,813.2967,1,2.932,1,778.528,856.2627,2.959,
438021601968,4119.0,862.0987,884.64,1,3.0012,1,702.3014,813.69,1,2.9191,1,782.2001,849.165,2.9601,
438021605968,4123.0,866.489,895.5521,1,3.0011,1,694.7359,803.4235,1,2.9531,1,780.6124,849.4878,2.9771,
438021609968,4127.0,848.6879,900.3249,1,2.9637,1,720.3819,804.7862,1,2.9425,1,784.5349,852.5556,2.9531,
438021613968,4131.0,855.9978,900.9747,1,2.9668,1,698.1587,821.6806,1,2.8837,1,777.0782,861.3277,2.9253,
438021617968,4135.0,851.4758,903.9587,1,3.0031,1,716.7929,799.3067,1,2.9595,1,784.1343,851.6327,2.9813,
438021621968,4139.0,855.4732,885.7669,1,3.0193,1,708.3205,816.5379,1,2.9174,1,781.8969,851.1524,2.9684,
438021625968,4143.0,853.6124,905.6492,1,2.9779,1,716.1449,808.8217,1,2.9106,1,784.8787,857.2354,2.9442,
438021629967,4147.0,858.767,890.2421,1,2.9953,1,716.2486,811.1046,1,2.9227,1,787.5078,850.6733,2.959,
438021633967,4151.0,857.5884,890.6219,1,2.9662,1,715.4442,815.4178,1,2.8935,1,786.5163,853.0198,2.9298,
438021637967,4155.0,858.8425,895.9975,1,3.0052,1,713.7601,804.1932,1,2.9286,1,786.3013,850.0954,2.9669,
438021641967,4159.0,855.5117,896.6426,1,2.9985,1,720.3911,799.4356,1,2.9295,1,787.9514,848.0391,2.964,
438021645967,4163.0,846.9331,897.9353,1,2.9734,1,713.3785,800.9519,1,2.9179,1,780.1558,849.4436,2.9456,
438021649967,4167.0,862.8591,910.9487,1,2.9522,1,712.0375,813.0602,1,2.9371,1,787.4483,862.0045,2.9446,
438021653967,4171.0,843.3832,900.9156,1,2.9768,1,706.0552,813.5493,1,2.9273,1,774.7192,857.2325,2.952,
438021657967,4175.0,,,0,,0,,,0,,0,,,,
438021661967,4179.0,,,0,,0,,,0,,0,,,,
438021665965,4182.9,,,0,,0,,,0,,0,,,,
438021669964,4186.9,868.2624,895.8909,1,3.0011,1,707.6359,796.7223,1,2.9076,1,787.9492,846.3066,2.9544,
438021673964,4190.9,852.9719,886.5755,1,2.9771,1,702.4053,800.6413,1,2.9171,1,777.6886,843.6084,2.9471,
438021677964,4194.9,858.4,879.2712,1,3.0221,1,708.6247,801.2137,1,2.908,1,783.5124,840.2424,2.965,
438021681964,4198.9,860.9831,869.8037,1,3.0371,1,704.8627,803.0032,1,2.9134,1,782.9229,836.4034,2.9752,
438021685965,4202.9,862.1079,886.7011,1,2.9751,1,710.2103,778.9155,1,2.9449,1,786.1591,832.8083,2.96,
438021689965,4206.9,864.23,889.4709,1,3.0126,1,704.2915,787.7843,1,2.9488,1,784.2607,838.6276,2.9807,
438021693965,4210.9,865.0418,894.3763,1,2.995,1,703.4175,801.836,1,2.9456,1,784.2297,848.1062,2.9703,
438021697965,4214.9,860.8654,889.1772,1,3.0103,1,708.4815,783.7252,1,3.001,1,784.6734,836.4512,3.0057,
438021701965,4218.9,858.9173,893.0698,1,3.0004,1,705.1825,788.9792,1,2.9184,1,782.0499,841.0245,2.9594,
438021705965,4222.9,864.4706,904.3954,1,2.9831,1,704.3384,813.4811,1,2.8756,1,784.4045,858.9383,2.9293,
438021709965,4226.9,862.1461,898.5607,1,2.9707,1,702.6362,822.6043,1,2.8533,1,782.3912,860.5825,2.912,
438021713965,4230.9,859.795,907.7318,1,2.9793,1,704.6148,803.4931,1,2.9311,1,782.2049,855.6124,2.9552,
438021717965,4234.9,855.9015,902.1156,1,2.9755,1,710.5025,806.4731,1,2.9012,1,783.202,854.2943,2.9383,
438021721965,4238.9,855.8732,898.1447,1,2.9961,1,700.6968,811.0533,1,2.8698,1,778.285,854.599,2.933,
438021725965,4242.9,866.0402,902.9256,1,2.9979,1,704.4481,794.4159,1,2.9256,1,785.2441,848.6708,2.9617,
438021729965,4246.9,862.8292,902.1353,1,2.9921,1,703.9585,801.0649,1,2.9151,1,783.3938,851.6001,2.9536,
438021733965,4250.9,854.2342,917.3931,1,2.9673,1,705.889,796.3867,1,2.9215,1,780.0616,856.8899,2.9444,
438021737965,4254.9,853.794,903.6447,1,3.0164,1,704.2747,794.0424,1,2.9398,1,779.0343,848.8436,2.9781,
438021741965,4258.9,850.3028,909.872,1,2.967,1,697.7934,784.194,1,2.9415,1,774.0481,847.033,2.9542,
438021745965,4262.9,860.1377,906.944,1,2.9897,1,712.1619,794.176,1,2.9155,1,786.1498,850.56,2.9526,
438021749965,4266.9,857.9733,916.6477,1,2.9848,1,703.8024,779.0422,1,2.9459,1,780.8879,847.845,2.9654,
438021753965,4270.9,857.0889,905.0691,1,2.9668,1,706.0373,789.6122,1,2.9322,1,781.5631,847.3407,2.9495,
438021757965,4274.9,861.7401,909.4887,1,2.9355,1,708.606,800.031,1,2.9006,1,785.173,854.7598,2.918,
438021761965,4278.9,849.3198,911.8629,1,2.9723,1,706.5161,800.2573,1,2.9044,1,777.9179,856.0601,2.9383,
438021765965,4282.9,867.0797,910.477,1,2.9649,1,713.741,793.0144,1,2.9129,1,790.4103,851.7457,2.9389,
438021769965,4286.9,845.5116,907.6028,1,2.982,1,709.4943,798.8359,1,2.9115,1,777.503,853.2194,2.9467,
438021773965,4290.9,865.8746,909.0439,1,3.0251,1,707.258,787.9002,1,2.9531,1,786.5663,848.472,2.9891,
438021777965,4294.9,872.6878,904.9372,1,2.9866,1,695.1365,806.1303,1,2.8616,1,783.9121,855.5338,2.9241,
438021781965,4298.9,860.62,903.6925,1,3.0212,1,714.1559,797.4158,1,2.9194,1,787.3879,850.5542,2.9703,
438021785965,4302.9,854.195,918.908,1,2.9142,1,698.9593,796.7891,1,2.9109,1,776.5771,857.8486,2.9125,
438021789964,4306.9,859.9903,901.8615,1,2.9931,1,712.0493,779.6632,1,2.9231,1,786.0198,840.7624,2.9581,
438021793964,4310.9,850.8412,899.2287,1,3.0125,1,710.0763,793.6779,1,2.8826,1,780.4587,846.4533,2.9476,
438021797964,4314.9,851.687,912.9397,1,2.9694,1,699.8684,793.739,1,2.9383,1,775.7777,853.3394,2.9538,
438021801964,4318.9,859.261,910.9314,1,2.9911,1,710.2885,796.0061,1,2.9014,1,784.7748,853.4688,2.9463,
438021805964,4322.9,850.3801,898.2073,1,2.9792,1,701.6848,804.7379,1,2.9213,1,776.0324,851.4726,2.9502,
438021809964,4326.9,853.8466,912.9082,1,2.9593,1,695.5956,799.1885,1,2.8969,1,774.7211,856.0483,2.9281,
438021813964,4330.9,853.9147,916.126,1,2.9906,1,706.0292,799.94,1,2.9115,1,779.9719,858.033,2.951,
438021817964,4334.9,849.8874,896.6434,1,2.9855,1,698.4023,803.1994,1,2.9398,1,774.1448,849.9214,2.9626,
438021821964,4338.9,850.1046,907.3934,1,3.0058,1,703.1528,807.0071,1,2.8774,1,776.6287,857.2003,2.9416,
438021825964,4342.9,866.6644,921.2128,1,2.9872,1,704.4182,792.4917,1,2.9386,1,785.5413,856.8522,2.9629,
438021829964,4346.9,871.4944,901.1194,1,3.0012,1,700.5802,791.9815,1,2.9259,1,786.0373,846.5505,2.9636,
438021833964,4350.9,860.8038,928.661,1,2.957,1,720.5198,784.4391,1,2.9088,1,790.6618,856.5501,2.9329,
438021837964,4354.9,866.1514,922.7732,1,2.9609,1,708.466,807.148,1,2.8649,1,787.3087,864.9606,2.9129,
438021841964,4358.9,859.8954,903.2017,1,3.027,1,704.425,781.545,1,2.9712,1,782.1602,842.3734,2.9991,
438021845964,4362.9,859.884,909.901,1,2.9831,1,716.5611,786.6758,1,2.9061,1,788.2225,848.2884,2.9446,
438021849964,4366.9,868.5596,905.9726,1,2.9826,1,709.6961,799.9225,1,2.9271,1,789.1279,852.9476,2.9548,
438021853964,4370.9,860.2861,910.2653,1,3.0088,1,704.4379,799.5444,1,2.9185,1,782.362,854.9049,2.9636,
438021857964,4374.9,867.0719,913.0444,1,2.9831,1,710.017,795.1433,1,2.9493,1,788.5445,854.0939,2.9662,
438021861964,4378.9,866.265,916.1895,1,3.0136,1,706.5442,800.0458,1,2.9318,1,786.4046,858.1177,2.9727,
438021865964,4382.9,867.6727,891.0806,1,3.031,1,710.6878,804.3783,1,2.8926,1,789.1803,847.7295,2.9618,
438021869964,4386.9,852.0359,903.7046,1,2.9995,1,708.8855,797.9612,1,2.9319,1,780.4607,850.8329,2.9657,
438021873964,4390.9,856.8054,912.6579,1,2.9951,1,709.4896,806.3379,1,2.9064,1,783.1475,859.4979,2.9508,
438021877965,4394.9,863.4236,916.9593,1,2.9748,1,704.8776,798.1415,1,2.9319,1,784.1506,857.5504,2.9533,
438021881965,4398.9,860.4137,904.455,1,3.0133,1,705.169,805.7977,1,2.9093,1,782.7913,855.1263,2.9613,
438021885965,4402.9,862.8362,905.0897,1,2.9997,1,710.263,801.9777,1,2.9381,1,786.5496,853.5337,2.9689,
438021889965,4406.9,862.5528,897.9177,1,3.0097,1,699.1293,820.7245,1,2.8803,1,780.841,859.3211,2.945,
438021893965,4410.9,866.6144,911.5284,1,3.0126,1,709.1889,809.984,1,2.9477,1,787.9017,860.7562,2.9802,
438021897965,4414.9,877.9991,902.2931,1,3.0042,1,696.3626,821.4537,1,2.8759,1,787.1809,861.8734,2.94,
438021901965,4418.9,859.764,905.3226,1,2.9872,1,708.5979,804.8223,1,2.9284,1,784.181,855.0724,2.9578,
438021905965,4422.9,862.5681,906.1797,1,2.9888,1,718.4168,811.4918,1,2.9032,1,790.4925,858.8357,2.946,
438021909965,4426.9,870.0375,910.7356,1,3.0052,1,706.0878,794.5513,1,2.927,1,788.0626,852.6434,2.9661,
438021913965,4430.9,857.409,910.7897,1,3.008,1,709.2345,806.2334,1,2.902,1,783.3218,858.5115,2.955,
438021917965,4434.9,861.4359,908.2893,1,2.9742,1,701.687,806.2546,1,2.897,1,781.5615,857.272,2.9356,
438021921965,4438.9,862.5736,904.5051,1,2.9684,1,704.1673,814.3397,1,2.8782,1,783.3704,859.4224,2.9233,
438021925965,4442.9,858.194,899.9109,1,2.9677,1,705.3265,790.5869,1,2.9252,1,781.7603,845.2489,2.9464,
438021929965,4446.9,864.0779,910.2073,1,2.9742,1,707.5458,800.1654,1,2.8913,1,785.8118,855.1863,2.9328,
438021933965,4450.9,855.5854,884.7992,1,2.9772,1,713.0796,815.7212,1,2.882,1,784.3325,850.2602,2.9296,
438021937965,4454.9,850.2382,890.4938,1,2.9755,1,694.8078,806.1119,1,2.8783,1,772.523,848.3028,2.9269,
438021941965,4458.9,852.278,896.8328,1,2.9513,1,708.0342,813.0133,1,2.8727,1,780.1561,854.923,2.912,
438021945965,4462.9,861.7702,887.0959,1,2.9907,1,701.9285,800.0188,1,2.9121,1,781.8494,843.5573,2.9514,
438021949965,4466.9,859.7007,906.5261,1,2.9852,1,712.3734,796.9855,1,2.9373,1,786.0371,851.7558,2.9613,
438021953965,4470.9,861.9478,886.7011,1,3.0002,1,699.8814,785.8798,1,2.9114,1,780.9146,836.2905,2.9558,
438021957965,4474.9,860.1892,893.5893,1,2.963,1,700.2378,787.3857,1,2.9161,1,780.2135,840.4875,2.9395,
438021961965,4478.9,860.0011,900.504,1,2.9722,1,699.3364,795.1645,1,2.9068,1,779.6688,847.8343,2.9395,
438021965965,4482.9,853.4397,899.8541,1,2.9686,1,703.3171,799.5988,1,2.8613,1,778.3784,849.7264,2.915,
438021969965,4486.9,857.0518,893.3439,1,2.9523,1,702.1827,792.0328,1,2.9057,1,779.6173,842.6883,2.929,
438021973965,4490.9,854.6594,900.661,1,2.9649,1,708.9009,780.3273,1,2.9651,1,781.7802,840.4942,2.965,
438021977965,4494.9,861.8284,890.3202,1,2.9819,1,696.9854,803.4409,1,2.8625,1,779.4069,846.8806,2.9222,
438021981965,4498.9,856.093,892.6578,1,2.9439,1,707.4645,810.5424,1,2.825,1,781.7787,851.6001,2.8844,
438021985965,4502.9,863.2257,892.0433,1,2.9408,1,702.3905,805.6199,1,2.9203,1,782.8081,848.8316,2.9306,
438021989965,4506.9,855.2516,879.5637,1,2.9756,1,707.5397,783.5967,1,2.9054,1,781.3957,831.5802,2.9405,
438021993965,4510.9,863.7376,891.5468,1,2.9487,1,698.3038,796.6823,1,2.8567,1,781.0207,844.1145,2.9027,
438021997965,4514.9,856.5805,892.7196,1,2.964,1,705.9772,809.1126,1,2.8729,1,781.2788,850.9161,2.9184,
438022001965,4518.9,860.5964,892.7051,1,2.9489,1,694.4077,813.7024,1,2.835,1,777.5021,853.2037,2.892,
438022005965,4522.9,859.2008,894.6054,1,2.9287,1,698.9002,812.8478,1,2.875,1,779.0505,853.7266,2.9018,
438022009965,4526.9,857.7482,882.0033,1,2.9551,1,717.0482,805.7714,1,2.8662,1,787.3982,843.8873,2.9107,
438022013965,4530.9,856.9363,893.1224,1,2.9331,1,695.5639,795.1676,1,2.8972,1,776.2501,844.145,2.9151,
438022017965,4534.9,856.5277,884.2472,1,2.9466,1,712.8995,800.5623,1,2.8621,1,784.7136,842.4047,2.9043,
438022021965,4538.9,867.7321,891.4795,1,2.949,1,710.4709,812.7114,1,2.8454,1,789.1015,852.0955,2.8972,
438022025965,4542.9,867.0484,880.8875,1,2.9603,1,709.9369,803.8991,1,2.8873,1,788.4927,842.3933,2.9238,
438022029965,4546.9,867.7279,889.8916,1,2.9484,1,710.3017,789.3602,1,2.8921,1,789.0148,839.6259,2.9203,
438022033965,4550.9,859.1281,894.924,1,2.9359,1,707.4505,795.511,1,2.8609,1,783.2893,845.2175,2.8984,
438022037965,4554.9,857.5679,892.1733,1,2.9417,1,703.8705,797.1461,1,2.8572,1,780.7192,844.6597,2.8995,
438022041965,4558.9,858.5973,898.6795,1,2.9453,1,705.8354,798.1107,1,2.8718,1,782.2164,848.3951,2.9085,
438022045965,4562.9,852.8288,896.7991,1,2.9459,1,709.9505,785.5203,1,2.8783,1,781.3897,841.1597,2.9121,
438022049965,4566.9,863.3817,893.5398,1,2.9667,1,720.1448,789.5504,1,2.8885,1,791.7632,841.5451,2.9276,
438022053969,4571.0,864.997,928.69,1,2.9174,1,706.5106,808.1895,1,2.8671,1,785.7538,868.4398,2.8922,
438022057969,4575.0,872.3195,916.5626,1,2.9113,1,710.1165,799.7166,1,2.8721,1,791.218,858.1396,2.8917,
438022061969,4579.0,871.1951,904.472,1,2.9307,1,707.8001,795.0301,1,2.8648,1,789.4976,849.751,2.8978,
438022065969,4583.0,871.3077,908.5979,1,2.9536,1,711.6279,805.4192,1,2.8409,1,791.4678,857.0085,2.8972,
438022069969,4587.0,860.7447,904.2399,1,2.9641,1,710.3767,795.7331,1,2.8369,1,785.5607,849.9865,2.9005,
438022073969,4591.0,868.4438,899.9712,1,2.9513,1,699.1016,788.2378,1,2.8938,1,783.7727,844.1045,2.9226,
438022077969,4595.0,870.0499,907.4228,1,2.9323,1,715.5389,800.9095,1,2.837,1,792.7944,854.1662,2.8846,
438022081969,4599.0,867.5871,893.7347,1,2.9281,1,703.4754,783.4768,1,2.8742,1,785.5312,838.6058,2.9012,
438022085969,4603.0,862.3793,888.4837,1,2.9761,1,699.0571,794.8099,1,2.8489,1,780.7182,841.6468,2.9125,
438022089969,4607.0,866.2738,899.7942,1,2.928,1,704.9,805.2172,1,2.8335,1,785.5869,852.5057,2.8808,
438022093969,4611.0,867.853,892.224,1,2.9404,1,706.1349,798.2222,1,2.8548,1,786.994,845.2231,2.8976,
438022097969,4615.0,859.3579,887.3673,1,2.912,1,708.8995,816.5267,1,2.8166,1,784.1287,851.947,2.8643,
438022101969,4619.0,868.8273,890.9892,1,2.9491,1,706.012,802.1644,1,2.8497,1,787.4197,846.5768,2.8994,
438022105969,4623.0,865.1336,879.611,1,2.9361,1,711.4545,797.7166,1,2.851,1,788.294,838.6638,2.8935,
438022109969,4627.0,874.8572,890.442,1,2.9203,1,719.4405,797.1845,1,2.8814,1,797.1488,843.8132,2.9009,
438022113969,4631.0,867.2148,893.9743,1,2.9189,1,697.5782,826.0318,1,2.8187,1,782.3965,860.003,2.8688,
438022117969,4635.0,859.3605,888.6477,1,2.9346,1,706.7508,806.8359,1,2.8592,1,783.0557,847.7418,2.8969,
438022121969,4639.0,870.0174,891.7652,1,2.918,1,701.6896,796.8634,1,2.8629,1,785.8535,844.3143,2.8904,
438022125968,4643.0,859.8698,893.4227,1,2.9173,1,700.5405,782.6221,1,2.8567,1,780.2052,838.0224,2.887,
438022129969,4647.0,860.1378,891.6523,1,2.927,1,701.9006,801.0413,1,2.8577,1,781.0192,846.3468,2.8924,
438022133969,4651.0,865.6058,883.6237,1,2.9298,1,715.9871,799.1598,1,2.8695,1,790.7964,841.3918,2.8996,
438022137969,4655.0,858.9967,894.45,1,2.9086,1,699.5115,799.6818,1,2.854,1,779.2541,847.0659,2.8813,
438022141969,4659.0,870.8366,882.8478,1,3.0013,1,700.3354,805.924,1,2.8429,1,785.586,844.3859,2.9221,
438022145969,4663.0,850.9879,892.4397,1,2.9472,1,700.6803,803.4796,1,2.8537,1,775.8341,847.9596,2.9004,
438022149969,4667.0,867.0331,911.8343,1,2.9342,1,706.9251,794.395,1,2.877,1,786.9791,853.1147,2.9056,
438022153969,4671.0,859.6751,906.2823,1,2.9334,1,706.0628,807.7777,1,2.8291,1,782.869,857.03,2.8812,
438022157969,4675.0,857.0474,906.1834,1,2.9151,1,702.7528,794.4592,1,2.8535,1,779.9001,850.3213,2.8843,
438022161969,4679.0,867.9592,905.1873,1,2.9184,1,705.3418,801.0125,1,2.8501,1,786.6505,853.0999,2.8843,
438022165969,4683.0,853.1347,889.7657,1,2.9531,1,693.3968,801.7199,1,2.8554,1,773.2658,845.7428,2.9042,
438022169969,4687.0,857.3912,890.2966,1,2.9283,1,706.8384,800.8488,1,2.8634,1,782.1148,845.5727,2.8958,
438022173969,4691.0,863.0007,887.4726,1,2.947,1,710.1061,811.0211,1,2.8379,1,786.5534,849.2469,2.8925,
438022177969,4695.0,854.0194,890.1754,1,2.9542,1,693.8049,813.5674,1,2.8243,1,773.9121,851.8714,2.8893,
438022181969,4699.0,858.701,885.6196,1,2.9362,1,702.1058,809.9472,1,2.8812,1,780.4034,847.7834,2.9087,
438022185965,4702.9,857.7026,890.043,1,2.9581,1,712.5846,811.3252,1,2.8452,1,785.1436,850.6841,2.9017,
438022189965,4706.9,865.9039,885.033,1,2.954,1,704.9764,801.7966,1,2.9166,1,785.4402,843.4148,2.9353,
438022193965,4710.9,862.1249,884.0201,1,2.9281,1,705.1649,799.3367,1,2.8936,1,783.6449,841.6784,2.9108,
438022197965,4714.9,865.3475,878.5511,1,2.9797,1,708.0252,807.6708,1,2.863,1,786.6864,843.1109,2.9214,
438022201965,4718.9,870.33,875.7591,1,3.0006,1,710.8202,789.068,1,2.9166,1,790.5751,832.4135,2.9586,
438022205965,4722.9,866.0763,889.2364,1,2.9372,1,703.6097,809.1022,1,2.8399,1,784.843,849.1693,2.8886,
438022209965,4726.9,867.0565,883.9757,1,2.9876,1,705.473,810.203,1,2.8491,1,786.2648,847.0894,2.9184,
438022213966,4731.0,865.3884,890.3155,1,2.9593,1,711.9704,802.1546,1,2.8792,1,788.6794,846.235,2.9193,
438022217966,4735.0,866.3854,887.8174,1,2.9964,1,712.657,798.6298,1,2.8897,1,789.5212,843.2236,2.943,
438022221966,4739.0,856.562,880.1707,1,2.9498,1,716.1629,816.3511,1,2.8692,1,786.3625,848.2609,2.9095,
438022225966,4743.0,857.2477,894.4505,1,2.9555,1,726.6834,805.3452,1,2.888,1,791.9655,849.8979,2.9218,
438022229966,4747.0,853.9138,894.0611,1,2.9685,1,703.733,791.8347,1,2.9176,1,778.8234,842.9479,2.9431,
438022233966,4751.0,863.3653,890.018,1,2.9813,1,698.6692,815.2075,1,2.8388,1,781.0172,852.6127,2.91,
438022237966,4755.0,871.7821,904.6445,1,2.9756,1,707.0671,793.8149,1,2.9108,1,789.4246,849.2297,2.9432,
438022241966,4759.0,863.1728,908.5519,1,2.9436,1,714.6152,799.8411,1,2.8808,1,788.894,854.1965,2.9122,
438022245966,4763.0,859.2681,900.2666,1,2.9322,1,712.285,809.1799,1,2.8774,1,785.7765,854.7233,2.9048,
438022249966,4767.0,861.1866,885.6786,1,2.9432,1,709.9929,815.6555,1,2.8933,1,785.5898,850.6671,2.9182,
438022253966,4771.0,860.2708,901.0026,1,3.0061,1,700.2327,807.5805,1,2.8637,1,780.2517,854.2916,2.9349,
438022257966,4775.0,866.6552,876.141,1,3.0108,1,707.5075,798.9829,1,2.9272,1,787.0813,837.5619,2.969,
438022261966,4779.0,853.4486,892.7074,1,2.9678,1,718.46,809.7023,1,2.8511,1,785.9543,851.2049,2.9094,
438022265966,4783.0,860.9161,904.551,1,2.9437,1,705.5652,795.3006,1,2.8859,1,783.2407,849.9258,2.9148,
438022269966,4787.0,863.1199,891.1206,1,2.9775,1,712.0575,783.8818,1,2.92,1,787.5887,837.5012,2.9488,
438022273966,4791.0,863.4512,888.2321,1,2.9824,1,700.0508,786.7475,1,2.9073,1,781.751,837.4898,2.9449,
438022277966,4795.0,859.2637,884.9659,1,3.0072,1,707.8208,806.1399,1,2.8802,1,783.5422,845.5529,2.9437,
438022281966,4799.0,858.2344,877.0101,1,2.9938,1,721.466,781.5443,1,2.9373,1,789.8502,829.2772,2.9656,
438022285966,4803.0,854.8769,886.8177,1,2.9817,1,702.4031,787.1752,1,2.9165,1,778.64,836.9965,2.9491,
438022289966,4807.0,867.4624,892.1911,1,2.9799,1,701.0143,793.8192,1,2.9192,1,784.2383,843.0051,2.9496,
438022293966,4811.0,864.2854,889.3035,1,2.975,1,713.5673,809.002,1,2.8617,1,788.9263,849.1528,2.9184,
438022297966,4815.0,864.3099,867.8671,1,2.9918,1,713.4731,805.7623,1,2.8724,1,788.8915,836.8147,2.9321,
438022301966,4819.0,852.9546,885.7576,1,2.9958,1,704.4567,812.5222,1,2.867,1,778.7057,849.1399,2.9314,
438022305966,4823.0,871.7378,884.438,1,3.0137,1,708.3133,804.1928,1,2.9296,1,790.0255,844.3154,2.9716,
438022309966,4827.0,854.8799,895.9943,1,2.9813,1,700.0053,816.358,1,2.8713,1,777.4426,856.1761,2.9263,
438022313968,4831.0,863.359,898.5565,1,2.9779,1,703.6487,806.1287,1,2.872,1,783.5039,852.3426,2.9249,
438022317968,4835.0,862.2908,898.0727,1,2.9787,1,708.7327,804.2883,1,2.9366,1,785.5117,851.1805,2.9576,
438022321968,4839.0,864.176,894.8575,1,2.9743,1,713.132,817.8416,1,2.8776,1,788.654,856.3496,2.926,
438022325968,4843.0,855.4807,889.5932,1,2.991,1,716.2239,790.3626,1,2.9575,1,785.8523,839.9779,2.9742,
438022329968,4847.0,864.8476,888.0318,1,3.0291,1,720.6893,790.6611,1,2.9314,1,792.7685,839.3464,2.9802,
438022333968,4851.0,865.4104,895.9863,1,3.0017,1,714.9174,798.3342,1,2.8913,1,790.1639,847.1603,2.9465,
438022337968,4855.0,861.3819,881.6959,1,3.0059,1,703.6222,806.1134,1,2.9191,1,782.5021,843.9046,2.9625,
438022341968,4859.0,867.0517,901.1742,1,2.9942,1,737.4187,786.2625,1,2.9773,1,802.2352,843.7184,2.9858,
438022345968,4863.0,865.6359,885.7826,1,2.994,1,712.9286,793.8752,1,2.9218,1,789.2822,839.8289,2.9579,
438022349968,4867.0,862.7114,898.3195,1,2.9957,1,702.004,791.865,1,2.9424,1,782.3577,845.0922,2.9691,
438022353968,4871.0,864.847,899.8617,1,2.9471,1,719.7799,778.527,1,2.924,1,792.3135,839.1944,2.9356,
438022357969,4875.0,858.5956,892.4614,1,2.989,1,701.6109,813.1614,1,2.9204,1,780.1033,852.8114,2.9547,
438022361969,4879.0,850.7176,884.3589,1,3.0135,1,697.3651,792.4237,1,2.9238,1,774.0413,838.3913,2.9687,
438022365969,4883.0,826.8081,888.5068,1,3.0059,1,669.6186,789.9774,1,2.9299,1,748.2133,839.2421,2.9679,
438022369969,4887.0,823.2568,899.2516,1,2.9685,1,673.5563,799.3193,1,2.876,1,748.4065,849.2855,2.9222,
438022373969,4891.0,843.7376,877.7033,1,3.0131,1,681.3526,786.0047,1,2.9371,1,762.5451,831.854,2.9751,
438022377969,4895.0,848.1126,891.8309,1,2.9949,1,693.6932,799.2752,1,2.8608,1,770.9029,845.5531,2.9278,
438022381969,4899.0,843.343,892.1544,1,2.9991,1,700.0631,789.707,1,2.9094,1,771.7031,840.9307,2.9543,
438022385969,4903.0,833.8156,898.9802,1,2.9634,1,705.9461,783.1707,1,2.9138,1,769.8808,841.0754,2.9386,
438022389969,4907.0,846.8341,896.9036,1,2.9532,1,702.0081,790.0308,1,2.917,1,774.4211,843.4672,2.9351,
438022393969,4911.0,844.7587,885.3963,1,3.0015,1,704.3078,788.5801,1,2.9281,1,774.5332,836.9882,2.9648,
438022397969,4915.0,833.3247,881.0578,1,2.9662,1,712.0806,799.2458,1,2.9161,1,772.7026,840.1518,2.9412,
438022401969,4919.0,844.0676,887.2056,1,2.9704,1,712.5727,783.4455,1,2.9332,1,778.3202,835.3256,2.9518,
438022405969,4923.0,834.0111,874.3673,1,2.9695,1,683.4626,807.9666,1,2.8962,1,758.7368,841.167,2.9328,
438022409969,4927.0,842.7157,880.056,1,2.9508,1,685.72,783.9008,1,2.9244,1,764.2179,831.9784,2.9376,
438022413969,4931.0,837.0369,879.9214,1,2.9556,1,698.4132,798.3,1,2.921,1,767.7251,839.1107,2.9383,
438022417969,4935.0,837.8765,882.1135,1,2.9576,1,686.3712,789.5167,1,2.9148,1,762.1238,835.8151,2.9362,
438022421969,4939.0,834.9339,881.9037,1,2.9995,1,693.1396,800.5641,1,2.8997,1,764.0367,841.2339,2.9496,
438022425969,4943.0,842.1939,873.7259,1,3.0172,1,687.1889,812.7835,1,2.8757,1,764.6914,843.2547,2.9464,
438022429969,4947.0,839.1924,905.6551,1,2.9207,1,690.5701,786.0634,1,2.9108,1,764.8813,845.8592,2.9158,
438022433969,4951.0,853.9459,888.5096,1,3.004,1,703.2374,783.1328,1,2.9006,1,778.5917,835.8212,2.9523,
438022437969,4955.0,846.5747,891.4938,1,2.9762,1,691.7863,779.1014,1,2.9337,1,769.1805,835.2976,2.9549,
438022441969,4959.0,841.6697,898.8333,1,2.9496,1,699.8286,794.9867,1,2.9071,1,770.7492,846.91,2.9283,
438022445967,4963.0,843.3349,892.9048,1,2.9701,1,698.7181,786.5015,1,2.9048,1,771.0265,839.7032,2.9374,
438022449967,4967.0,839.3246,909.7809,1,2.9677,1,692.9403,784.0736,1,2.9322,1,766.1325,846.9273,2.95,
438022453966,4971.0,842.5362,885.8159,1,2.9777,1,692.503,787.7414,1,2.9027,1,767.5196,836.7786,2.9402,
438022457966,4975.0,838.9467,885.2147,1,2.9856,1,687.6522,789.7116,1,2.897,1,763.2995,837.4632,2.9413,
438022461966,4979.0,835.4235,883.2266,1,2.9715,1,693.7978,785.5259,1,2.9353,1,764.6106,834.3763,2.9534,
438022465966,4983.0,836.6269,902.8443,1,2.9617,1,697.3585,784.9437,1,2.9063,1,766.9927,843.894,2.934,
438022469966,4987.0,853.4414,887.0242,1,2.9733,1,685.1728,779.7066,1,2.92,1,769.3071,833.3654,2.9466,
438022473966,4991.0,836.8431,889.2669,1,2.9867,1,690.7094,815.5032,1,2.8399,1,763.7763,852.3851,2.9133,
438022477966,4995.0,853.001,879.5085,1,2.9844,1,699.3378,786.7516,1,2.918,1,776.1694,833.1301,2.9512,
438022481966,4999.0,847.6581,889.0574,1,2.9633,1,692.3644,781.3661,1,2.9016,1,770.0113,835.2117,2.9325,
438022485966,5003.0,843.3233,904.6568,1,2.9318,1,690.1675,786.5943,1,2.9167,1,766.7454,845.6256,2.9243,
438022489966,5007.0,839.4017,884.9911,1,2.9722,1,689.3734,786.3952,1,2.9,1,764.3875,835.6932,2.9361,
438022493966,5011.0,840.6479,907.5863,1,2.9517,1,700.558,769.3656,1,2.9459,1,770.6029,838.476,2.9488,
438022497966,5015.0,849.6604,881.0233,1,2.9829,1,700.3992,771.3975,1,2.9623,1,775.0298,826.2104,2.9726,
438022501966,5019.0,854.7998,897.0177,1,2.9871,1,682.2299,796.9104,1,2.8619,1,768.5149,846.9641,2.9245,
438022505966,5023.0,851.4043,899.7848,1,2.9866,1,689.1107,785.3993,1,2.8889,1,770.2575,842.592,2.9377,
438022509966,5027.0,841.8038,898.2682,1,2.9431,1,696.4694,770.5141,1,2.9015,1,769.1366,834.3911,2.9223,
438022513966,5031.0,835.5583,889.9595,1,2.9672,1,692.7668,790.6086,1,2.8853,1,764.1625,840.2841,2.9262,
438022517966,5035.0,843.4098,905.7066,1,2.9628,1,687.8327,785.8477,1,2.9029,1,765.6212,845.7771,2.9329,
438022521966,5039.0,841.2011,885.6693,1,2.9739,1,698.1764,788.8919,1,2.9044,1,769.6888,837.2806,2.9392,
438022525966,5043.0,848.2397,889.7198,1,2.9414,1,684.0129,777.2724,1,2.9065,1,766.1263,833.4961,2.924,
438022529966,5047.0,839.7279,883.9104,1,3.0002,1,698.649,792.8917,1,2.8916,1,769.1885,838.401,2.9459,
438022533966,5051.0,851.0147,887.7899,1,2.9554,1,692.8943,792.6011,1,2.8717,1,771.9545,840.1955,2.9135,
438022537966,5055.0,847.7015,882.0782,1,2.9982,1,692.1652,793.0767,1,2.8822,1,769.9333,837.5774,2.9402,
438022541966,5059.0,844.9257,892.8748,1,2.9729,1,690.1101,791.0789,1,2.9356,1,767.5179,841.9769,2.9543,
438022545966,5063.0,842.5366,889.9824,1,2.9457,1,697.5615,786.7299,1,2.9079,1,770.049,838.3562,2.9268,
438022549966,5067.0,838.0268,903.3387,1,2.9661,1,700.8144,777.9033,1,2.9314,1,769.4206,840.621,2.9487,
438022553966,5071.0,855.4337,891.5944,1,2.9661,1,687.9734,778.1328,1,2.928,1,771.7035,834.8636,2.947,
438022557966,5075.0,845.6421,908.5832,1,2.9327,1,691.048,793.4324,1,2.8938,1,768.345,851.0078,2.9132,
438022561966,5079.0,850.6071,892.3074,1,2.9503,1,705.7633,791.7521,1,2.8886,1,778.1852,842.0298,2.9194,
438022565966,5083.0,857.3188,889.8639,1,3.0038,1,683.3896,800.3519,1,2.8771,1,770.3542,845.1079,2.9404,
438022569966,5087.0,847.2805,913.7387,1,2.9585,1,692.599,791.1579,1,2.9133,1,769.9398,852.4483,2.9359,
438022573966,5091.0,851.3619,906.8929,1,2.9594,1,695.8461,790.6066,1,2.8996,1,773.604,848.7497,2.9295,
438022577969,5095.0,848.3233,901.4207,1,2.9484,1,690.1614,793.0803,1,2.8717,1,769.2424,847.2505,2.9101,
438022581969,5099.0,846.2492,910.0609,1,2.9422,1,689.4948,779.095,1,2.8994,1,767.872,844.5779,2.9208,
438022585969,5103.0,849.825,887.9441,1,2.9595,1,688.8602,792.3813,1,2.8874,1,769.3426,840.1627,2.9234,
438022589969,5107.0,851.8787,885.975,1,2.9603,1,687.9347,779.0051,1,2.9097,1,769.9067,832.49,2.935,
438022593969,5111.0,860.7262,895.959,1,2.9427,1,694.6481,771.6992,1,2.9455,1,777.6872,833.8291,2.9441,
438022597969,5115.0,837.9352,889.962,1,2.9407,1,688.2792,774.5035,1,2.9367,1,763.1072,832.2327,2.9387,
438022601969,5119.0,854.0709,886.8197,1,2.9705,1,693.3811,781.5112,1,2.9022,1,773.726,834.1654,2.9363,
438022605969,5123.0,839.9629,885.2691,1,2.9455,1,690.5483,797.5385,1,2.885,1,765.2556,841.4038,2.9153,
438022609969,5127.0,845.725,888.1901,1,2.959,1,695.9883,790.6571,1,2.8997,1,770.8567,839.4236,2.9294,
438022613969,5131.0,847.0876,895.6424,1,2.9509,1,691.0008,792.0215,1,2.8698,1,769.0442,843.832,2.9103,
438022617968,5135.0,843.8768,897.8186,1,2.9544,1,688.5828,777.9342,1,2.9128,1,766.2298,837.8764,2.9336,
438022621968,5139.0,848.534,903.191,1,2.9712,1,695.3752,779.4738,1,2.9469,1,771.9546,841.3324,2.9591,
438022625968,5143.0,841.7014,887.5811,1,2.9432,1,699.2091,768.3876,1,2.9352,1,770.4552,827.9844,2.9392,
438022629968,5147.0,846.7044,901.5193,1,2.9499,1,692.9787,789.9772,1,2.8785,1,769.8415,845.7482,2.9142,
438022633968,5151.0,847.4024,898.5003,1,2.9627,1,685.0496,781.776,1,2.8818,1,766.226,840.1381,2.9222,
438022637968,5155.0,849.247,899.088,1,2.9279,1,699.3262,811.5445,1,2.878,1,774.2866,855.3163,2.9029,
438022641968,5159.0,841.321,897.4634,1,2.9552,1,697.0355,779.6405,1,2.9023,1,769.1783,838.5519,2.9288,
438022645968,5163.0,847.3326,896.0693,1,2.9519,1,702.2972,786.2939,1,2.91,1,774.8149,841.1816,2.931,
438022649968,5167.0,838.6665,885.3397,1,2.9394,1,694.1619,797.8394,1,2.8731,1,766.4142,841.5895,2.9062,
438022653968,5171.0,848.4815,901.5673,1,2.964,1,674.9178,782.6202,1,2.9414,1,761.6997,842.0938,2.9527,
438022657968,5175.0,847.5455,902.8533,1,2.9458,1,678.8691,783.1991,1,2.9224,1,763.2073,843.0262,2.9341,
438022661968,5179.0,846.8522,884.0696,1,2.9592,1,697.7402,769.5204,1,2.9453,1,772.2962,826.795,2.9523,
438022665968,5183.0,843.4709,890.6477,1,2.9541,1,696.4845,786.84,1,2.8842,1,769.9777,838.7438,2.9191,
438022669968,5187.0,847.4004,890.0804,1,2.9851,1,685.2623,797.0636,1,2.8659,1,766.3313,843.572,2.9255,
438022673968,5191.0,853.1665,902.0054,1,2.9409,1,698.2558,786.7026,1,2.8919,1,775.7112,844.354,2.9164,
438022677968,5195.0,861.5163,897.9522,1,2.932,1,680.2869,773.5816,1,2.8612,1,770.9016,835.7669,2.8966,
438022681968,5199.0,858.5556,897.2486,1,2.9487,1,688.2027,802.2185,1,2.8591,1,773.3792,849.7335,2.9039,
438022685968,5203.0,857.7909,906.1149,1,2.92,1,694.1677,791.9749,1,2.8814,1,775.9793,849.0449,2.9007,
438022689968,5207.0,,,0,,0,,,0,,0,,,,
438022693968,5211.0,,,0,,0,,,0,,0,,,,
438022697968,5215.0,832.8464,892.0812,1,2.9327,1,694.156,786.9815,1,2.922,1,763.5012,839.5313,2.9273,
438022701968,5219.0,,,0,,0,,,0,,0,,,,
438022705968,5223.0,852.0063,870.024,1,2.9676,1,685.0744,799.2594,1,2.8616,1,768.5404,834.6417,2.9146,
438022709964,5226.9,,,0,,0,,,0,,0,,,,
438022713961,5230.9,854.231,885.5079,1,2.9451,1,684.2083,788.8655,1,2.9093,1,769.2197,837.1867,2.9272,
438022717961,5234.9,,,0,,0,,,0,,0,,,,
438022721961,5238.9,851.455,897.4119,1,2.9354,1,691.4976,781.3934,1,2.8951,1,771.4763,839.4027,2.9152,
438022725961,5242.9,851.7364,891.4323,1,2.9291,1,687.276,790.283,1,2.8718,1,769.5062,840.8577,2.9004,
438022729961,5246.9,849.4626,868.0278,1,2.9524,1,694.9194,802.8785,1,2.8533,1,772.191,835.4531,2.9029,
438022733961,5250.9,845.6109,891.0336,1,2.9028,1,689.3207,783.9555,1,2.8792,1,767.4658,837.4945,2.891,
438022737961,5254.9,857.548,875.6808,1,2.9341,1,692.7125,798.3766,1,2.8544,1,775.1303,837.0287,2.8942,
438022741961,5258.9,852.5462,882.2947,1,2.9211,1,695.5906,793.5677,1,2.8582,1,774.0684,837.9312,2.8896,
438022745961,5262.9,847.356,875.1147,1,2.9544,1,691.6877,788.0246,1,2.8788,1,769.5218,831.5696,2.9166,
438022749961,5266.9,837.6941,868.6882,1,2.991,1,683.5704,783.7942,1,2.8805,1,760.6322,826.2412,2.9357,
438022753961,5270.9,844.4864,862.5797,1,2.9432,1,697.8304,785.3811,1,2.8888,1,771.1584,823.9804,2.916,
438022757961,5274.9,852.4037,873.7153,1,2.9286,1,695.7261,805.6739,1,2.8493,1,774.0649,839.6946,2.8889,
438022761961,5278.9,843.5334,885.3667,1,2.9199,1,696.2696,789.0935,1,2.8687,1,769.9015,837.2301,2.8943,
438022765961,5282.9,833.3246,867.7811,1,2.9515,1,699.0684,778.1363,1,2.9138,1,766.1965,822.9587,2.9327,
438022769961,5286.9,851.2212,876.6736,1,2.9165,1,693.0441,791.0561,1,2.8738,1,772.1327,833.8648,2.8952,
438022773961,5290.9,851.2432,874.8142,1,2.9463,1,683.8726,781.7862,1,2.9119,1,767.5579,828.3002,2.9291,
438022777961,5294.9,837.6818,876.7365,1,2.9296,1,684.8524,784.9579,1,2.8849,1,761.2671,830.8472,2.9073,
438022781960,5298.9,842.9732,879.8904,1,2.9528,1,693.5271,796.4538,1,2.8714,1,768.2502,838.1721,2.9121,
438022785960,5302.9,846.7137,883.5231,1,2.9301,1,684.2821,795.2005,1,2.8308,1,765.4979,839.3618,2.8805,
438022789960,5306.9,847.908,874.5032,1,2.9165,1,702.1107,785.5554,1,2.898,1,775.0093,830.0293,2.9072,
438022793960,5310.9,841.1941,895.9607,1,2.9175,1,694.3018,781.6213,1,2.9201,1,767.748,838.791,2.9188,
438022797960,5314.9,849.5694,878.8918,1,2.9124,1,688.2255,805.3953,1,2.8534,1,768.8975,842.1436,2.8829,
438022801960,5318.9,855.0398,893.3087,1,2.9628,1,700.7699,799.7233,1,2.8693,1,777.9048,846.516,2.916,
438022805960,5322.9,853.8417,891.4347,1,2.9269,1,688.8631,789.7626,1,2.925,1,771.3524,840.5987,2.9259,
438022809960,5326.9,841.4356,894.856,1,2.899,1,704.6796,806.2003,1,2.8232,1,773.0576,850.5282,2.8611,
438022813960,5330.9,846.727,882.7535,1,2.9596,1,693.6206,790.157,1,2.914,1,770.1738,836.4553,2.9368,
438022817960,5334.9,855.0105,899.419,1,2.909,1,687.2364,782.4635,1,2.8928,1,771.1234,840.9413,2.9009,
438022821960,5338.9,840.7128,892.3962,1,2.912,1,698.2161,772.5076,1,2.9444,1,769.4645,832.4519,2.9282,
438022825960,5342.9,851.2133,890.2776,1,2.9413,1,709.3736,784.3409,1,2.8668,1,780.2935,837.3092,2.9041,
438022829960,5346.9,854.6358,882.4821,1,2.9658,1,704.1549,787.5271,1,2.827,1,779.3954,835.0046,2.8964,
438022833960,5350.9,841.8499,899.0755,1,2.9275,1,691.587,800.3599,1,2.8331,1,766.7184,849.7177,2.8803,
438022837960,5354.9,845.3705,894.4634,1,2.9119,1,677.9878,791.4159,1,2.8268,1,761.6791,842.9396,2.8693,
438022841965,5358.9,856.2234,890.4086,1,2.9332,1,696.1908,791.0855,1,2.8446,1,776.2071,840.7471,2.8889,
438022845965,5362.9,855.3667,889.2643,1,2.934,1,695.3252,807.0634,1,2.7984,1,775.3459,848.1638,2.8662,
438022849965,5366.9,856.3566,897.1768,1,2.9113,1,711.7032,782.4749,1,2.843,1,784.0299,839.8258,2.8772,
438022853965,5370.9,839.8822,890.5632,1,2.9047,1,688.2972,794.9753,1,2.8444,1,764.0897,842.7693,2.8745,
438022857965,5374.9,846.6076,880.7815,1,2.9332,1,697.2694,792.3563,1,2.847,1,771.9385,836.5689,2.8901,
438022861965,5378.9,846.4498,898.3059,1,2.9455,1,680.9666,775.826,1,2.8789,1,763.7082,837.066,2.9122,
438022865965,5382.9,847.3155,888.874,1,2.9176,1,686.973,789.6646,1,2.8364,1,767.1443,839.2693,2.877,
438022869965,5386.9,843.5287,884.7773,1,2.9234,1,701.0751,801.6621,1,2.8281,1,772.3019,843.2197,2.8758,
438022873965,5390.9,847.8243,894.9351,1,2.8866,1,690.4013,786.7763,1,2.869,1,769.1128,840.8557,2.8778,
438022877965,5394.9,853.014,897.8257,1,2.8719,1,696.3036,793.0865,1,2.8312,1,774.6588,845.4561,2.8515,
438022881965,5398.9,833.6671,889.5876,1,2.9057,1,684.1277,790.0077,1,2.8541,1,758.8974,839.7976,2.8799,
438022885965,5402.9,843.8717,876.6464,1,2.8968,1,694.7253,783.0192,1,2.8545,1,769.2985,829.8328,2.8756,
438022889965,5406.9,838.1978,885.812,1,2.8829,1,689.7984,791.0328,1,2.8278,1,763.9981,838.4224,2.8554,
438022893965,5410.9,847.1152,879.1963,1,2.8733,1,692.5717,792.8723,1,2.831,1,769.8434,836.0343,2.8522,
438022897965,5414.9,853.9447,885.838,1,2.8817,1,685.6852,806.7921,1,2.8102,1,769.8149,846.3151,2.8459,
438022901965,5418.9,855.4558,865.9868,1,2.9107,1,691.5645,788.9006,1,2.8435,1,773.5101,827.4437,2.8771,
438022905965,5422.9,851.7392,874.6374,1,2.8801,1,685.9134,796.6576,1,2.8446,1,768.8263,835.6475,2.8624,
438022909965,5426.9,845.1427,887.0533,1,2.9021,1,687.9046,796.0369,1,2.84,1,766.5237,841.5451,2.8711,
438022913965,5430.9,846.5956,887.4745,1,2.8833,1,686.5999,804.1774,1,2.8177,1,766.5978,845.826,2.8505,
438022917965,5434.9,845.5478,876.0766,1,2.8949,1,691.4414,809.7336,1,2.8013,1,768.4946,842.9051,2.8481,
438022921965,5438.9,836.0803,894.2496,1,2.8817,1,691.8498,811.1932,1,2.8379,1,763.965,852.7214,2.8598,
438022925965,5442.9,838.1176,879.7266,1,2.8919,1,688.9012,791.0179,1,2.8334,1,763.5094,835.3722,2.8627,
438022929965,5446.9,845.3811,897.2702,1,2.8801,1,684.9759,793.181,1,2.8492,1,765.1785,845.2256,2.8647,
438022933965,5450.9,852.9357,886.236,1,2.893,1,690.0306,793.7809,1,2.8362,1,771.4831,840.0085,2.8646,
438022937965,5454.9,836.2868,898.6475,1,2.8741,1,693.3416,791.9753,1,2.8154,1,764.8142,845.3114,2.8447,
438022941965,5458.9,850.8974,897.5909,1,2.8981,1,692.0581,784.3779,1,2.8535,1,771.4777,840.9844,2.8758,
438022945964,5462.9,853.8441,892.5748,1,2.8961,1,690.0938,807.8329,1,2.8102,1,771.969,850.2038,2.8531,
438022949964,5466.9,847.2895,897.3777,1,2.8818,1,692.648,777.0571,1,2.8399,1,769.9688,837.2174,2.8609,
438022953964,5470.9,839.4523,900.1972,1,2.8713,1,702.7109,781.7919,1,2.8169,1,771.0816,840.9945,2.8441,
438022957964,5474.9,847.2632,894.4495,1,2.8998,1,683.7307,794.6089,1,2.7827,1,765.4969,844.5292,2.8413,
438022961964,5478.9,855.7965,886.9032,1,2.8865,1,699.8171,805.0004,1,2.7595,1,777.8068,845.9518,2.823,
438022965964,5482.9,851.1011,888.1172,1,2.8893,1,686.0233,792.235,1,2.7898,1,768.5622,840.1761,2.8396,
438022969966,5487.0,860.2201,895.2738,1,2.877,1,690.882,788.1687,1,2.8004,1,775.551,841.7213,2.8387,
438022973966,5491.0,856.4184,889.5334,1,2.8806,1,701.2105,773.5697,1,2.8532,1,778.8144,831.5516,2.8669,
438022977966,5495.0,849.3858,898.7698,1,2.86,1,695.5514,796.0254,1,2.7818,1,772.4686,847.3976,2.8209,
438022981966,5499.0,842.8594,901.5431,1,2.8539,1,696.3952,788.8665,1,2.8313,1,769.6273,845.2048,2.8426,
438022985966,5503.0,867.9632,892.5367,1,2.8683,1,695.8587,796.614,1,2.8049,1,781.911,844.5754,2.8366,
438022989966,5507.0,847.1249,904.9344,1,2.8752,1,694.9053,779.9587,1,2.845,1,771.0151,842.4465,2.8601,
438022993966,5511.0,852.7275,894.4669,1,2.8851,1,688.3457,785.9307,1,2.8197,1,770.5366,840.1988,2.8524,
438022997966,5515.0,854.5176,903.6087,1,2.887,1,705.1423,795.3554,1,2.7844,1,779.8299,849.482,2.8357,
438023001966,5519.0,842.7949,882.2436,1,2.8698,1,693.2736,798.1009,1,2.7964,1,768.0343,840.1722,2.8331,
438023005966,5523.0,852.9045,884.0916,1,2.9041,1,704.4471,793.372,1,2.8244,1,778.6758,838.7318,2.8643,
438023009966,5527.0,853.8551,895.0666,1,2.8601,1,706.4328,786.1911,1,2.8201,1,780.1439,840.6289,2.8401,
438023013966,5531.0,855.9641,885.1096,1,2.9005,1,683.0027,790.2198,1,2.848,1,769.4834,837.6647,2.8742,
438023017966,5535.0,847.866,888.841,1,2.8876,1,695.0024,780.1108,1,2.8253,1,771.4342,834.4759,2.8564,
438023021966,5539.0,848.7757,897.5951,1,2.8667,1,685.8355,788.6626,1,2.8368,1,767.3056,843.1289,2.8517,
438023025966,5543.0,844.4793,892.2083,1,2.8527,1,690.2548,784.5612,1,2.7905,1,767.367,838.3847,2.8216,
438023029966,5547.0,848.9156,903.0317,1,2.8543,1,691.8478,781.9973,1,2.8131,1,770.3817,842.5145,2.8337,
438023033966,5551.0,844.8576,909.6724,1,2.8428,1,699.3982,796.1807,1,2.7699,1,772.1279,852.9266,2.8064,
438023037966,5555.0,850.6749,883.7222,1,2.8876,1,693.3334,782.8125,1,2.8507,1,772.0041,833.2674,2.8691,
438023041966,5559.0,842.4169,889.9534,1,2.8861,1,686.9461,796.127,1,2.7975,1,764.6815,843.0402,2.8418,
438023045966,5563.0,856.8869,893.7465,1,2.8736,1,679.0701,780.5115,1,2.8242,1,767.9785,837.129,2.8489,
438023049966,5567.0,840.5378,890.0865,1,2.8564,1,694.5153,777.9376,1,2.8241,1,767.5266,834.0121,2.8403,
438023053966,5571.0,848.9255,882.6008,1,2.8778,1,683.5269,788.983,1,2.8089,1,766.2262,835.7919,2.8433,
438023057966,5575.0,853.1562,900.2896,1,2.8541,1,694.4247,783.7422,1,2.8477,1,773.7905,842.0159,2.8509,
438023061966,5579.0,841.0022,886.0114,1,2.8687,1,693.2261,799.3724,1,2.7909,1,767.1142,842.6919,2.8298,
438023065966,5583.0,840.8753,877.9653,1,2.8843,1,689.4077,806.6134,1,2.7963,1,765.1415,842.2894,2.8403,
438023069966,5587.0,847.838,876.3882,1,2.8934,1,681.4194,816.6379,1,2.7881,1,764.6287,846.513,2.8408,
438023073966,5591.0,842.1808,883.1274,1,2.846,1,679.878,798.3638,1,2.8219,1,761.0294,840.7456,2.834,
438023077966,5595.0,850.616,895.4844,1,2.8601,1,706.9268,790.8928,1,2.847,1,778.7714,843.1886,2.8535,
438023081966,5599.0,846.818,885.2084,1,2.8665,1,691.9385,776.6077,1,2.8241,1,769.3783,830.908,2.8453,
438023085966,5603.0,852.0125,877.3381,1,2.8977,1,695.4072,786.1243,1,2.8169,1,773.7098,831.7312,2.8573,
438023089966,5607.0,842.1659,886.1737,1,2.8711,1,696.4116,798.1526,1,2.8083,1,769.2888,842.1631,2.8397,
438023093966,5611.0,841.0621,889.0254,1,2.8899,1,685.5822,797.2236,1,2.7641,1,763.3221,843.1245,2.827,
438023097966,5615.0,841.6537,893.9907,1,2.8491,1,690.5544,783.3326,1,2.81,1,766.1041,838.6616,2.8295,
438023101962,5618.9,843.3313,875.8814,1,2.9101,1,689.0204,792.9897,1,2.8207,1,766.1759,834.4355,2.8654,
438023105962,5622.9,849.2166,891.5401,1,2.8537,1,701.3589,788.2359,1,2.8493,1,775.2878,839.888,2.8515,
438023109961,5626.9,853.0768,884.0377,1,2.9091,1,696.1812,780.5569,1,2.8266,1,774.629,832.2973,2.8678,
438023113961,5630.9,847.813,878.1143,1,2.8672,1,690.1503,774.4835,1,2.8418,1,768.9817,826.2989,2.8545,
438023117961,5634.9,844.9208,878.5631,1,2.8763,1,685.83,784.969,1,2.8521,1,765.3754,831.7661,2.8642,
438023121961,5638.9,848.5452,883.0985,1,2.8816,1,695.4105,797.8158,1,2.8023,1,771.9778,840.4572,2.842,
438023125961,5642.9,854.8314,877.5883,1,2.9088,1,691.8781,796.492,1,2.7763,1,773.3548,837.0402,2.8426,
438023129961,5646.9,846.8503,873.5837,1,2.8949,1,692.0736,789.213,1,2.838,1,769.4619,831.3984,2.8664,
438023133961,5650.9,850.8673,895.1466,1,2.8791,1,683.8555,784.5005,1,2.8119,1,767.3614,839.8235,2.8455,
438023137961,5654.9,842.0637,883.8597,1,2.886,1,681.65,803.2372,1,2.8443,1,761.8569,843.5485,2.8652,
438023141961,5658.9,856.6788,882.0715,1,2.9057,1,700.0576,799.2051,1,2.816,1,778.3682,840.6383,2.8608,
438023145961,5662.9,843.0169,885.6985,1,2.8942,1,691.9685,818.0249,1,2.7594,1,767.4927,851.8617,2.8268,
438023149961,5666.9,839.3405,875.5798,1,2.9044,1,687.6057,786.2336,1,2.8654,1,763.4731,830.9067,2.8849,
438023153961,5670.9,839.9903,884.833,1,2.8709,1,690.6607,799.0203,1,2.8225,1,765.3255,841.9267,2.8467,
438023157961,5674.9,843.7753,894.3464,1,2.8666,1,681.4016,793.9026,1,2.8269,1,762.5885,844.1245,2.8468,
438023161961,5678.9,833.5385,873.0586,1,2.8801,1,694.9557,793.6835,1,2.807,1,764.2471,833.371,2.8436,
438023165961,5682.9,847.7429,868.3496,1,2.9067,1,688.4898,788.3987,1,2.8336,1,768.1163,828.3741,2.8701,
438023169961,5686.9,844.0605,888.178,1,2.8481,1,689.3123,796.1493,1,2.7968,1,766.6864,842.1637,2.8224,
438023173961,5690.9,858.4133,881.3996,1,2.8839,1,685.792,785.1537,1,2.8443,1,772.1026,833.2767,2.8641,
438023177961,5694.9,851.0413,887.3851,1,2.869,1,688.892,789.2831,1,2.8579,1,769.9667,838.3341,2.8634,
438023181961,5698.9,844.8189,897.4252,1,2.8968,1,693.6539,787.3598,1,2.8445,1,769.2364,842.3925,2.8706,
438023185961,5702.9,859.0025,902.7434,1,2.9155,1,689.0004,794.0669,1,2.8168,1,774.0014,848.4052,2.8661,
438023189961,5706.9,855.6285,900.7754,1,2.897,1,689.7019,795.4425,1,2.8147,1,772.6652,848.1089,2.8558,
438023193961,5710.9,841.3989,900.234,1,2.9257,1,692.3948,784.2736,1,2.8724,1,766.8969,842.2538,2.8991,
438023197961,5714.9,847.8552,908.0494,1,2.8791,1,695.0965,792.159,1,2.8351,1,771.4759,850.1042,2.8571,
438023201961,5718.9,854.3571,896.7445,1,2.8714,1,680.8932,791.9685,1,2.823,1,767.6252,844.3565,2.8472,
438023205961,5722.9,850.3838,904.7339,1,2.8789,1,682.9031,801.7441,1,2.8276,1,766.6434,853.239,2.8533,
438023209961,5726.9,842.9711,905.6118,1,2.8529,1,694.9398,795.0394,1,2.8436,1,768.9554,850.3256,2.8483,
438023213961,5730.9,852.8181,901.5481,1,2.8891,1,685.0299,795.3052,1,2.8357,1,768.924,848.4266,2.8624,
438023217961,5734.9,842.3639,895.2064,1,2.8946,1,692.278,781.444,1,2.8603,1,767.321,838.3252,2.8774,
438023221961,5738.9,854.3674,902.7548,1,2.9003,1,690.6418,795.7988,1,2.8469,1,772.5046,849.2768,2.8736,
438023225961,5742.9,855.931,888.8979,1,2.8951,1,691.2206,794.5587,1,2.8449,1,773.5758,841.7283,2.87,
438023229961,5746.9,847.0937,888.0569,1,2.9201,1,706.9967,780.3516,1,2.9151,1,777.0452,834.2042,2.9176,
438023233962,5750.9,848.4878,902.9227,1,2.9057,1,694.4329,797.3284,1,2.8281,1,771.4604,850.1255,2.8669,
438023237962,5754.9,850.7669,904.0936,1,2.9087,1,696.5536,790.1748,1,2.8488,1,773.6603,847.1342,2.8788,
438023241962,5758.9,848.2273,888.3743,1,2.9043,1,700.0413,794.9457,1,2.8475,1,774.1343,841.66,2.8759,
438023245962,5762.9,848.5684,894.6082,1,2.8812,1,697.1871,792.9993,1,2.8875,1,772.8777,843.8038,2.8844,
438023249962,5766.9,846.7344,902.083,1,2.8681,1,684.7206,801.6793,1,2.8288,1,765.7275,851.8811,2.8484,
438023253962,5770.9,854.5983,889.4057,1,2.9069,1,686.3115,787.0536,1,2.8301,1,770.4549,838.2297,2.8685,
438023257962,5774.9,849.0229,885.3657,1,2.9205,1,685.2441,777.2918,1,2.8651,1,767.1335,831.3287,2.8928,
438023261962,5778.9,843.0971,878.6177,1,2.9281,1,693.224,806.2843,1,2.7919,1,768.1605,842.451,2.86,
438023265962,5782.9,849.6673,874.5815,1,2.9435,1,686.5474,788.274,1,2.8754,1,768.1074,831.4278,2.9095,
438023269962,5786.9,851.3695,873.3551,1,2.9193,1,683.6253,802.9233,1,2.8274,1,767.4974,838.1392,2.8734,
438023273961,5790.9,851.5652,885.9381,1,2.9202,1,701.2293,785.7682,1,2.8654,1,776.3972,835.8531,2.8928,
438023277961,5794.9,848.901,874.1988,1,2.9278,1,693.4188,780.2398,1,2.8833,1,771.1599,827.2193,2.9056,
438023281961,5798.9,850.9067,879.0754,1,2.9365,1,683.9829,797.0227,1,2.8451,1,767.4448,838.0491,2.8908,
438023285961,5802.9,839.5917,870.4708,1,2.9132,1,693.5717,795.7302,1,2.8033,1,766.5817,833.1005,2.8583,
438023289961,5806.9,857.0611,877.9196,1,2.9391,1,690.6995,783.6927,1,2.8371,1,773.8803,830.8062,2.8881,
438023293961,5810.9,849.8701,881.6262,1,2.9363,1,684.7698,820.7828,1,2.7942,1,767.3199,851.2045,2.8652,
438023297961,5814.9,860.8787,890.3738,1,2.9287,1,709.6222,795.8547,1,2.847,1,785.2504,843.1142,2.8879,
438023301961,5818.9,852.7524,886.9783,1,2.9248,1,707.4734,787.234,1,2.8833,1,780.1129,837.1062,2.904,
438023305961,5822.9,855.5612,886.2221,1,2.9093,1,696.6555,798.9446,1,2.8531,1,776.1083,842.5833,2.8812,
438023309961,5826.9,854.7827,894.4308,1,2.9067,1,700.8802,781.5266,1,2.8978,1,777.8315,837.9787,2.9022,
438023313961,5830.9,853.617,887.8822,1,2.9328,1,692.6479,801.2843,1,2.8319,1,773.1325,844.5832,2.8823,
438023317961,5834.9,852.0297,888.591,1,2.9385,1,694.1803,798.6007,1,2.864,1,773.105,843.5958,2.9012,
438023321961,5838.9,855.8426,900.1104,1,2.9273,1,691.607,791.2121,1,2.8934,1,773.7248,845.6612,2.9104,
438023325961,5842.9,853.6089,903.4955,1,2.9132,1,699.1862,792.9857,1,2.8653,1,776.3976,848.2406,2.8893,
438023329961,5846.9,849.9672,896.0866,1,2.9285,1,693.5268,801.9086,1,2.857,1,771.747,848.9976,2.8928,
438023333961,5850.9,873.147,900.9721,1,2.9327,1,693.8113,793.7854,1,2.8728,1,783.4791,847.3788,2.9027,
438023337961,5854.9,845.9986,882.7565,1,2.9196,1,696.9418,801.429,1,2.8638,1,771.4702,842.0927,2.8917,
438023341961,5858.9,860.1187,885.5619,1,2.9493,1,691.3473,801.4742,1,2.8317,1,775.733,843.518,2.8905,
438023345961,5862.9,850.9072,889.4987,1,2.9135,1,689.9627,794.6974,1,2.8762,1,770.4349,842.098,2.8948,
438023349961,5866.9,858.1228,891.0696,1,2.9183,1,688.816,790.1166,1,2.8816,1,773.4694,840.5931,2.8999,
438023353961,5870.9,849.4136,882.4965,1,2.9484,1,710.6415,799.0772,1,2.8666,1,780.0275,840.7869,2.9075,
438023357961,5874.9,860.9648,882.7584,1,2.9584,1,689.8668,798.1755,1,2.847,1,775.4158,840.467,2.9027,
438023361961,5878.9,842.7088,870.0741,1,2.9757,1,680.2947,813.3458,1,2.7924,1,761.5017,841.7099,2.884,
438023365962,5882.9,851.1481,891.5195,1,2.891,1,693.2156,793.4956,1,2.8432,1,772.1818,842.5075,2.8671,
438023369962,5886.9,836.6283,869.4281,1,2.9597,1,693.7709,781.9691,1,2.8758,1,765.1996,825.6986,2.9178,
438023373962,5890.9,852.6846,878.0106,1,2.9393,1,699.7267,794.7616,1,2.8265,1,776.2057,836.3861,2.8829,
438023377962,5894.9,866.3335,874.9488,1,2.9511,1,685.885,798.5762,1,2.8215,1,776.1093,836.7625,2.8863,
438023381962,5898.9,857.4557,886.5122,1,2.9399,1,700.2172,783.064,1,2.8925,1,778.8364,834.7881,2.9162,
438023385962,5902.9,864.7645,885.2981,1,2.9641,1,696.7885,806.0166,1,2.8178,1,780.7765,845.6574,2.891,
438023389962,5906.9,850.0892,896.5907,1,2.9338,1,690.1768,803.8555,1,2.8152,1,770.133,850.2231,2.8745,
438023393962,5910.9,852.866,893.7983,1,2.9809,1,689.9704,785.752,1,2.8895,1,771.4182,839.7751,2.9352,
438023397962,5914.9,859.6128,886.3774,1,2.9533,1,692.1868,803.3326,1,2.8414,1,775.8998,844.855,2.8974,
438023401962,5918.9,853.8555,901.2112,1,2.9417,1,701.1057,780.6409,1,2.8989,1,777.4806,840.926,2.9203,
438023405962,5922.9,859.292,895.0036,1,2.966,1,688.378,787.6304,1,2.8872,1,773.835,841.317,2.9266,
438023409962,5926.9,846.928,890.5533,1,2.9661,1,696.2555,810.2879,1,2.8288,1,771.5917,850.4206,2.8975,
438023413962,5930.9,846.4454,888.8501,1,2.9474,1,686.9142,796.4736,1,2.8718,1,766.6798,842.6618,2.9096,
438023417962,5934.9,849.1318,890.4365,1,2.9797,1,693.8057,782.0437,1,2.8832,1,771.4687,836.2401,2.9315,
438023421962,5938.9,857.0828,873.9761,1,2.9933,1,693.1209,801.5355,1,2.8961,1,775.1018,837.7558,2.9447,
438023425962,5942.9,844.4863,884.4443,1,2.9477,1,688.7836,803.8276,1,2.8594,1,766.6349,844.136,2.9035,
438023429962,5946.9,854.9474,894.9058,1,2.9841,1,694.2149,798.8433,1,2.8826,1,774.5811,846.8745,2.9334,
438023433962,5950.9,860.4668,882.2273,1,2.9473,1,704.0302,805.0998,1,2.8532,1,782.2485,843.6635,2.9003,
438023437961,5954.9,850.6894,875.9089,1,2.9751,1,697.2647,801.4938,1,2.8464,1,773.977,838.7014,2.9108,
438023441961,5958.9,846.4417,872.9634,1,2.9713,1,692.4035,799.6887,1,2.8834,1,769.4226,836.326,2.9273,
438023445961,5962.9,852.5719,880.2833,1,2.9485,1,693.541,804.0144,1,2.8865,1,773.0565,842.1489,2.9175,
438023449961,5966.9,854.8327,866.8698,1,3.0065,1,694.4018,793.0789,1,2.8533,1,774.6172,829.9744,2.9299,
438023453961,5970.9,848.393,877.8374,1,2.9876,1,697.7974,790.1828,1,2.877,1,773.0952,834.0101,2.9323,
438023457961,5974.9,845.4041,879.1255,1,2.9655,1,695.1229,787.7001,1,2.8754,1,770.2635,833.4128,2.9204,
438023461961,5978.9,849.0336,881.2268,1,2.9548,1,705.9364,773.7867,1,2.886,1,777.485,827.5067,2.9204,
438023465961,5982.9,851.2193,878.169,1,2.9832,1,693.8493,784.2385,1,2.9082,1,772.5343,831.2038,2.9457,
438023469961,5986.9,855.5171,887.4083,1,2.9626,1,703.3573,797.4362,1,2.8736,1,779.4372,842.4222,2.9181,
438023473961,5990.9,864.9367,876.12,1,2.9636,1,685.777,789.2927,1,2.8857,1,775.3568,832.7063,2.9247,
438023477961,5994.9,859.7114,875.8219,1,3.0222,1,695.9892,796.2964,1,2.8663,1,777.8503,836.0592,2.9442,
438023481961,5998.9,855.9758,907.6266,1,2.9428,1,688.9379,783.3632,1,2.9021,1,772.4569,845.4949,2.9224,
438023485961,6002.9,864.5472,897.0567,1,2.9573,1,696.2513,795.9939,1,2.8742,1,780.3993,846.5253,2.9158,
438023489961,6006.9,,,0,,0,,,0,,0,,,,
438023493961,6010.9,857.3553,871.2975,1,3.0058,1,693.6346,791.2171,1,2.8729,1,775.495,831.2573,2.9394,
438023497961,6014.9,,,0,,0,,,0,,0,,,,
438023501961,6018.9,846.111,889.7134,1,2.9753,1,695.1926,795.6467,1,2.842,1,770.6518,842.68,2.9086,
438023505961,6022.9,849.0992,890.5501,1,2.9848,1,703.3793,767.3707,1,2.9386,1,776.2393,828.9604,2.9617,
438023509961,6026.9,850.4016,894.8787,1,2.971,1,690.7051,803.9756,1,2.8486,1,770.5534,849.4271,2.9098,
438023513961,6030.9,846.7809,896.4656,1,2.997,1,686.2412,788.8515,1,2.9277,1,766.511,842.6585,2.9624,
438023517961,6034.9,848.2218,896.46,1,2.967,1,693.6114,798.8394,1,2.8608,1,770.9166,847.6497,2.9139,
438023521961,6038.9,849.1637,889.7566,1,2.9896,1,681.1424,786.4893,1,2.8858,1,765.1531,838.1229,2.9377,
438023525961,6042.9,843.285,888.9173,1,2.9838,1,686.7912,792.6848,1,2.8636,1,765.0381,840.8011,2.9237,
438023529961,6046.9,852.3025,895.4137,1,2.9879,1,694.3882,762.0138,1,2.9633,1,773.3453,828.7137,2.9756,
438023533961,6050.9,859.0568,904.6537,1,2.9601,1,692.4771,781.7218,1,2.8945,1,775.7669,843.1878,2.9273,
438023537961,6054.9,853.1335,887.3949,1,3.0153,1,676.8004,784.0153,1,2.8813,1,764.967,835.7051,2.9483,
438023541961,6058.9,861.2137,886.1188,1,3.0157,1,694.314,783.2654,1,2.9006,1,777.7639,834.6921,2.9581,
438023545961,6062.9,846.1315,895.4833,1,2.9809,1,699.0129,763.8279,1,2.9033,1,772.5722,829.6556,2.9421,
438023549961,6066.9,848.0056,887.9638,1,2.9918,1,692.1926,792.4244,1,2.8977,1,770.0991,840.1941,2.9447,
438023553961,6070.9,855.4186,877.6668,1,3.0219,1,698.8268,780.2004,1,2.8869,1,777.1227,828.9336,2.9544,
438023557961,6074.9,849.3908,894.3058,1,2.9895,1,688.9569,783.3668,1,2.904,1,769.1739,838.8363,2.9468,
438023561961,6078.9,859.7232,892.4214,1,2.9362,1,697.1073,804.441,1,2.8677,1,778.4153,848.4312,2.902,
438023565961,6082.9,855.5458,891.3575,1,2.9909,1,681.4759,789.1045,1,2.8763,1,768.5108,840.231,2.9336,
438023569961,6086.9,835.538,878.9643,1,2.9944,1,680.5456,785.2936,1,2.898,1,758.0418,832.1289,2.9462,
438023573961,6090.9,845.5285,893.6104,1,2.955,1,691.4964,790.905,1,2.8415,1,768.5124,842.2577,2.8983,
438023577961,6094.9,838.5035,886.4011,1,2.9818,1,687.6917,792.3537,1,2.8323,1,763.0976,839.3774,2.9071,
438023581961,6098.9,852.4152,888.1876,1,2.9646,1,700.9174,795.663,1,2.8587,1,776.6663,841.9253,2.9117,
438023585961,6102.9,845.5278,881.7261,1,2.9736,1,705.6083,762.4246,1,2.949,1,775.568,822.0754,2.9613,
438023589961,6106.9,847.1383,874.9627,1,2.9328,1,688.3702,781.2099,1,2.9091,1,767.7543,828.0863,2.921,
438023593961,6110.9,844.9741,883.9087,1,2.9403,1,693.6907,788.2571,1,2.8776,1,769.3324,836.0829,2.909,
438023597961,6114.9,852.6827,882.0874,1,2.9515,1,687.8027,799.888,1,2.8751,1,770.2427,840.9877,2.9133,
438023601961,6118.9,845.7584,877.4037,1,2.9539,1,707.1644,799.9516,1,2.8564,1,776.4614,838.6777,2.9051,
438023605960,6122.9,855.9287,872.401,1,2.9832,1,712.2938,790.9688,1,2.876,1,784.1113,831.6849,2.9296,
438023609960,6126.9,859.3791,859.3001,1,2.9584,1,699.5108,790.8887,1,2.8873,1,779.445,825.0944,2.9229,
438023613960,6130.9,846.5951,870.8428,1,2.962,1,701.2073,777.6857,1,2.8941,1,773.9012,824.2642,2.9281,
438023617960,6134.9,851.113,879.1259,1,2.926,1,695.6715,790.6143,1,2.8834,1,773.3922,834.8701,2.9047,
438023621960,6138.9,856.3588,879.5935,1,2.9306,1,695.1345,779.546,1,2.8616,1,775.7467,829.5697,2.8961,
438023625959,6142.9,861.5668,888.2924,1,2.9568,1,700.9773,776.0696,1,2.8941,1,781.2721,832.181,2.9254,
438023629959,6146.9,848.7506,888.0218,1,2.9319,1,693.9512,793.6532,1,2.8593,1,771.3509,840.8375,2.8956,
438023633959,6150.9,869.4649,866.0719,1,2.9827,1,698.1549,782.0529,1,2.8629,1,783.8099,824.0624,2.9228,
438023637959,6154.9,867.4784,876.1916,1,2.9449,1,696.697,796.7751,1,2.8328,1,782.0877,836.4834,2.8889,
438023641959,6158.9,859.7722,871.9597,1,2.9463,1,705.0281,787.6632,1,2.855,1,782.4002,829.8114,2.9007,
438023645959,6162.9,856.1379,876.8187,1,2.9549,1,695.6279,786.3319,1,2.8309,1,775.8829,831.5753,2.8929,
438023649959,6166.9,852.0041,885.753,1,2.9237,1,702.2618,780.6909,1,2.8788,1,777.1329,833.222,2.9012,
438023653959,6170.9,845.2987,887.9625,1,2.9233,1,695.6688,795.5741,1,2.8183,1,770.4837,841.7683,2.8708,
438023657959,6174.9,858.7219,874.2173,1,2.9712,1,701.5623,781.3686,1,2.8687,1,780.1421,827.7929,2.9199,
438023661959,6178.9,849.0916,878.9216,1,2.9355,1,711.67,782.4813,1,2.8724,1,780.3808,830.7014,2.9039,
438023665959,6182.9,859.6339,872.6033,1,2.946,1,694.4849,781.6077,1,2.882,1,777.0594,827.1055,2.914,
438023669959,6186.9,850.0472,878.2892,1,2.9464,1,698.1904,781.768,1,2.91,1,774.1188,830.0286,2.9282,
438023673959,6190.9,861.2266,877.6187,1,2.9482,1,692.5047,786.9077,1,2.8402,1,776.8656,832.2632,2.8942,
438023677959,6194.9,850.1728,879.3052,1,2.9428,1,699.8921,792.9553,1,2.8423,1,775.0324,836.1303,2.8926,
438023681959,6198.9,850.7619,878.4132,1,2.9134,1,715.0128,774.6729,1,2.8542,1,782.8873,826.543,2.8838,
438023685959,6202.9,846.2306,886.251,1,2.9252,1,686.8335,780.309,1,2.9096,1,766.532,833.28,2.9174,
438023689959,6206.9,847.1425,869.7485,1,2.9595,1,701.9983,790.6801,1,2.856,1,774.5704,830.2143,2.9078,
438023693959,6210.9,837.0995,868.0472,1,2.9674,1,707.792,785.6689,1,2.8783,1,772.4457,826.8581,2.9229,
438023697959,6214.9,852.2076,875.6395,1,2.9184,1,697.8565,802.0451,1,2.8311,1,775.0321,838.8423,2.8748,
438023701959,6218.9,847.5929,864.5389,1,2.9498,1,696.7144,780.3612,1,2.8805,1,772.1536,822.45,2.9152,
438023705959,6222.9,859.4406,877.9624,1,2.9551,1,700.2097,781.2959,1,2.8805,1,779.8252,829.6291,2.9178,
438023709959,6226.9,847.4119,868.9654,1,2.9763,1,684.0361,777.9365,1,2.9053,1,765.724,823.451,2.9408,
438023713959,6230.9,857.0207,864.9537,1,2.9378,1,712.1411,779.7154,1,2.9024,1,784.5809,822.3346,2.9201,
438023717959,6234.9,858.5622,870.3394,1,2.9183,1,690.7142,784.4929,1,2.8246,1,774.6382,827.4162,2.8715,
438023721959,6238.9,846.9085,885.229,1,2.9154,1,701.0681,789.2405,1,2.8555,1,773.9883,837.2348,2.8855,
438023725959,6242.9,849.1367,883.5116,1,2.9339,1,698.348,778.8817,1,2.8638,1,773.7423,831.1967,2.8988,
438023729959,6246.9,848.9536,870.3886,1,2.9393,1,707.1328,798.7932,1,2.8122,1,778.0432,834.5909,2.8757,
438023733959,6250.9,854.0567,881.0966,1,2.9382,1,708.5003,783.8086,1,2.8455,1,781.2785,832.4526,2.8919,
438023737959,6254.9,862.4697,873.1246,1,2.967,1,707.7653,786.2487,1,2.827,1,785.1175,829.6866,2.897,
438023741959,6258.9,853.6376,882.9282,1,2.952,1,698.6565,789.1989,1,2.8748,1,776.1471,836.0635,2.9134,
438023745959,6262.9,855.979,872.5803,1,2.9454,1,690.8668,785.576,1,2.8508,1,773.4229,829.0781,2.8981,
438023749959,6266.9,859.3855,873.9731,1,2.9426,1,697.4419,789.6293,1,2.8553,1,778.4137,831.8012,2.8989,
438023753959,6270.9,856.2677,879.2055,1,2.9496,1,708.4131,781.7057,1,2.8566,1,782.3404,830.4556,2.9031,
438023757961,6274.9,856.3483,876.241,1,2.9265,1,700.7454,794.7654,1,2.8299,1,778.5469,835.5032,2.8782,
438023761961,6278.9,853.7587,867.6114,1,2.952,1,698.267,785.0635,1,2.8194,1,776.0128,826.3374,2.8857,
438023765961,6282.9,853.1491,874.5653,1,2.9562,1,707.0868,789.5975,1,2.8582,1,780.118,832.0814,2.9072,
438023769960,6286.9,859.0836,884.608,1,2.9068,1,693.2978,770.8876,1,2.8753,1,776.1907,827.7478,2.891,
438023773960,6290.9,840.4763,887.8342,1,2.9279,1,701.3528,809.5551,1,2.8173,1,770.9145,848.6947,2.8726,
438023777960,6294.9,857.2148,881.6326,1,2.9343,1,702.6898,781.5717,1,2.8507,1,779.9523,831.6022,2.8925,
438023781960,6298.9,847.6968,868.4264,1,2.9224,1,689.754,766.5905,1,2.8777,1,768.7254,817.5085,2.9001,
438023785960,6302.9,855.0651,870.2662,1,2.9475,1,693.2895,796.1988,1,2.8157,1,774.1773,833.2325,2.8816,
438023789960,6306.9,844.773,865.0629,1,2.9479,1,693.8949,797.3286,1,2.8593,1,769.334,831.1958,2.9036,
438023793960,6310.9,856.0678,864.5854,1,2.9715,1,698.2157,790.2073,1,2.8259,1,777.1418,827.3963,2.8987,
438023797960,6314.9,840.4424,887.7907,1,2.9328,1,706.5337,793.9399,1,2.8366,1,773.488,840.8653,2.8847,
438023801960,6318.9,841.4863,865.6517,1,2.9415,1,688.9617,793.4439,1,2.8466,1,765.224,829.5478,2.8941,
438023805960,6322.9,847.2411,869.9584,1,2.9177,1,688.1135,792.5932,1,2.827,1,767.6773,831.2758,2.8723,
438023809960,6326.9,847.4683,878.9295,1,2.9138,1,691.6808,788.1257,1,2.8455,1,769.5745,833.5276,2.8796,
438023813960,6330.9,851.1483,872.9674,1,2.9449,1,698.0713,800.9718,1,2.8364,1,774.6098,836.9696,2.8907,
438023817960,6334.9,842.8558,884.3467,1,2.9161,1,688.7525,775.7705,1,2.8903,1,765.8041,830.0586,2.9032,
438023821960,6338.9,842.4142,896.568,1,2.8652,1,686.1233,803.5623,1,2.8281,1,764.2687,850.0652,2.8467,
438023825960,6342.9,850.9324,875.49,1,2.9287,1,691.8641,795.1303,1,2.8455,1,771.3982,835.3101,2.8871,
438023829960,6346.9,849.4079,875.1113,1,2.909,1,699.501,796.0764,1,2.826,1,774.4545,835.5939,2.8675,
438023833960,6350.9,855.4959,878.7961,1,2.946,1,704.8108,792.6327,1,2.8524,1,780.1533,835.7144,2.8992,
438023837960,6354.9,857.6711,876.5834,1,2.9381,1,690.188,788.3218,1,2.828,1,773.9295,832.4526,2.883,
438023841960,6358.9,831.2631,875.5472,1,2.9173,1,696.5572,788.428,1,2.8366,1,763.9102,831.9876,2.8769,
438023845960,6362.9,843.822,873.8801,1,2.9249,1,700.9034,787.8092,1,2.8648,1,772.3627,830.8447,2.8948,
438023849960,6366.9,856.2545,862.8438,1,2.9587,1,696.5608,795.0971,1,2.8367,1,776.4077,828.9705,2.8977,
438023853960,6370.9,839.412,879.4973,1,2.9205,1,697.7408,780.5461,1,2.8571,1,768.5764,830.0217,2.8888,
438023857960,6374.9,847.6427,874.1342,1,2.9075,1,698.2136,794.8346,1,2.8388,1,772.9282,834.4844,2.8731,
438023861960,6378.9,859.112,882.2699,1,2.9216,1,696.5226,785.4786,1,2.8861,1,777.8173,833.8742,2.9039,
438023865960,6382.9,846.1357,875.7735,1,2.9534,1,688.062,798.2659,1,2.8556,1,767.0989,837.0197,2.9045,
438023869960,6386.9,842.086,875.6871,1,2.9031,1,695.4849,807.3606,1,2.799,1,768.7854,841.5238,2.851,
438023873960,6390.9,845.8384,889.6327,1,2.9312,1,704.8897,790.2031,1,2.8523,1,775.3641,839.9179,2.8917,
438023877960,6394.9,850.5457,878.2129,1,2.9499,1,701.6378,763.9153,1,2.9313,1,776.0917,821.0641,2.9406,
438023881960,6398.9,843.3945,882.1345,1,2.9373,1,706.6859,780.2253,1,2.8561,1,775.0402,831.1799,2.8967,
438023885960,6402.9,853.9425,881.7021,1,2.9513,1,688.4949,790.0097,1,2.8319,1,771.2187,835.8559,2.8916,
438023889957,6406.9,848.3975,889.1375,1,2.9619,1,688.0036,795.0173,1,2.8308,1,768.2005,842.0774,2.8964,
438023893957,6410.9,842.0579,883.6353,1,2.9529,1,697.5283,789.1124,1,2.8642,1,769.7931,836.3738,2.9085,
438023897957,6414.9,850.5018,881.4699,1,2.9522,1,703.7187,775.7664,1,2.868,1,777.1103,828.6181,2.9101,
438023901957,6418.9,846.8334,897.5662,1,2.9124,1,685.5988,791.9176,1,2.8402,1,766.2161,844.7419,2.8763,
438023905957,6422.9,845.7542,890.5877,1,2.9438,1,708.5189,780.9007,1,2.8476,1,777.1365,835.7442,2.8957,
438023909957,6426.9,843.0725,901.1937,1,2.9235,1,691.2272,777.9719,1,2.8466,1,767.1498,839.5828,2.8851,
438023913957,6430.9,854.136,902.1812,1,2.9483,1,691.034,789.4382,1,2.8569,1,772.585,845.8097,2.9026,
438023917957,6434.9,853.3243,896.5138,1,2.9493,1,693.4807,781.9744,1,2.8334,1,773.4025,839.2441,2.8914,
438023921957,6438.9,843.9491,882.5527,1,2.9856,1,695.3753,777.662,1,2.8781,1,769.6622,830.1074,2.9318,
438023925957,6442.9,847.3585,891.9389,1,2.9281,1,699.1303,793.4542,1,2.8553,1,773.2444,842.6965,2.8917,
438023929957,6446.9,843.6159,894.5309,1,2.9043,1,688.3333,794.7021,1,2.7959,1,765.9746,844.6165,2.8501,
438023933956,6450.9,858.0297,894.9421,1,2.9142,1,684.983,785.2725,1,2.8336,1,771.5064,840.1073,2.8739,
438023937956,6454.9,854.3604,891.7203,1,2.9388,1,679.5461,796.6565,1,2.8101,1,766.9533,844.1884,2.8744,
438023941956,6458.9,845.9628,890.8111,1,2.9332,1,679.7525,784.6318,1,2.8218,1,762.8576,837.7214,2.8775,
438023945956,6462.9,867.114,893.0557,1,2.9637,1,702.1431,782.5907,1,2.8587,1,784.6286,837.8232,2.9112,
438023949956,6466.9,845.6895,904.3297,1,2.9201,1,693.1995,805.6723,1,2.7917,1,769.4445,855.001,2.8559,
438023953956,6470.9,857.6931,895.9788,1,2.9427,1,696.011,793.3925,1,2.8098,1,776.852,844.6856,2.8763,
438023957956,6474.9,850.3028,893.958,1,2.9616,1,696.6879,802.8084,1,2.7749,1,773.4954,848.3832,2.8683,
438023961956,6478.9,852.9278,880.7785,1,2.9645,1,691.6495,790.52,1,2.8506,1,772.2886,835.6492,2.9076,
438023965956,6482.9,851.9613,887.4824,1,2.937,1,702.6635,788.3541,1,2.8168,1,777.3124,837.9183,2.8769,
438023969956,6486.9,858.4637,884.4222,1,2.9401,1,697.743,792.2165,1,2.8106,1,778.1033,838.3193,2.8753,
438023973956,6490.9,862.5432,885.8019,1,2.9526,1,697.9427,778.3731,1,2.8834,1,780.243,832.0875,2.918,
438023977956,6494.9,846.2022,885.8454,1,2.9554,1,692.6805,770.3412,1,2.8539,1,769.4413,828.0933,2.9047,
438023981956,6498.9,846.3369,891.0767,1,2.9347,1,696.3296,790.5105,1,2.8475,1,771.3333,840.7936,2.8911,
438023985956,6502.9,844.8259,898.661,1,2.9437,1,694.7135,785.7528,1,2.8364,1,769.7697,842.2069,2.89,
438023989956,6506.9,846.2976,910.8763,1,2.8768,1,711.3457,788.8489,1,2.8151,1,778.8216,849.8626,2.8459,
438023993956,6510.9,836.6588,891.7234,1,2.9395,1,699.2124,794.4203,1,2.8549,1,767.9356,843.0718,2.8972,
438023997956,6514.9,857.6231,890.2554,1,2.933,1,689.5981,799.5448,1,2.8152,1,773.6106,844.9001,2.8741,
438024001956,6518.9,849.3789,891.0722,1,2.9345,1,691.7245,793.4951,1,2.8228,1,770.5517,842.2837,2.8787,
438024005956,6522.9,856.2123,896.0369,1,2.9522,1,705.7396,776.359,1,2.8432,1,780.976,836.1979,2.8977,
438024009956,6526.9,845.1175,887.3006,1,2.972,1,690.7256,790.7401,1,2.8268,1,767.9215,839.0204,2.8994,
438024013956,6530.9,846.606,911.7799,1,2.9131,1,695.664,767.4568,1,2.8667,1,771.135,839.6184,2.8899,
438024017955,6534.9,839.5432,902.4578,1,2.9058,1,692.0996,765.7139,1,2.8858,1,765.8214,834.0858,2.8958,
438024021955,6538.9,855.2482,892.9485,1,2.9419,1,703.2963,770.4833,1,2.8336,1,779.2723,831.7159,2.8878,
438024025955,6542.9,865.5786,911.1986,1,2.8963,1,686.7182,791.6798,1,2.806,1,776.1484,851.4392,2.8512,
438024029955,6546.9,842.9515,896.4315,1,2.9398,1,696.1637,789.0924,1,2.7981,1,769.5576,842.762,2.8689,
438024033955,6550.9,842.1612,892.6723,1,2.9587,1,688.3708,779.5866,1,2.83,1,765.266,836.1295,2.8944,
438024037955,6554.9,839.9484,899.0429,1,2.9284,1,688.2698,784.1294,1,2.819,1,764.1091,841.5862,2.8737,
438024041955,6558.9,855.3974,889.869,1,2.929,1,693.5028,783.9188,1,2.8298,1,774.4501,836.8939,2.8794,
438024045955,6562.9,843.7747,897.6951,1,2.9218,1,695.7784,781.4765,1,2.8515,1,769.7765,839.5858,2.8866,
438024049955,6566.9,848.0833,888.1301,1,2.9303,1,700.0002,786.8392,1,2.8495,1,774.0418,837.4846,2.8899,
438024053955,6570.9,860.1473,892.1065,1,2.922,1,687.0262,776.0769,1,2.8513,1,773.5868,834.0917,2.8866,
438024057955,6574.9,843.032,891.484,1,2.9119,1,690.8444,805.3966,1,2.7817,1,766.9382,848.4403,2.8468,
438024061955,6578.9,848.7889,895.9707,1,2.9472,1,694.7008,807.8556,1,2.8216,1,771.7449,851.9131,2.8844,
438024065955,6582.9,841.6518,893.7493,1,2.9211,1,708.2952,804.1402,1,2.8148,1,774.9735,848.9448,2.8679,
438024069955,6586.9,851.982,882.6913,1,2.9164,1,686.2011,791.7664,1,2.7867,1,769.0916,837.2289,2.8516,
438024073955,6590.9,844.572,902.8905,1,2.91,1,695.592,787.3386,1,2.8623,1,770.082,845.1146,2.8861,
438024077955,6594.9,842.1072,885.9888,1,2.8833,1,697.2311,789.8589,1,2.8307,1,769.6691,837.9239,2.857,
438024081955,6598.9,835.2675,886.2,1,2.893,1,702.9544,790.0093,1,2.8207,1,769.1109,838.1046,2.8569,
438024085955,6602.9,848.37,885.7379,1,2.929,1,696.85,785.7899,1,2.8249,1,772.61,835.7639,2.877,
438024089955,6606.9,854.3774,887.7499,1,2.932,1,694.833,799.9655,1,2.8074,1,774.6052,843.8577,2.8697,
438024093955,6610.9,856.4882,877.8323,1,2.9094,1,707.3013,796.6529,1,2.7748,1,781.8948,837.2426,2.8421,
438024097954,6614.9,850.9213,879.5616,1,2.9027,1,695.2577,777.1637,1,2.8671,1,773.0895,828.3626,2.8849,
438024101954,6618.9,837.9752,880.0993,1,2.9223,1,696.2465,783.3619,1,2.8222,1,767.1109,831.7306,2.8722,
438024105954,6622.9,833.1922,889.7904,1,2.9157,1,688.3422,790.6254,1,2.8568,1,760.7672,840.2079,2.8863,
438024109954,6626.9,841.872,880.0748,1,2.8925,1,697.0384,804.9361,1,2.7974,1,769.4552,842.5055,2.8449,
438024113954,6630.9,851.4082,879.1839,1,2.9327,1,700.4043,784.3271,1,2.8423,1,775.9063,831.7555,2.8875,
438024117954,6634.9,835.008,868.9837,1,2.8984,1,694.2852,813.6626,1,2.7686,1,764.6466,841.3231,2.8335,
438024121954,6638.9,857.485,880.3038,1,2.8964,1,700.6823,777.9756,1,2.8902,1,779.0837,829.1397,2.8933,
438024125954,6642.9,856.5064,877.2041,1,2.927,1,704.6203,796.7222,1,2.794,1,780.5633,836.9631,2.8605,
438024129954,6646.9,836.6769,869.9266,1,2.9133,1,684.0906,811.2545,1,2.7536,1,760.3837,840.5906,2.8334,
438024133954,6650.9,843.8596,861.1297,1,2.9382,1,704.4199,789.766,1,2.8602,1,774.1398,825.4478,2.8992,
438024137954,6654.9,843.2017,871.4341,1,2.8962,1,683.0165,779.4248,1,2.8522,1,763.1091,825.4295,2.8742,
438024141954,6658.9,847.6178,877.7419,1,2.9377,1,693.9017,775.5257,1,2.8703,1,770.7597,826.6338,2.904,
438024145954,6662.9,851.8734,878.1745,1,2.904,1,682.7443,781.3282,1,2.8519,1,767.3088,829.7514,2.8779,
438024149956,6666.9,864.8268,882.6474,1,2.9034,1,690.6092,779.7627,1,2.8518,1,777.718,831.205,2.8776,
438024153956,6670.9,850.301,886.4717,1,2.9328,1,699.2049,793.9251,1,2.8212,1,774.753,840.1984,2.877,
438024157956,6674.9,858.1427,881.6816,1,2.9339,1,701.3215,799.1384,1,2.811,1,779.7321,840.41,2.8725,
438024161956,6678.9,852.0331,896.5742,1,2.904,1,705.927,795.0505,1,2.7523,1,778.9801,845.8124,2.8282,
438024165956,6682.9,852.0576,887.8815,1,2.9242,1,698.7803,799.4991,1,2.7932,1,775.4189,843.6903,2.8587,
438024169956,6686.9,852.5757,884.1772,1,2.9126,1,698.7849,785.1743,1,2.8545,1,775.6803,834.6758,2.8836,
438024173956,6690.9,864.7382,884.2309,1,2.9361,1,691.9419,789.0138,1,2.8192,1,778.34,836.6223,2.8776,
438024177956,6694.9,850.7667,885.4901,1,2.9199,1,703.4623,802.5964,1,2.8178,1,777.1145,844.0432,2.8689,
438024181956,6698.9,852.2449,890.5725,1,2.9199,1,679.817,781.3893,1,2.8483,1,766.0309,835.9809,2.8841,
438024185956,6702.9,851.7301,886.2231,1,2.9111,1,682.9607,806.4881,1,2.819,1,767.3454,846.3556,2.865,
438024189956,6706.9,858.4058,873.1401,1,2.9191,1,697.7035,796.2674,1,2.8311,1,778.0547,834.7038,2.8751,
438024193956,6710.9,858.0417,875.4822,1,2.9134,1,694.1639,782.5098,1,2.8468,1,776.1028,828.996,2.8801,
438024197956,6714.9,849.45,871.9126,1,2.9444,1,705.9439,786.2708,1,2.8323,1,777.6969,829.0917,2.8884,
438024201956,6718.9,859.1475,877.8476,1,2.9285,1,693.3036,783.4824,1,2.8453,1,776.2255,830.665,2.8869,
438024205956,6722.9,837.1904,864.7029,1,2.9385,1,694.3519,782.6117,1,2.8364,1,765.7712,823.6573,2.8875,
438024209956,6726.9,848.5733,886.6831,1,2.9068,1,692.8435,798.299,1,2.7989,1,770.7084,842.4911,2.8528,
438024213956,6730.9,850.3764,883.3375,1,2.9102,1,693.9966,787.0332,1,2.8598,1,772.1865,835.1853,2.885,
438024217956,6734.9,845.8668,873.0381,1,2.9476,1,693.7732,784.8107,1,2.83,1,769.82,828.9244,2.8888,
438024221956,6738.9,846.9364,886.7738,1,2.9174,1,682.1423,798.3785,1,2.8296,1,764.5393,842.5762,2.8735,
438024225956,6742.9,857.475,870.4355,1,2.9443,1,695.2812,800.065,1,2.8477,1,776.3781,835.2503,2.896,
438024229956,6746.9,844.7926,871.6943,1,2.9345,1,690.9154,795.1685,1,2.8068,1,767.854,833.4314,2.8706,
438024233956,6750.9,844.3283,886.5576,1,2.9383,1,682.7937,805.2634,1,2.8157,1,763.561,845.9105,2.877,
438024237956,6754.9,849.9331,890.9505,1,2.9113,1,693.8184,785.9612,1,2.8752,1,771.8758,838.4559,2.8932,
438024241956,6758.9,848.6452,881.5351,1,2.9432,1,702.7113,790.9626,1,2.8524,1,775.6782,836.2489,2.8978,
438024245956,6762.9,852.1454,867.8092,1,2.9955,1,698.417,789.1757,1,2.8652,1,775.2812,828.4924,2.9303,
438024249956,6766.9,853.3419,878.6277,1,2.9693,1,686.0809,792.2783,1,2.8712,1,769.7114,835.453,2.9203,
438024253956,6770.9,842.1062,864.8134,1,2.9364,1,682.6443,798.1436,1,2.8506,1,762.3752,831.4785,2.8935,
438024257956,6774.9,849.0018,875.9271,1,2.9709,1,688.4389,797.065,1,2.8347,1,768.7203,836.4961,2.9028,
438024261955,6778.9,849.7751,876.2755,1,2.9344,1,683.1489,794.8926,1,2.8549,1,766.462,835.5841,2.8946,
438024265955,6782.9,844.0681,879.438,1,2.9446,1,686.952,781.6975,1,2.897,1,765.51,830.5677,2.9208,
438024269955,6786.9,845.0317,876.8334,1,2.971,1,708.7681,781.9633,1,2.8621,1,776.8999,829.3983,2.9165,
438024273955,6790.9,843.1372,878.7439,1,2.9648,1,693.3665,799.1772,1,2.8429,1,768.2518,838.9605,2.9039,
438024277955,6794.9,848.2453,863.784,1,2.9975,1,691.6664,780.3772,1,2.9115,1,769.9558,822.0806,2.9545,
438024281955,6798.9,842.9561,875.9335,1,2.9808,1,700.2224,776.1434,1,2.9038,1,771.5893,826.0385,2.9423,
438024285955,6802.9,859.6114,861.8886,1,2.9962,1,700.9791,782.0367,1,2.9175,1,780.2953,821.9627,2.9568,
438024289955,6806.9,860.5298,874.7856,1,2.9746,1,700.9616,785.1321,1,2.8627,1,780.7457,829.9589,2.9186,
438024293955,6810.9,,,0,,0,,,0,,0,,,,
438024297955,6814.9,852.3635,886.2138,1,2.9716,1,690.5805,788.7185,1,2.8573,1,771.472,837.4662,2.9145,
438024301955,6818.9,,,0,,0,,,0,,0,,,,
438024305955,6822.9,861.0314,881.9149,1,2.9753,1,694.7521,801.2182,1,2.8619,1,777.8917,841.5665,2.9186,
438024309955,6826.9,857.9593,886.3289,1,3.0139,1,692.4534,787.7229,1,2.9025,1,775.2064,837.0259,2.9582,
438024313955,6830.9,854.5084,881.3799,1,3.0117,1,691.0031,788.1186,1,2.8618,1,772.7557,834.7492,2.9367,
438024317956,6834.9,849.1371,893.3679,1,2.9937,1,700.5059,774.3017,1,2.8967,1,774.8215,833.8348,2.9452,
438024321956,6838.9,853.382,875.4559,1,2.9989,1,702.484,783.5053,1,2.8945,1,777.933,829.4806,2.9467,
438024325956,6842.9,851.0008,881.9948,1,2.9916,1,695.2226,785.5098,1,2.8501,1,773.1117,833.7523,2.9209,
438024329956,6846.9,858.7867,877.357,1,2.9919,1,694.9722,783.0061,1,2.8893,1,776.8795,830.1816,2.9406,
438024333956,6850.9,854.0269,863.4202,1,2.9916,1,696.0309,781.1451,1,2.9083,1,775.0289,822.2827,2.95,
438024337956,6854.9,865.8748,883.4312,1,2.9893,1,697.5524,783.6304,1,2.8855,1,781.7136,833.5308,2.9374,
438024341956,6858.9,850.9452,870.9411,1,2.9876,1,696.5861,793.2902,1,2.8727,1,773.7656,832.1157,2.9301,
438024345956,6862.9,854.5617,867.5443,1,3.0343,1,698.5218,790.4111,1,2.881,1,776.5418,828.9777,2.9576,
438024349956,6866.9,852.283,885.211,1,2.9939,1,701.1239,788.2512,1,2.8611,1,776.7035,836.7311,2.9275,
438024353956,6870.9,860.0588,881.3668,1,3.0266,1,696.8786,779.9516,1,2.8839,1,778.4687,830.6592,2.9552,
438024357956,6874.9,848.5546,890.6385,1,3.026,1,696.9941,778.3109,1,2.9121,1,772.7744,834.4747,2.9691,
438024361956,6878.9,855.6943,877.8817,1,3.0395,1,706.057,785.6114,1,2.8934,1,780.8756,831.7466,2.9664,
438024365956,6882.9,863.7658,876.4946,1,3.0037,1,705.0553,779.4281,1,2.8717,1,784.4106,827.9614,2.9377,
438024369956,6886.9,873.5214,861.6576,1,3.0275,1,699.3462,766.6208,1,2.9098,1,786.4338,814.1392,2.9686,
438024373956,6890.9,853.2666,887.8079,1,3.0098,1,721.5569,807.1704,1,2.8725,1,787.4117,847.4892,2.9411,
438024377956,6894.9,967.4994,591.8504,1,3.1414,1,787.648,670.9793,1,2.8807,1,877.5737,631.4149,3.0111,
438024381956,6898.9,,,0,,0,,,0,,0,,,,
438024385956,6902.9,,,0,,0,,,0,,0,,,,
438024389956,6906.9,,,0,,0,,,0,,0,,,,
438024393956,6910.9,,,0,,0,,,0,,0,,,,
438024397956,6914.9,,,0,,0,,,0,,0,,,,
438024401957,6918.9,,,0,,0,,,0,,0,,,,
438024405956,6922.9,,,0,,0,,,0,,0,,,,
438024409957,6926.9,,,0,,0,,,0,,0,,,,
438024413954,6930.9,,,0,,0,,,0,,0,,,,
438024417954,6934.9,,,0,,0,,,0,,0,,,,
438024421954,6938.9,,,0,,0,,,0,,0,,,,
438024425952,6942.9,,,0,,0,,,0,,0,,,,
438024429953,6946.9,,,0,,0,,,0,,0,,,,
438024433952,6950.9,,,0,,0,,,0,,0,,,,
438024437952,6954.9,,,0,,0,,,0,,0,,,,
438024441960,6958.9,,,0,,0,,,0,,0,,,,
438024445960,6962.9,,,0,,0,,,0,,0,,,,
438024449952,6966.9,,,0,,0,,,0,,0,,,,
438024453951,6970.9,,,0,,0,,,0,,0,,,,
438024457960,6974.9,,,0,,0,,,0,,0,,,,
438024461960,6978.9,,,0,,0,,,0,,0,,,,
438024465960,6982.9,,,0,,0,,,0,,0,,,,
438024469960,6986.9,,,0,,0,,,0,,0,,,,
438024473960,6990.9,,,0,,0,,,0,,0,,,,
438024477960,6994.9,,,0,,0,,,0,,0,,,,
438024481960,6998.9,,,0,,0,,,0,,0,,,,
438024485960,7002.9,,,0,,0,,,0,,0,,,,
438024489952,7006.9,,,0,,0,,,0,,0,,,,
438024493952,7010.9,,,0,,0,,,0,,0,,,,
438024497952,7014.9,,,0,,0,,,0,,0,,,,
438024501952,7018.9,,,0,,0,,,0,,0,,,,
438024505953,7022.9,,,0,,0,,,0,,0,,,,
438024509953,7026.9,,,0,,0,,,0,,0,,,,
438024513953,7030.9,,,0,,0,,,0,,0,,,,
438024517953,7034.9,,,0,,0,,,0,,0,,,,
438024521953,7038.9,,,0,,0,,,0,,0,,,,
438024525953,7042.9,,,0,,0,,,0,,0,,,,
438024529952,7046.9,,,0,,0,,,0,,0,,,,
438024533952,7050.9,1322.5042,-8.3668,1,2.0404,1,,,0,,0,1322.5042,-8.3668,2.0404,
438024537953,7054.9,,,0,,0,,,0,,0,,,,
438024541954,7058.9,1244.6532,157.0586,1,2.4247,1,,,0,,0,1244.6532,157.0586,2.4247,
438024545954,7062.9,,,0,,0,1120.7546,186.5426,1,2.8546,1,1120.7546,186.5426,2.8546,
438024549954,7066.9,,,0,,0,1141.7345,247.7176,1,3.0524,1,1141.7345,247.7176,3.0524,
438024553954,7070.9,1345.8281,289.2987,1,2.8605,1,,,0,,0,1345.8281,289.2987,2.8605,
438024557954,7074.9,,,0,,0,1117.243,179.4479,1,2.8582,1,1117.243,179.4479,2.8582,
438024561954,7078.9,,,0,,0,,,0,,0,,,,
438024565954,7082.9,1280.6664,337.6482,1,2.9522,1,1087.9391,244.5926,1,3.0673,1,1184.3028,291.1204,3.0098,
438024569954,7086.9,,,0,,0,,,0,,0,,,,
438024573954,7090.9,1299.2566,362.6653,1,3.0545,1,1146.7623,154.0912,1,2.803,1,1223.0094,258.3782,2.9287,
438024577954,7094.9,1295.3592,352.0408,1,3.0232,1,1117.5023,182.7088,1,2.9361,1,1206.4307,267.3748,2.9797,
438024581954,7098.9,1281.3969,363.8155,1,3.043,1,1122.9148,186.7252,1,2.9099,1,1202.1558,275.2704,2.9764,
438024585955,7102.9,1304.1066,330.9493,1,3.0831,1,1120.0301,190.8153,1,2.9329,1,1212.0683,260.8823,3.008,
438024589954,7106.9,1318.1985,325.8275,1,3.1187,1,1126.3668,215.6481,1,2.9249,1,1222.2826,270.7378,3.0218,
438024593954,7110.9,1310.4156,328.1594,1,3.1358,1,1116.8983,234.1209,1,2.9768,1,1213.6569,281.1401,3.0563,
438024597954,7114.9,1319.949,315.4796,1,3.1013,1,1115.4285,225.8786,1,2.9838,1,1217.6887,270.6791,3.0425,
438024601954,7118.9,1298.8519,325.136,1,3.0944,1,1121.6774,238.924,1,3.0237,1,1210.2647,282.03,3.0591,
438024605954,7122.9,1296.938,325.5056,1,3.0382,1,1127.3339,218.8368,1,2.9917,1,1212.1359,272.1712,3.0149,
438024609954,7126.9,1306.8578,325.4969,1,3.0811,1,1119.2123,224.9441,1,3.0317,1,1213.035,275.2205,3.0564,
438024613954,7130.9,1309.6484,336.8565,1,3.0391,1,1109.8187,225.4219,1,3.0344,1,1209.7335,281.1392,3.0368,
438024617954,7134.9,1297.8371,323.8315,1,3.0738,1,1117.4628,202.0957,1,2.9765,1,1207.65,262.9636,3.0251,
438024621954,7138.9,1291.723,324.7185,1,3.0984,1,1121.1966,199.0083,1,2.9493,1,1206.4598,261.8634,3.0239,
438024625954,7142.9,1298.1492,317.1211,1,3.0662,1,1117.007,211.6822,1,3.0157,1,1207.5781,264.4017,3.041,
438024629954,7146.9,1318.9628,328.9551,1,3.1151,1,1131.0687,204.9477,1,2.9711,1,1225.0158,266.9514,3.0431,
438024633954,7150.9,1301.2981,330.9154,1,3.1165,1,1137.1767,206.3438,1,2.9221,1,1219.2374,268.6296,3.0193,
438024637953,7154.9,1308.4624,338.904,1,3.0699,1,1126.1084,193.1208,1,2.9745,1,1217.2854,266.0124,3.0222,
438024641954,7158.9,1311.6819,321.5506,1,3.1351,1,1129.0487,200.726,1,2.9505,1,1220.3653,261.1383,3.0428,
438024645954,7162.9,1311.479,330.6004,1,3.1007,1,1117.2232,198.6142,1,2.954,1,1214.3511,264.6073,3.0274,
438024649954,7166.9,1309.4475,331.8692,1,3.1151,1,1111.3038,189.5922,1,2.9982,1,1210.3757,260.7307,3.0566,
438024653954,7170.9,1285.858,330.72,1,3.0789,1,1097.519,191.2114,1,2.9912,1,1191.6885,260.9657,3.035,
438024657954,7174.9,1291.1167,337.2942,1,3.0656,1,1116.3811,197.3459,1,3.0033,1,1203.7489,267.3201,3.0345,
438024661954,7178.9,1308.4277,359.0148,1,3.107,1,1158.3991,256.6986,1,2.9428,1,1233.4134,307.8567,3.0249,
438024665954,7182.9,1326.1693,410.0375,1,3.1534,1,1161.9415,290.6796,1,3.0012,1,1244.0554,350.3586,3.0773,
438024669954,7186.9,1315.7504,463.3304,1,3.0383,1,1153.5679,319.1498,1,3.0033,1,1234.6591,391.2401,3.0208,
438024673953,7190.9,1312.9805,457.2104,1,3.0656,1,1150.7724,298.5204,1,3.0316,1,1231.8765,377.8654,3.0486,
438024677953,7194.9,1315.8461,433.0708,1,3.1036,1,1145.1199,295.5829,1,3.0023,1,1230.483,364.3268,3.0529,
438024681953,7198.9,1328.3407,409.4851,1,3.1422,1,1150.4249,295.9414,1,2.9876,1,1239.3828,352.7132,3.0649,
438024685953,7202.9,1317.7795,436.4538,1,3.0741,1,1143.888,276.2229,1,3.0244,1,1230.8338,356.3383,3.0493,
438024689953,7206.9,1320.3732,432.0693,1,3.101,1,1143.2449,291.2154,1,3.0076,1,1231.809,361.6423,3.0543,
438024693952,7210.9,1308.1646,433.0549,1,3.0874,1,1143.4692,261.4458,1,3.112,1,1225.8169,347.2503,3.0997,
438024697953,7214.9,1312.2354,420.6361,1,3.1462,1,1163.0597,312.2264,1,2.993,1,1237.6476,366.4313,3.0696,
438024701952,7218.9,1306.8064,451.0066,1,3.1211,1,1158.0975,313.3524,1,3.0283,1,1232.452,382.1795,3.0747,
438024705952,7222.9,1333.561,458.0469,1,3.0723,1,1164.6457,315.132,1,3.0318,1,1249.1033,386.5894,3.0521,
438024709952,7226.9,1293.1239,444.6741,1,3.1223,1,1152.5684,320.5361,1,3.0292,1,1222.8461,382.6051,3.0757,
438024713953,7230.9,1309.4085,457.6539,1,3.1274,1,1170.0368,324.9961,1,3.0098,1,1239.7227,391.325,3.0686,
438024717952,7234.9,1291.7086,437.1665,1,3.15,1,1144.5358,308.6675,1,3.071,1,1218.1222,372.917,3.1105,
438024721953,7238.9,1320.0103,466.9913,1,3.0779,1,1165.7029,319.9591,1,3.0549,1,1242.8566,393.4752,3.0664,
438024725952,7242.9,1325.3288,456.0302,1,3.1517,1,1165.218,291.5221,1,3.0769,1,1245.2734,373.7761,3.1143,
438024729952,7246.9,1313.2226,465.8692,1,3.0852,1,1158.5667,303.1893,1,3.0944,1,1235.8946,384.5292,3.0898,
438024733951,7250.9,1318.3134,435.838,1,3.1611,1,1156.2522,310.505,1,3.0574,1,1237.2828,373.1715,3.1092,
438024737953,7254.9,1323.9356,447.8863,1,3.0863,1,1167.6323,317.2442,1,3.052,1,1245.784,382.5652,3.0692,
438024741952,7258.9,1318.3169,442.1095,1,3.1149,1,1156.1026,307.6637,1,3.0649,1,1237.2098,374.8866,3.0899,
438024745953,7262.9,1301.1562,446.3015,1,3.125,1,1163.3479,299.017,1,3.0988,1,1232.252,372.6593,3.1119,
438024749953,7266.9,1308.2649,439.352,1,3.1661,1,1159.1114,302.1709,1,3.0777,1,1233.6881,370.7615,3.1219,
438024753951,7270.9,1319.1571,395.3045,1,3.2627,1,1150.9121,295.9667,1,3.1167,1,1235.0346,345.6356,3.1897,
438024757951,7274.9,1322.1675,428.8116,1,3.1873,1,1151.4248,273.9827,1,3.1251,1,1236.7961,351.3972,3.1562,
438024761952,7278.9,1290.366,436.5004,1,3.1504,1,1149.3888,294.6316,1,3.109,1,1219.8774,365.566,3.1297,
438024765951,7282.9,1302.5068,431.4076,1,3.1685,1,1159.2226,304.551,1,3.0722,1,1230.8647,367.9793,3.1203,
438024769952,7286.9,1321.0356,443.6236,1,3.1055,1,1150.1531,300.2968,1,3.1076,1,1235.5943,371.9602,3.1065,
438024773952,7290.9,1307.994,424.9648,1,3.1476,1,1142.1114,298.7253,1,3.0724,1,1225.0527,361.8451,3.11,
438024777951,7294.9,1309.8265,446.5848,1,3.1371,1,1149.4525,295.7258,1,3.0986,1,1229.6395,371.1553,3.1179,
438024781951,7298.9,1317.5959,443.0626,1,3.0945,1,1164.3534,290.4991,1,3.0991,1,1240.9747,366.7809,3.0968,
438024785952,7302.9,1314.8494,429.717,1,3.218,1,1154.9344,294.399,1,3.088,1,1234.8919,362.058,3.153,
438024789952,7306.9,1311.1886,450.7503,1,3.1298,1,1143.2932,307.7275,1,3.0674,1,1227.2409,379.2389,3.0986,
438024793953,7310.9,1302.4337,435.7824,1,3.1646,1,1149.1219,298.5565,1,3.081,1,1225.7778,367.1695,3.1228,
438024797953,7314.9,1308.6808,432.7703,1,3.1399,1,1148.8662,304.1694,1,3.0678,1,1228.7735,368.4699,3.1039,
438024801952,7318.9,1314.9514,433.6168,1,3.1505,1,1147.1207,308.2942,1,3.0602,1,1231.0361,370.9555,3.1054,
438024805954,7322.9,1311.4134,445.0799,1,3.1196,1,1140.4475,278.3029,1,3.1107,1,1225.9304,361.6914,3.1151,
438024809955,7326.9,1320.4667,447.6886,1,3.0918,1,1154.8061,299.8653,1,3.059,1,1237.6364,373.7769,3.0754,
438024813954,7330.9,1336.9723,432.114,1,3.1383,1,1150.3512,306.4882,1,3.0417,1,1243.6617,369.3011,3.09,
438024817955,7334.9,1332.7975,436.8176,1,3.1216,1,1154.6634,313.1753,1,3.0128,1,1243.7304,374.9965,3.0672,
438024821955,7338.9,1315.2306,431.2562,1,3.129,1,1165.7966,298.6666,1,3.0507,1,1240.5136,364.9614,3.0898,
438024825954,7342.9,1322.6664,446.9613,1,3.0964,1,1153.3957,306.0678,1,3.0223,1,1238.031,376.5146,3.0594,
438024829954,7346.9,1314.1093,435.4135,1,3.1057,1,1162.0092,309.6069,1,3.0361,1,1238.0592,372.5102,3.0709,
438024833955,7350.9,1318.4352,461.7821,1,3.0396,1,1157.3489,303.7568,1,3.0306,1,1237.8921,382.7694,3.0351,
438024837954,7354.9,1309.7486,458.5372,1,3.0598,1,1161.6256,310.1977,1,3.0126,1,1235.6871,384.3675,3.0362,
438024841955,7358.9,1319.362,461.3691,1,3.0011,1,1170.1024,309.1142,1,3.0027,1,1244.7322,385.2417,3.0019,
438024845955,7362.9,1299.0351,447.8826,1,3.0826,1,1158.2279,322.2771,1,2.9784,1,1228.6315,385.0799,3.0305,
438024849954,7366.9,1339.8802,477.8734,1,2.9996,1,1161.8073,323.6341,1,2.9723,1,1250.8438,400.7537,2.9859,
438024853954,7370.9,1331.8851,445.7348,1,3.0339,1,1168.991,315.2427,1,2.9893,1,1250.4381,380.4887,3.0116,
438024857955,7374.9,1318.9276,443.3448,1,3.0519,1,1169.3589,330.7074,1,2.9266,1,1244.1432,387.0261,2.9892,
438024861953,7378.9,1307.3326,456.0809,1,3.0133,1,1159.7821,307.0895,1,2.9767,1,1233.5574,381.5852,2.995,
438024865955,7382.9,1316.6448,451.358,1,3.0519,1,1167.2444,300.8458,1,2.9963,1,1241.9446,376.1019,3.0241,
438024869955,7386.9,1299.317,465.8219,1,3.0169,1,1166.5447,307.7905,1,2.9548,1,1232.9308,386.8062,2.9859,
438024873954,7390.9,1323.7759,463.9504,1,2.9923,1,1154.4181,304.4177,1,2.9842,1,1239.097,384.1841,2.9883,
438024877954,7394.9,1333.1635,490.3971,1,2.8836,1,1135.9591,304.5702,1,2.9406,1,1234.5613,397.4837,2.9121,
438024881954,7398.9,1331.7078,459.766,1,3.0027,1,1147.0728,309.6102,1,2.9529,1,1239.3903,384.6881,2.9778,
438024885955,7402.9,1327.6345,469.7944,1,2.9932,1,1140.8187,307.9723,1,2.9426,1,1234.2266,388.8834,2.9679,
438024889954,7406.9,1298.1952,451.7999,1,3.0331,1,1138.9806,315.642,1,2.9366,1,1218.5879,383.721,2.9848,
438024893954,7410.9,1320.988,456.0004,1,2.9663,1,1145.9629,321.2879,1,2.9067,1,1233.4755,388.6441,2.9365,
438024897954,7414.9,1303.552,455.0006,1,2.9892,1,1139.2225,312.7465,1,2.9763,1,1221.3872,383.8736,2.9827,
438024901953,7418.9,1324.5748,448.2327,1,2.9746,1,1150.4827,319.6525,1,2.9181,1,1237.5287,383.9426,2.9464,
438024905954,7422.9,1302.7146,464.4999,1,2.9218,1,1141.7404,299.1946,1,2.9381,1,1222.2275,381.8472,2.9299,
438024909953,7426.9,1314.0569,453.7124,1,2.9799,1,1151.736,286.0199,1,2.9577,1,1232.8964,369.8661,2.9688,
438024913954,7430.9,1303.7057,448.2385,1,2.9534,1,1139.4732,324.3603,1,2.8794,1,1221.5895,386.2994,2.9164,
438024917954,7434.9,1307.4716,448.2374,1,2.9192,1,1151.7852,323.69,1,2.8871,1,1229.6284,385.9637,2.9031,
438024921953,7438.9,1330.5917,458.0428,1,2.8987,1,1159.6532,333.4697,1,2.8538,1,1245.1225,395.7563,2.8763,
438024925953,7442.9,1323.7136,445.193,1,2.9283,1,1138.4797,324.4738,1,2.8535,1,1231.0966,384.8334,2.8909,
438024929953,7446.9,1320.2164,437.0321,1,2.9285,1,1164.8996,296.7538,1,2.879,1,1242.558,366.8929,2.9037,
438024933953,7450.9,1312.2177,443.586,1,2.8859,1,1152.19,317.716,1,2.8879,1,1232.2038,380.651,2.8869,
438024937952,7454.9,1333.7008,447.5618,1,2.8922,1,1141.7292,334.5191,1,2.8729,1,1237.715,391.0405,2.8825,
438024941953,7458.9,1326.667,479.902,1,2.8303,1,1147.0483,309.5798,1,2.9065,1,1236.8576,394.7409,2.8684,
438024945952,7462.9,1331.3419,438.5309,1,2.8737,1,1146.4192,316.2764,1,2.8642,1,1238.8806,377.4037,2.869,
438024949952,7466.9,1324.0607,430.0626,1,2.9169,1,1147.4734,314.237,1,2.8931,1,1235.7671,372.1498,2.905,
438024953951,7470.9,1325.2922,459.6273,1,2.8775,1,1155.2227,345.1842,1,2.7899,1,1240.2575,402.4057,2.8337,
438024957951,7474.9,1316.8758,466.6757,1,2.9061,1,1162.3024,320.3916,1,2.8375,1,1239.5891,393.5336,2.8718,
438024961951,7478.9,1315.4815,469.4499,1,2.8895,1,1159.0883,314.5093,1,2.8745,1,1237.2849,391.9796,2.882,
438024965953,7482.9,1319.5069,475.0709,1,2.8705,1,1147.9686,303.604,1,2.9093,1,1233.7378,389.3374,2.8899,
438024969952,7486.9,1328.2647,467.5846,1,2.8542,1,1152.2966,315.6544,1,2.8547,1,1240.2806,391.6195,2.8544,
438024973951,7490.9,1333.3373,468.0083,1,2.8733,1,1151.9001,315.4108,1,2.8491,1,1242.6187,391.7096,2.8612,
438024977951,7494.9,1337.3542,459.7403,1,2.8755,1,1134.5132,299.5384,1,2.8918,1,1235.9337,379.6393,2.8837,
438024981952,7498.9,1331.4259,462.6261,1,2.8432,1,1162.2997,305.2999,1,2.8596,1,1246.8628,383.963,2.8514,
438024985952,7502.9,1323.7199,450.7697,1,2.9337,1,1175.3953,337.8798,1,2.7869,1,1249.5576,394.3247,2.8603,
438024989953,7506.9,1317.2932,456.746,1,2.8481,1,1154.4689,309.4607,1,2.8353,1,1235.8811,383.1033,2.8417,
438024993953,7510.9,1322.5694,438.1202,1,2.9074,1,1154.7796,317.8064,1,2.8605,1,1238.6745,377.9633,2.884,
438024997952,7514.9,1331.1631,458.9924,1,2.8367,1,1159.8779,292.9595,1,2.9221,1,1245.5205,375.976,2.8794,
438025001952,7518.9,1326.3789,463.6748,1,2.8254,1,1139.7391,294.0632,1,2.9142,1,1233.059,378.869,2.8698,
438025005952,7522.9,1335.1765,459.6354,1,2.7751,1,1135.9,290.7806,1,2.8904,1,1235.5383,375.208,2.8327,
438025009952,7526.9,1321.8579,441.4551,1,2.8804,1,1140.7964,321.7977,1,2.8212,1,1231.3272,381.6264,2.8508,
438025013953,7530.9,1323.3001,434.638,1,2.8952,1,1155.914,299.7588,1,2.888,1,1239.6071,367.1984,2.8916,
438025017953,7534.9,1329.7678,427.2304,1,2.9038,1,1149.6435,296.0586,1,2.8804,1,1239.7056,361.6445,2.8921,
438025021952,7538.9,1336.2653,432.2074,1,2.9147,1,1155.3631,324.0784,1,2.8376,1,1245.8142,378.1429,2.8761,
438025025952,7542.9,1329.0794,459.1126,1,2.8151,1,1157.7264,316.6861,1,2.8341,1,1243.4029,387.8994,2.8246,
438025029952,7546.9,1329.7673,469.628,1,2.8002,1,1144.0838,335.473,1,2.7625,1,1236.9256,402.5505,2.7814,
438025033952,7550.9,1330.4847,473.9604,1,2.8111,1,1155.0927,282.8058,1,2.9231,1,1242.7887,378.3831,2.8671,
438025037954,7554.9,1319.8069,458.2908,1,2.9117,1,1152.5736,318.4959,1,2.8397,1,1236.1903,388.3934,2.8757,
438025041954,7558.9,1325.1768,467.7229,1,2.8273,1,1126.4322,306.6878,1,2.8655,1,1225.8045,387.2053,2.8464,
438025045952,7562.9,1323.0745,466.4655,1,2.8618,1,1151.142,318.2053,1,2.8214,1,1237.1082,392.3354,2.8416,
438025049953,7566.9,1313.003,449.4444,1,2.9085,1,1146.4747,322.0085,1,2.8023,1,1229.7388,385.7264,2.8554,
438025053953,7570.9,1316.8454,475.7605,1,2.8084,1,1143.0057,300.7035,1,2.8673,1,1229.9256,388.232,2.8379,
438025057953,7574.9,1302.9549,445.8911,1,2.8785,1,1143.933,286.7929,1,2.9052,1,1223.444,366.342,2.8919,
438025061954,7578.9,1319.591,459.3073,1,2.8517,1,1137.6632,340.429,1,2.7957,1,1228.6271,399.8681,2.8237,
438025065950,7582.9,1327.8155,449.7625,1,2.8849,1,1150.6003,316.4798,1,2.842,1,1239.2079,383.1212,2.8635,
438025069950,7586.9,1305.7275,439.3699,1,2.8652,1,1153.1791,348.9856,1,2.7559,1,1229.4533,394.1777,2.8106,
438025073949,7590.9,1327.5665,467.6565,1,2.7971,1,1158.5724,331.3592,1,2.7792,1,1243.0694,399.5078,2.7882,
438025077949,7594.9,1337.2648,473.1418,1,2.8231,1,1159.4006,319.5688,1,2.8243,1,1248.3327,396.3553,2.8237,
438025081949,7598.9,1330.7454,464.2556,1,2.8452,1,1151.6983,313.5812,1,2.8371,1,1241.2218,388.9184,2.8412,
438025085948,7602.9,1329.504,447.0776,1,2.8621,1,1137.0585,292.6573,1,2.8735,1,1233.2812,369.8675,2.8678,
438025089949,7606.9,1319.217,463.4766,1,2.8572,1,1149.7824,321.3533,1,2.7969,1,1234.4997,392.415,2.8271,
438025093949,7610.9,1317.4971,452.7561,1,2.8826,1,1143.0095,310.4699,1,2.869,1,1230.2533,381.613,2.8758,
438025097948,7614.9,1318.242,443.144,1,2.8967,1,1140.9163,313.1659,1,2.8069,1,1229.5791,378.1549,2.8518,
438025101948,7618.9,1332.1566,450.7643,1,2.8689,1,1128.5129,333.2366,1,2.796,1,1230.3347,392.0004,2.8324,
438025105948,7622.9,1310.448,466.1344,1,2.8743,1,1154.862,314.0195,1,2.8213,1,1232.655,390.0769,2.8478,
438025109949,7626.9,1315.3433,463.0396,1,2.8814,1,1170.8855,299.3733,1,2.9013,1,1243.1144,381.2065,2.8914,
438025113948,7630.9,1316.2027,468.2535,1,2.8195,1,1135.6366,314.8794,1,2.8235,1,1225.9197,391.5665,2.8215,
438025117950,7634.9,1321.3696,455.0398,1,2.877,1,1156.1041,305.398,1,2.8562,1,1238.7369,380.2189,2.8666,
438025121949,7638.9,1323.1598,467.8208,1,2.8456,1,1168.2145,330.4077,1,2.7789,1,1245.6872,399.1142,2.8122,
438025125948,7642.9,1312.1765,453.4263,1,2.8706,1,1153.8173,325.7201,1,2.8076,1,1232.9969,389.5732,2.8391,
438025129949,7646.9,1323.5395,453.4367,1,2.8985,1,1134.6267,318.5489,1,2.8122,1,1229.0831,385.9928,2.8554,
438025133948,7650.9,1322.2294,449.4126,1,2.8539,1,1138.5893,325.2189,1,2.826,1,1230.4094,387.3158,2.84,
438025137948,7654.9,1315.0329,460.5654,1,2.8185,1,1155.0121,331.4712,1,2.8193,1,1235.0225,396.0183,2.8189,
438025141949,7658.9,1317.2216,437.6042,1,2.9019,1,1141.3685,322.6832,1,2.8085,1,1229.295,380.1437,2.8552,
438025145948,7662.9,1325.1233,451.7231,1,2.8795,1,1153.7969,325.7727,1,2.7993,1,1239.4601,388.7479,2.8394,
438025149948,7666.9,1305.8402,466.449,1,2.858,1,1133.5635,318.3123,1,2.8568,1,1219.7019,392.3806,2.8574,
438025153948,7670.9,1313.6334,458.2198,1,2.8918,1,1154.3462,309.6382,1,2.8658,1,1233.9898,383.929,2.8788,
438025157948,7674.9,1321.5953,471.3665,1,2.8584,1,1149.2158,327.0395,1,2.7906,1,1235.4056,399.203,2.8245,
438025161948,7678.9,1331.4926,456.4014,1,2.8799,1,1175.4418,318.7043,1,2.8366,1,1253.4672,387.5528,2.8582,
438025165949,7682.9,1327.9344,471.4871,1,2.8571,1,1173.3405,333.8593,1,2.809,1,1250.6375,402.6732,2.8331,
438025169948,7686.9,1353.0715,468.4711,1,2.8884,1,1171.57,293.2201,1,2.9327,1,1262.3207,380.8456,2.9105,
438025173948,7690.9,1347.0729,465.5821,1,2.8762,1,1167.0505,312.5595,1,2.8899,1,1257.0617,389.0708,2.883,
438025177949,7694.9,1355.7319,486.4036,1,2.8353,1,1169.7593,364.9194,1,2.7996,1,1262.7456,425.6615,2.8175,
438025181948,7698.9,1336.2098,471.3497,1,2.8199,1,1159.0124,333.2731,1,2.9005,1,1247.6111,402.3114,2.8602,
438025185948,7702.9,1347.4691,462.3803,1,2.8708,1,1168.7852,330.249,1,2.8687,1,1258.1272,396.3146,2.8698,
438025189950,7706.9,1324.3561,457.664,1,2.8899,1,1159.0693,328.0016,1,2.8662,1,1241.7127,392.8328,2.8781,
438025193949,7710.9,1337.4748,452.9444,1,2.8862,1,1155.9296,338.3662,1,2.8454,1,1246.7022,395.6553,2.8658,
438025197953,7714.9,1354.1779,447.9763,1,2.8915,1,1154.6955,327.9613,1,2.8944,1,1254.4367,387.9688,2.8929,
438025201952,7718.9,1372.4155,459.0593,1,2.8787,1,1165.7883,338.0482,1,2.8181,1,1269.1019,398.5537,2.8484,
438025205952,7722.9,1343.9691,465.2982,1,2.8327,1,1157.8307,314.0579,1,2.9217,1,1250.8999,389.678,2.8772,
438025209952,7726.9,1348.2858,470.6048,1,2.8505,1,1153.2399,319.9718,1,2.8857,1,1250.7628,395.2883,2.8681,
438025213953,7730.9,1328.3397,452.6414,1,2.9186,1,1168.4605,301.1327,1,2.9282,1,1248.4001,376.887,2.9234,
438025217952,7734.9,1335.0881,456.7592,1,2.8984,1,1171.5911,336.255,1,2.851,1,1253.3396,396.5071,2.8747,
438025221952,7738.9,1326.841,478.0755,1,2.8869,1,1183.9178,326.102,1,2.8661,1,1255.3794,402.0887,2.8765,
438025225952,7742.9,1344.2191,463.6584,1,2.9044,1,1162.107,322.7342,1,2.9129,1,1253.1631,393.1963,2.9087,
438025229952,7746.9,1333.5234,473.2604,1,2.9045,1,1164.6486,335.2365,1,2.8508,1,1249.086,404.2485,2.8776,
438025233952,7750.9,1322.5151,469.5798,1,2.9303,1,1176.9851,299.3054,1,2.9561,1,1249.7501,384.4426,2.9432,
438025237953,7754.9,1322.6437,455.2216,1,2.9351,1,1173.4948,337.5556,1,2.9106,1,1248.0692,396.3886,2.9228,
438025241952,7758.9,1329.1935,475.9079,1,2.894,1,1155.1672,323.2292,1,2.9021,1,1242.1803,399.5686,2.8981,
438025245952,7762.9,1351.3327,486.1074,1,2.8802,1,1174.1735,345.8456,1,2.8747,1,1262.7531,415.9765,2.8775,
438025249952,7766.9,1346.3655,480.8637,1,2.8847,1,1154.5594,312.8023,1,2.9508,1,1250.4624,396.833,2.9177,
438025253952,7770.9,1340.2874,474.5906,1,2.9413,1,1169.29,312.0187,1,2.9416,1,1254.7887,393.3046,2.9415,
438025257952,7774.9,1324.8856,481.8805,1,2.9051,1,1155.5777,291.8745,1,3.013,1,1240.2316,386.8775,2.959,
438025261953,7778.9,1329.3685,484.7119,1,2.8764,1,1159.7667,323.4358,1,2.9199,1,1244.5676,404.0738,2.8982,
438025265952,7782.9,1339.5573,474.8285,1,2.8873,1,1153.9468,300.7925,1,2.9693,1,1246.752,387.8105,2.9283,
438025269952,7786.9,1332.1892,471.5289,1,2.9086,1,1171.9247,344.9515,1,2.8839,1,1252.0569,408.2402,2.8962,
438025273952,7790.9,1345.6963,477.4911,1,2.8913,1,1177.1031,323.0055,1,2.9502,1,1261.3997,400.2483,2.9207,
438025277952,7794.9,1354.263,482.6531,1,2.9082,1,1163.5307,325.3384,1,2.9475,1,1258.8968,403.9958,2.9279,
438025281952,7798.9,1345.0709,509.6875,1,2.8642,1,1162.6604,336.703,1,2.9212,1,1253.8657,423.1953,2.8927,
438025285952,7802.9,1355.981,487.2999,1,2.9089,1,1159.7702,323.134,1,2.9259,1,1257.8756,405.2169,2.9174,
438025289953,7806.9,1347.6164,494.3413,1,2.868,1,1163.386,333.2292,1,2.9365,1,1255.5012,413.7853,2.9022,
438025293952,7810.9,1353.5235,482.3153,1,2.9151,1,1163.4283,332.2203,1,2.9273,1,1258.4759,407.2678,2.9212,
438025297952,7814.9,1338.6755,482.9734,1,2.8933,1,1161.967,330.6766,1,2.8974,1,1250.3213,406.825,2.8954,
438025301952,7818.9,1347.466,502.2081,1,2.8569,1,1180.2617,324.7169,1,2.9608,1,1263.8639,413.4625,2.9089,
438025305952,7822.9,1355.9554,490.696,1,2.9201,1,1175.7875,318.4118,1,2.9654,1,1265.8714,404.5539,2.9428,
438025309952,7826.9,1351.0286,496.1879,1,2.8697,1,1160.923,350.1791,1,2.9076,1,1255.9758,423.1835,2.8887,
438025313953,7830.9,1347.3549,486.1175,1,2.8769,1,1176.2477,327.0636,1,2.9643,1,1261.8013,406.5905,2.9206,
438025317952,7834.9,1346.2666,487.8144,1,2.9222,1,1183.2286,351.5974,1,2.9048,1,1264.7476,419.7059,2.9135,
438025321952,7838.9,1355.5599,486.2539,1,2.9227,1,1172.9767,327.0081,1,2.9765,1,1264.2683,406.631,2.9496,
438025325952,7842.9,1320.1421,474.4691,1,2.967,1,1158.0178,308.3854,1,3.0155,1,1239.08,391.4273,2.9913,
438025329951,7846.9,1356.313,497.126,1,2.8976,1,1167.7841,336.3462,1,2.9442,1,1262.0485,416.7361,2.9209,
438025333951,7850.9,1349.4139,492.328,1,2.9382,1,1169.0715,294.0917,1,3.0307,1,1259.2427,393.2098,2.9845,
438025337952,7854.9,1365.2346,468.7196,1,2.9498,1,1166.1399,342.2725,1,2.9351,1,1265.6873,405.4961,2.9424,
438025341951,7858.9,1350.0688,474.4084,1,2.9323,1,1144.65,317.5236,1,2.9896,1,1247.3594,395.966,2.9609,
438025345951,7862.9,1353.7953,465.6617,1,2.9631,1,1166.23,337.8195,1,2.9625,1,1260.0126,401.7406,2.9628,
438025349951,7866.9,1355.5586,468.1006,1,2.9682,1,1168.5743,307.1526,1,3.0107,1,1262.0665,387.6266,2.9894,
438025353951,7870.9,1359.468,476.3888,1,2.9551,1,1164.7676,306.2139,1,3.0057,1,1262.1178,391.3014,2.9804,
438025357951,7874.9,1359.1528,478.0075,1,2.9118,1,1166.7375,311.2649,1,2.9835,1,1262.9451,394.6362,2.9476,
438025361952,7878.9,1346.7384,439.7452,1,3.0382,1,1166.1506,315.0074,1,2.9816,1,1256.4445,377.3763,3.0099,
438025365951,7882.9,1328.3788,447.0524,1,3.03,1,1167.7986,337.1763,1,2.923,1,1248.0887,392.1144,2.9765,
438025369951,7886.9,1362.213,458.6125,1,2.9804,1,1173.7265,334.5745,1,2.9874,1,1267.9698,396.5935,2.9839,
438025373951,7890.9,1346.1532,457.128,1,3.0102,1,1160.8187,310.8669,1,3.0106,1,1253.486,383.9975,3.0104,
438025377951,7894.9,1340.7323,463.9844,1,2.9847,1,1178.1797,334.9109,1,2.9904,1,1259.456,399.4477,2.9875,
438025381951,7898.9,1332.2213,463.6753,1,3.007,1,1160.9372,320.6623,1,3.0438,1,1246.5792,392.1688,3.0254,
438025385952,7902.9,1339.8569,467.9468,1,3.0169,1,1167.2541,315.8017,1,3.0108,1,1253.5555,391.8743,3.0138,
438025389951,7906.9,1331.5102,479.32,1,3.0037,1,1163.2755,328.631,1,3.0128,1,1247.3928,403.9755,3.0082,
438025393951,7910.9,1335.6595,485.2432,1,3.0215,1,1173.4559,345.1712,1,2.9683,1,1254.5577,415.2072,2.9949,
438025397951,7914.9,1343.8768,488.1682,1,3.0023,1,1173.7006,308.375,1,3.0672,1,1258.7887,398.2716,3.0347,
438025401951,7918.9,1367.0145,468.2667,1,3.0518,1,1174.4103,326.8886,1,3.0323,1,1270.7124,397.5777,3.0421,
438025405951,7922.9,1345.5955,500.0422,1,2.9594,1,1173.9174,337.8106,1,3.0311,1,1259.7565,418.9264,2.9952,
438025409960,7926.9,1364.4478,484.3478,1,3.0349,1,1167.2374,350.9974,1,2.9889,1,1265.8426,417.6726,3.0119,
438025413951,7930.9,1352.1111,468.0614,1,3.0705,1,1169.6522,311.1427,1,3.0393,1,1260.8817,389.6021,3.0549,
438025417950,7934.9,1353.489,477.2997,1,3.0291,1,1160.1132,314.1553,1,3.0798,1,1256.8011,395.7275,3.0545,
438025421951,7938.9,1340.3574,456.0457,1,3.0581,1,1171.5787,320.0402,1,3.0757,1,1255.9681,388.0429,3.0669,
438025425960,7942.9,1334.1498,467.5754,1,3.0745,1,1170.2597,342.6211,1,3.0139,1,1252.2047,405.0982,3.0442,
438025429951,7946.9,1342.4556,479.2161,1,2.985,1,1165.5709,324.6996,1,3.0479,1,1254.0133,401.9578,3.0164,
438025433952,7950.9,1342.5365,455.3023,1,3.0617,1,1162.2857,325.6817,1,3.0754,1,1252.4111,390.492,3.0686,
438025437952,7954.9,1335.7958,451.1132,1,3.0303,1,1168.766,337.2394,1,3.0476,1,1252.2809,394.1763,3.039,
438025441951,7958.9,1353.3357,442.8672,1,3.0886,1,1147.9279,321.2859,1,3.0758,1,1250.6318,382.0765,3.0822,
438025445951,7962.9,1325.7809,469.5076,1,3.0479,1,1157.8504,338.3916,1,3.0237,1,1241.8156,403.9496,3.0358,
438025449951,7966.9,1339.9479,456.6125,1,3.0529,1,1147.7357,329.4442,1,3.0647,1,1243.8418,393.0284,3.0588,
438025453951,7970.9,1352.5307,476.0239,1,3.0154,1,1158.8893,325.9214,1,3.0639,1,1255.71,400.9727,3.0397,
438025457952,7974.9,1322.5509,465.4856,1,3.0568,1,1164.0938,315.5678,1,3.0845,1,1243.3224,390.5267,3.0707,
438025461951,7978.9,1346.3238,456.579,1,3.0916,1,1167.0947,315.002,1,3.0766,1,1256.7093,385.7905,3.0841,
438025465951,7982.9,1325.6418,464.5059,1,3.1143,1,1167.3228,351.0853,1,2.9961,1,1246.4823,407.7956,3.0552,
438025469951,7986.9,1350.7958,489.4185,1,3.0157,1,1156.8338,318.7013,1,3.0737,1,1253.8148,404.0599,3.0447,
438025473951,7990.9,1355.9517,461.2395,1,3.0329,1,1160.8165,317.2135,1,3.0727,1,1258.3841,389.2265,3.0528,
438025477951,7994.9,1356.7306,452.5852,1,3.0583,1,1158.9457,326.196,1,3.0748,1,1257.8382,389.3906,3.0666,
438025481952,7998.9,1343.4729,465.163,1,3.0424,1,1164.7506,318.8508,1,3.0745,1,1254.1117,392.0069,3.0585,
438025485952,8002.9,1344.2395,453.7735,1,3.1262,1,1156.1478,332.3577,1,3.0557,1,1250.1937,393.0656,3.091,
438025489951,8006.9,1341.2815,470.4199,1,3.0548,1,1162.2551,329.6337,1,3.0586,1,1251.7683,400.0268,3.0567,
438025493951,8010.9,1338.4197,476.0491,1,3.0094,1,1171.822,335.7187,1,3.0807,1,1255.1209,405.8839,3.0451,
438025497951,8014.9,1348.3646,447.8665,1,3.1248,1,1164.2325,345.9895,1,3.0392,1,1256.2986,396.928,3.082,
438025501951,8018.9,1330.4533,446.8121,1,3.0983,1,1167.7763,329.1316,1,3.0646,1,1249.1148,387.9718,3.0814,
438025505951,8022.9,1353.1676,453.8669,1,3.0522,1,1166.4521,331.8587,1,3.0822,1,1259.8099,392.8628,3.0672,
438025509952,8026.9,1348.0447,483.1238,1,3.0384,1,1158.6142,325.778,1,3.0558,1,1253.3294,404.4509,3.0471,
438025513952,8030.9,1348.2784,474.9146,1,3.0746,1,1170.1203,344.7668,1,3.0399,1,1259.1993,409.8407,3.0573,
438025517951,8034.9,1356.4398,484.4562,1,3.0151,1,1159.917,337.1868,1,3.0517,1,1258.1784,410.8215,3.0334,
438025521960,8038.9,1361.9291,456.0127,1,3.0741,1,1157.8377,338.2742,1,3.0583,1,1259.8834,397.1435,3.0662,
438025525952,8042.9,1359.5083,486.3316,1,3.0348,1,1157.7342,326.993,1,3.0658,1,1258.6213,406.6623,3.0503,
438025529952,8046.9,1347.6086,467.4927,1,3.0651,1,1159.0806,319.2116,1,3.1212,1,1253.3446,393.3521,3.0931,
438025533953,8050.9,1342.6536,470.9123,1,3.0598,1,1166.6259,337.7798,1,3.0662,1,1254.6398,404.346,3.063,
438025537953,8054.9,1342.1911,468.6494,1,3.0518,1,1167.2581,335.6604,1,3.0627,1,1254.7246,402.1549,3.0572,
438025541951,8058.9,1340.9896,461.8469,1,3.0595,1,1170.1638,338.7839,1,3.0314,1,1255.5767,400.3154,3.0455,
438025545952,8062.9,1361.6548,453.1107,1,3.1047,1,1152.3647,330.996,1,3.0711,1,1257.0097,392.0534,3.0879,
438025549952,8066.9,1347.933,485.5527,1,3.0365,1,1154.1243,327.6059,1,3.0683,1,1251.0286,406.5793,3.0524,
438025553951,8070.9,1343.0547,461.876,1,3.0215,1,1166.682,318.2231,1,3.0743,1,1254.8684,390.0496,3.0479,
438025557953,8074.9,1336.6528,471.2475,1,3.0578,1,1167.1095,334.6805,1,3.0168,1,1251.8811,402.964,3.0373,
438025561952,8078.9,1343.199,468.4374,1,3.0392,1,1168.3107,343.4705,1,3.0202,1,1255.7549,405.9539,3.0297,
438025565952,8082.9,1348.3215,486.0511,1,2.993,1,1162.3624,335.7906,1,3.0208,1,1255.342,410.9209,3.0069,
438025569951,8086.9,1329.5154,480.647,1,3.0427,1,1177.5705,331.4131,1,3.0357,1,1253.543,406.03,3.0392,
438025573952,8090.9,1337.6517,492.3524,1,3.0099,1,1168.4855,323.6617,1,3.0806,1,1253.0686,408.007,3.0452,
438025577952,8094.9,1317.006,471.2256,1,3.0413,1,1160.3659,337.3954,1,3.0413,1,1238.686,404.3105,3.0413,
438025581952,8098.9,1337.9131,459.8274,1,3.0284,1,1167.7572,319.7961,1,3.0609,1,1252.8351,389.8118,3.0446,
438025585952,8102.9,1350.6893,465.9171,1,3.0157,1,1163.6245,333.5273,1,3.0215,1,1257.1569,399.7222,3.0186,
438025589952,8106.9,1346.4979,479.7788,1,2.9973,1,1154.1983,306.2777,1,3.1114,1,1250.3481,393.0282,3.0544,
438025593953,8110.9,1337.2561,464.9385,1,3.0336,1,1154.3476,352.2969,1,2.9794,1,1245.8018,408.6177,3.0065,
438025597953,8114.9,1347.6399,475.7476,1,3.0042,1,1153.737,329.153,1,3.0532,1,1250.6885,402.4503,3.0287,
438025601952,8118.9,1353.716,486.0026,1,2.9697,1,1163.0498,310.512,1,3.0678,1,1258.3829,398.2573,3.0187,
438025605954,8122.9,1343.67,475.2727,1,2.9979,1,1162.1952,328.9792,1,3.0418,1,1252.9326,402.126,3.0198,
438025609953,8126.9,1341.1356,479.1582,1,2.9625,1,1174.5144,335.0759,1,3.0071,1,1257.825,407.1171,2.9848,
438025613960,8130.9,1336.9107,469.3872,1,3.0417,1,1150.6589,304.4333,1,3.081,1,1243.7848,386.9103,3.0614,
438025617952,8134.9,1342.6294,484.6423,1,3.0036,1,1167.0676,340.4243,1,2.9706,1,1254.8485,412.5333,2.9871,
438025621952,8138.9,1354.0273,499.9187,1,2.9557,1,1169.9589,340.315,1,3.0173,1,1261.9931,420.1168,2.9865,
438025625951,8142.9,1337.735,486.74,1,2.9586,1,1156.4073,321.0879,1,3.0148,1,1247.0712,403.9139,2.9867,
438025629953,8146.9,1336.7326,470.7399,1,3.0164,1,1166.135,309.3972,1,3.032,1,1251.4338,390.0685,3.0242,
438025633952,8150.9,1346.6735,485.1192,1,2.9742,1,1184.8092,332.0277,1,3.0029,1,1265.7414,408.5735,2.9885,
438025637951,8154.9,1331.9844,492.0316,1,2.99,1,1175.0852,346.0058,1,2.9808,1,1253.5348,419.0187,2.9854,
438025641952,8158.9,1343.0229,468.6102,1,3.0089,1,1192.1735,335.4984,1,3.0147,1,1267.5982,402.0543,3.0118,
438025645951,8162.9,1332.2146,493.5519,1,2.9624,1,1173.0391,331.4089,1,2.994,1,1252.6269,412.4804,2.9782,
438025649952,8166.9,1333.9542,491.2317,1,2.9488,1,1171.6335,320.1317,1,3.0203,1,1252.7939,405.6817,2.9845,
438025653954,8170.9,1329.8506,482.2131,1,2.9866,1,1168.3777,346.5081,1,2.9642,1,1249.1142,414.3606,2.9754,
438025657953,8174.9,1327.6251,470.7711,1,3.0267,1,1157.9543,336.0078,1,2.9508,1,1242.7897,403.3894,2.9887,
438025661952,8178.9,1332.0458,485.5119,1,2.9266,1,1158.1229,333.9593,1,2.9569,1,1245.0843,409.7356,2.9418,
438025665952,8182.9,1323.931,479.5237,1,3.0103,1,1175.5688,333.5941,1,2.97,1,1249.7499,406.5589,2.9902,
438025669953,8186.9,1334.1465,464.7256,1,2.9825,1,1176.609,322.241,1,3.0,1,1255.3777,393.4833,2.9912,
438025673952,8190.9,1344.3527,465.5366,1,2.9486,1,1175.8182,339.6489,1,2.9904,1,1260.0854,402.5928,2.9695,
438025677954,8194.9,1350.2447,483.3979,1,2.9517,1,1163.2423,332.939,1,2.9945,1,1256.7435,408.1685,2.9731,
438025681954,8198.9,1335.4956,459.8866,1,2.9634,1,1161.0707,340.2988,1,3.0022,1,1248.2832,400.0927,2.9828,
438025685954,8202.9,1335.008,473.2639,1,2.9723,1,1166.3814,359.5831,1,2.9236,1,1250.6947,416.4235,2.948,
438025689953,8206.9,1325.639,483.5843,1,2.9166,1,1139.3748,348.6863,1,2.9715,1,1232.5069,416.1353,2.9441,
438025693952,8210.9,1326.9294,449.5246,1,2.999,1,1179.3478,343.4654,1,2.963,1,1253.1386,396.495,2.981,
438025697953,8214.9,1334.0331,471.7694,1,2.9538,1,1163.4541,339.9132,1,3.0032,1,1248.7436,405.8413,2.9785,
438025701953,8218.9,1325.9007,480.2959,1,2.9667,1,1166.3369,317.5776,1,2.9925,1,1246.1188,398.9367,2.9796,
438025705953,8222.9,1359.4686,484.2047,1,2.9132,1,1162.8719,335.8523,1,2.9569,1,1261.1703,410.0285,2.9351,
438025709954,8226.9,1328.9843,481.1864,1,2.95,1,1165.0667,327.4373,1,2.9691,1,1247.0255,404.3118,2.9596,
438025713952,8230.9,1349.5628,464.2327,1,2.97,1,1168.0078,346.8398,1,2.9584,1,1258.7853,405.5363,2.9642,
438025717952,8234.9,1334.3524,470.3252,1,2.9092,1,1161.4031,316.6976,1,3.0051,1,1247.8777,393.5114,2.9571,
438025721948,8238.9,1342.7482,479.5657,1,2.8959,1,1153.4592,290.8736,1,3.0661,1,1248.1037,385.2196,2.981,
438025725948,8242.9,1329.7176,460.3583,1,2.9515,1,1159.238,339.4309,1,2.9438,1,1244.4778,399.8946,2.9477,
438025729949,8246.9,1341.4587,449.1491,1,2.9619,1,1148.1465,352.2277,1,2.9236,1,1244.8026,400.6884,2.9427,
438025733949,8250.9,1349.3177,461.1403,1,2.9388,1,1169.4913,327.5252,1,2.9817,1,1259.4045,394.3328,2.9603,
438025737948,8254.9,1336.6438,457.613,1,2.9745,1,1168.5019,322.8779,1,2.9909,1,1252.5728,390.2455,2.9827,
438025741947,8258.9,1343.0715,472.404,1,2.9323,1,1168.6015,313.0131,1,3.0045,1,1255.8365,392.7085,2.9684,
438025745947,8262.9,1337.4974,475.1783,1,2.9538,1,1166.075,314.5015,1,2.9847,1,1251.7862,394.8399,2.9693,
438025749947,8266.9,1336.4101,471.8544,1,2.9561,1,1150.0889,322.2867,1,2.9809,1,1243.2495,397.0705,2.9685,
438025753948,8270.9,1339.7495,475.4273,1,2.954,1,1171.9785,335.2982,1,2.9402,1,1255.864,405.3627,2.9471,
438025757949,8274.9,1330.144,481.9541,1,2.9339,1,1161.2801,336.5927,1,2.9808,1,1245.7121,409.2734,2.9573,
438025761948,8278.9,1314.7207,468.7415,1,2.949,1,1154.9887,300.4546,1,3.0413,1,1234.8547,384.5981,2.9952,
438025765948,8282.9,1320.1435,477.0566,1,2.9657,1,1162.4898,340.5368,1,2.9602,1,1241.3167,408.7967,2.963,
438025769948,8286.9,1340.2227,471.2953,1,2.9547,1,1164.1961,335.367,1,2.9422,1,1252.2094,403.3312,2.9485,
438025773948,8290.9,1321.0546,462.9248,1,2.9793,1,1172.7044,331.6349,1,2.9682,1,1246.8795,397.2799,2.9738,
438025777949,8294.9,1329.8522,467.1897,1,2.9495,1,1165.2101,324.6901,1,2.9592,1,1247.5311,395.9399,2.9544,
438025781949,8298.9,1320.0914,486.2226,1,2.9419,1,1165.4101,316.6892,1,2.9874,1,1242.7508,401.4559,2.9647,
438025785948,8302.9,1320.6736,464.4545,1,2.9721,1,1174.5536,330.5787,1,2.9835,1,1247.6136,397.5166,2.9778,
438025789948,8306.9,1325.8177,463.5796,1,2.9794,1,1167.5953,317.2463,1,2.9935,1,1246.7065,390.4129,2.9864,
438025793948,8310.9,1330.8206,478.0225,1,2.9236,1,1159.4394,319.748,1,2.9984,1,1245.13,398.8853,2.961,
438025797948,8314.9,1340.3287,490.753,1,2.9201,1,1158.0462,333.0962,1,2.9624,1,1249.1875,411.9246,2.9413,
438025801950,8318.9,1339.8792,468.7127,1,2.9268,1,1171.8076,336.0806,1,2.9481,1,1255.8434,402.3967,2.9374,
438025805950,8322.9,1354.5331,463.1708,1,2.9458,1,1176.2266,318.3892,1,3.006,1,1265.3799,390.78,2.9759,
438025809948,8326.9,1342.764,456.5796,1,2.9099,1,1168.135,342.3311,1,2.9569,1,1255.4495,399.4553,2.9334,
438025813949,8330.9,1359.145,473.1289,1,2.8927,1,1177.3672,354.6477,1,2.9337,1,1268.2561,413.8883,2.9132,
438025817948,8334.9,1336.2229,472.2598,1,2.9428,1,1165.0937,329.0001,1,2.9894,1,1250.6583,400.6299,2.9661,
438025821949,8338.9,1352.5336,460.9727,1,2.9575,1,1175.5582,363.9103,1,2.9274,1,1264.0459,412.4415,2.9425,
438025825950,8342.9,1355.3793,466.6343,1,2.9389,1,1175.4993,333.7237,1,2.9615,1,1265.4393,400.179,2.9502,
438025829949,8346.9,1332.9555,480.5309,1,2.9684,1,1175.5326,344.7923,1,2.9237,1,1254.2441,412.6616,2.946,
438025833949,8350.9,1334.4776,490.2932,1,2.9239,1,1164.2645,347.4519,1,2.8996,1,1249.371,418.8725,2.9118,
438025837948,8354.9,1331.8374,481.5388,1,2.9174,1,1174.8523,349.4089,1,2.897,1,1253.3449,415.4739,2.9072,
438025841948,8358.9,1347.8051,461.2446,1,2.905,1,1163.3694,337.4049,1,2.9462,1,1255.5873,399.3248,2.9256,
438025845948,8362.9,1322.9518,450.7262,1,2.9485,1,1160.3456,303.5191,1,3.0453,1,1241.6487,377.1227,2.9969,
438025849948,8366.9,1331.5005,439.5342,1,2.9641,1,1159.5741,359.2576,1,2.9164,1,1245.5373,399.3959,2.9403,
438025853950,8370.9,1334.6158,452.4919,1,2.9722,1,1174.0168,371.5858,1,2.882,1,1254.3163,412.0388,2.9271,
438025857949,8374.9,1342.8262,444.3376,1,2.9641,1,1168.0077,348.9762,1,2.9749,1,1255.4169,396.6569,2.9695,
438025861949,8378.9,1338.1043,450.9705,1,2.9612,1,1165.3761,350.0478,1,2.9004,1,1251.7402,400.5091,2.9308,
438025865949,8382.9,1335.9196,470.4504,1,2.9091,1,1176.4674,345.2544,1,2.9614,1,1256.1935,407.8524,2.9352,
438025869949,8386.9,1335.598,472.1096,1,2.9458,1,1171.9149,319.7481,1,2.9917,1,1253.7564,395.9288,2.9688,
438025873950,8390.9,1330.9117,462.2131,1,2.9638,1,1148.1879,305.8738,1,3.0293,1,1239.5498,384.0434,2.9966,
438025877950,8394.9,1336.6379,475.4062,1,2.9093,1,1167.338,340.9852,1,2.9518,1,1251.9879,408.1957,2.9305,
438025881950,8398.9,1343.2378,476.9566,1,2.9583,1,1169.7473,316.7027,1,2.9806,1,1256.4926,396.8297,2.9695,
438025885950,8402.9,1327.0087,464.7903,1,2.9865,1,1180.8354,313.5821,1,3.031,1,1253.922,389.1862,3.0088,
438025889950,8406.9,1330.8769,472.8719,1,2.9324,1,1184.5148,345.707,1,2.922,1,1257.6958,409.2895,2.9272,
438025893950,8410.9,1340.2042,496.2923,1,2.8621,1,1176.61,331.888,1,2.9336,1,1258.4071,414.0901,2.8978,
438025897950,8414.9,1320.1694,476.4849,1,2.9566,1,1177.3472,332.0487,1,2.9641,1,1248.7583,404.2668,2.9603,
438025901951,8418.9,1340.7225,477.1062,1,2.9104,1,1167.9286,334.0603,1,2.9786,1,1254.3256,405.5832,2.9445,
438025905951,8422.9,1344.3818,475.2086,1,2.9296,1,1172.4084,351.0866,1,2.9107,1,1258.3951,413.1476,2.9202,
438025909949,8426.9,1339.6631,487.6812,1,2.9358,1,1169.2685,334.1042,1,2.9596,1,1254.4658,410.8927,2.9477,
438025913949,8430.9,1334.085,481.6888,1,2.9384,1,1168.7932,311.8705,1,3.0086,1,1251.4391,396.7797,2.9735,
438025917949,8434.9,1346.3769,477.46,1,2.9372,1,1174.075,349.9753,1,2.9272,1,1260.226,413.7176,2.9322,
438025921950,8438.9,1343.7934,468.7306,1,2.8991,1,1165.5615,322.2719,1,2.9905,1,1254.6775,395.5013,2.9448,
438025925951,8442.9,1344.521,465.4261,1,2.9551,1,1160.5589,316.3073,1,3.0011,1,1252.5399,390.8667,2.9781,
438025929951,8446.9,1345.7685,448.627,1,2.9666,1,1163.3827,316.3083,1,3.0128,1,1254.5756,382.4676,2.9897,
438025933950,8450.9,1323.3338,435.6061,1,3.0225,1,1164.7555,330.4294,1,2.9801,1,1244.0446,383.0178,3.0013,
438025937949,8454.9,1351.2191,475.7529,1,2.8848,1,1167.014,308.4423,1,3.011,1,1259.1166,392.0976,2.9479,
438025941949,8458.9,1343.9338,483.0698,1,2.9277,1,1185.6208,333.6044,1,2.965,1,1264.7773,408.3371,2.9463,
438025945949,8462.9,1328.4297,480.8955,1,2.9852,1,1177.1741,327.2779,1,2.9917,1,1252.8019,404.0867,2.9884,
438025949950,8466.9,1355.7133,479.7174,1,2.9508,1,1168.9426,321.383,1,2.9925,1,1262.328,400.5502,2.9716,
438025953950,8470.9,1331.9942,495.4829,1,2.9369,1,1160.2453,319.8097,1,2.9774,1,1246.1197,407.6463,2.9571,
438025957949,8474.9,1332.6169,481.3512,1,2.9467,1,1164.1154,320.615,1,3.0104,1,1248.3662,400.9831,2.9785,
438025961949,8478.9,1338.9179,487.7176,1,2.9332,1,1175.3395,337.2865,1,2.9696,1,1257.1287,412.502,2.9514,
438025965949,8482.9,1344.945,494.5278,1,2.9277,1,1175.8379,326.1168,1,2.9959,1,1260.3914,410.3223,2.9618,
438025969950,8486.9,1344.0658,483.6541,1,2.9499,1,1161.4616,326.9593,1,2.9714,1,1252.7637,405.3067,2.9607,
438025973951,8490.9,1323.9948,479.5609,1,2.9902,1,1158.3658,324.2519,1,3.0235,1,1241.1803,401.9064,3.0069,
438025977951,8494.9,1336.287,463.1555,1,3.037,1,1172.6521,318.6597,1,3.0381,1,1254.4695,390.9076,3.0375,
438025981950,8498.9,1358.0001,474.0628,1,2.9688,1,1173.6959,328.0596,1,2.9855,1,1265.848,401.0612,2.9772,
438025985951,8502.9,1346.4833,469.2407,1,3.0037,1,1168.7581,321.296,1,2.9996,1,1257.6207,395.2684,3.0016,
438025989951,8506.9,1327.7222,463.0843,1,3.0143,1,1176.4687,320.8951,1,3.026,1,1252.0955,391.9897,3.0201,
438025993951,8510.9,1335.4338,465.7353,1,3.0202,1,1168.4008,341.2702,1,2.9866,1,1251.9173,403.5027,3.0034,
438025997952,8514.9,1337.2926,458.8052,1,3.02,1,1162.9016,334.9171,1,2.9846,1,1250.0971,396.8611,3.0023,
438026001952,8518.9,1349.8363,483.9306,1,2.9447,1,1180.6108,327.5685,1,2.9959,1,1265.2236,405.7495,2.9703,
438026005951,8522.9,1352.7616,444.7695,1,3.073,1,1174.5956,336.2211,1,3.0073,1,1263.6786,390.4953,3.0401,
438026009951,8526.9,1328.6912,458.5123,1,3.0258,1,1169.7218,350.0872,1,2.9646,1,1249.2065,404.2997,2.9952,
438026013951,8530.9,1337.6134,470.2392,1,2.9838,1,1181.8624,323.1658,1,3.0227,1,1259.7379,396.7025,3.0032,
438026017951,8534.9,1332.1392,456.9036,1,2.9992,1,1184.2947,333.6903,1,2.9807,1,1258.217,395.2969,2.99,
438026021953,8538.9,1336.9684,472.654,1,2.9715,1,1175.1585,333.8989,1,3.0015,1,1256.0635,403.2765,2.9865,
438026025952,8542.9,1337.4364,465.7459,1,2.9877,1,1177.3452,344.8138,1,3.017,1,1257.3908,405.2798,3.0023,
438026029951,8546.9,1341.4268,472.2416,1,3.002,1,1154.3941,320.824,1,3.0589,1,1247.9105,396.5328,3.0304,
438026033951,8550.9,1344.5987,459.037,1,2.995,1,1162.1049,328.7985,1,3.0547,1,1253.3518,393.9177,3.0249,
438026037952,8554.9,1353.0614,476.9506,1,2.9758,1,1159.6614,338.6272,1,3.0033,1,1256.3614,407.7889,2.9895,
438026041951,8558.9,1332.3498,487.5843,1,2.9566,1,1176.138,313.2686,1,3.0475,1,1254.2439,400.4264,3.0021,
438026045952,8562.9,1345.0969,485.4674,1,2.9401,1,1168.1854,334.9286,1,3.019,1,1256.6412,410.198,2.9795,
438026049953,8566.9,1340.0771,463.6291,1,3.0248,1,1160.5837,326.9216,1,3.0327,1,1250.3304,395.2754,3.0288,
438026053951,8570.9,1333.3023,478.1964,1,3.0052,1,1169.0321,320.4627,1,3.0658,1,1251.1672,399.3295,3.0355,
438026057952,8574.9,1325.8585,486.5828,1,2.9739,1,1169.7806,336.968,1,3.0123,1,1247.8195,411.7754,2.9931,
438026061960,8578.9,1343.5612,461.1815,1,3.0399,1,1167.0966,344.1007,1,3.0057,1,1255.3289,402.6411,3.0228,
438026065960,8582.9,1343.0365,471.9767,1,3.035,1,1176.1828,350.2413,1,3.009,1,1259.6096,411.109,3.022,
438026069953,8586.9,1324.0747,462.2725,1,3.0533,1,1163.6093,326.3743,1,3.0388,1,1243.842,394.3234,3.0461,
438026073953,8590.9,1326.1146,467.4398,1,3.0296,1,1163.3186,349.07,1,3.0312,1,1244.7166,408.2549,3.0304,
438026077951,8594.9,1335.8124,462.8519,1,3.0284,1,1163.2559,329.2427,1,3.064,1,1249.5341,396.0473,3.0462,
438026081951,8598.9,1317.2183,466.081,1,3.0871,1,1172.5469,350.2398,1,2.9903,1,1244.8826,408.1604,3.0387,
438026085950,8602.9,1317.0213,461.6212,1,3.0705,1,1162.0721,353.2313,1,3.0133,1,1239.5467,407.4263,3.0419,
438026089951,8606.9,1319.202,484.8603,1,3.0252,1,1167.4072,342.7926,1,3.0312,1,1243.3046,413.8265,3.0282,
438026093951,8610.9,1339.6829,465.8127,1,3.0788,1,1164.6062,341.8486,1,3.0192,1,1252.1445,403.8306,3.049,
438026097951,8614.9,1342.4335,466.7789,1,3.048,1,1165.0631,344.7385,1,3.0599,1,1253.7483,405.7587,3.0539,
438026101952,8618.9,1326.4129,491.2017,1,3.0267,1,1173.4554,346.1797,1,3.0161,1,1249.9342,418.6907,3.0214,
438026105951,8622.9,1332.2123,473.108,1,3.07,1,1165.4337,329.6328,1,3.0699,1,1248.823,401.3704,3.07,
438026109951,8626.9,1331.8633,500.4608,1,2.9855,1,1182.9837,338.4758,1,3.0427,1,1257.4235,419.4683,3.0141,
438026113950,8630.9,1328.1451,481.9244,1,3.0741,1,1162.6884,341.9815,1,3.0466,1,1245.4167,411.9529,3.0604,
438026117952,8634.9,1339.0126,482.2945,1,3.0692,1,1166.7319,332.8003,1,3.0715,1,1252.8723,407.5474,3.0703,
438026121952,8638.9,1332.8793,470.7559,1,3.0858,1,1172.8825,340.1048,1,3.0647,1,1252.8809,405.4304,3.0752,
438026125953,8642.9,1351.7347,479.6339,1,3.063,1,1177.434,322.7704,1,3.083,1,1264.5843,401.2021,3.073,
438026129952,8646.9,1328.8517,471.0821,1,3.1074,1,1169.193,336.3549,1,3.0379,1,1249.0223,403.7185,3.0726,
438026133952,8650.9,1342.3925,483.0131,1,3.0471,1,1182.0945,339.7551,1,3.0592,1,1262.2435,411.3841,3.0532,
438026137952,8654.9,1337.0892,481.2296,1,3.0757,1,1173.8443,335.9279,1,3.0915,1,1255.4668,408.5788,3.0836,
438026141952,8658.9,1335.8631,472.72,1,3.0841,1,1170.5427,333.2138,1,3.0652,1,1253.2029,402.9669,3.0746,
438026145952,8662.9,1364.9295,479.0418,1,3.0788,1,1168.3828,339.47,1,3.0745,1,1266.6562,409.2559,3.0766,
438026149952,8666.9,1345.9197,469.3113,1,3.0648,1,1163.9767,318.8676,1,3.0863,1,1254.9482,394.0895,3.0756,
438026153951,8670.9,1343.0269,458.6067,1,3.095,1,1184.5624,349.8524,1,3.0499,1,1263.7946,404.2296,3.0724,
438026157951,8674.9,1326.4366,474.3289,1,3.0602,1,1175.79,321.3891,1,3.0817,1,1251.1133,397.859,3.071,
438026161951,8678.9,1337.0721,489.7212,1,3.0482,1,1172.7078,334.1266,1,3.0734,1,1254.8899,411.9239,3.0608,
438026165951,8682.9,1344.2884,462.6454,1,3.0836,1,1162.5739,327.2065,1,3.0872,1,1253.4311,394.9259,3.0854,
438026169952,8686.9,1337.8629,460.971,1,3.0575,1,1165.6601,331.1248,1,3.1233,1,1251.7615,396.0479,3.0904,
438026173952,8690.9,1350.0055,468.9543,1,3.0768,1,1161.3173,328.9038,1,3.1027,1,1255.6614,398.929,3.0898,
438026177951,8694.9,1342.2308,445.3866,1,3.1158,1,1180.0208,316.9594,1,3.1469,1,1261.1258,381.173,3.1313,
438026181951,8698.9,1342.9343,457.1832,1,3.11,1,1171.6053,344.2481,1,3.0883,1,1257.2698,400.7156,3.0991,
438026185952,8702.9,1338.1793,478.4985,1,3.074,1,1164.7619,319.731,1,3.1467,1,1251.4706,399.1148,3.1103,
438026189952,8706.9,1325.7247,454.1157,1,3.0889,1,1162.7238,346.7315,1,3.077,1,1244.2243,400.4236,3.0829,
438026193953,8710.9,1329.5365,473.5396,1,3.0717,1,1168.0757,329.2142,1,3.1062,1,1248.8061,401.3769,3.089,
438026197953,8714.9,1328.3501,455.7581,1,3.0809,1,1144.3651,341.2882,1,3.0913,1,1236.3576,398.5232,3.0861,
438026201952,8718.9,1332.5979,464.2574,1,3.0793,1,1153.4307,332.8975,1,3.112,1,1243.0143,398.5774,3.0956,
438026205952,8722.9,1322.6681,466.8905,1,3.1317,1,1155.5594,334.5479,1,3.1178,1,1239.1137,400.7192,3.1247,
438026209952,8726.9,1333.2092,474.3139,1,3.0765,1,1157.6288,333.7699,1,3.093,1,1245.419,404.0419,3.0848,
438026213952,8730.9,1327.5441,438.9791,1,3.1707,1,1169.527,348.6062,1,3.0659,1,1248.5355,393.7927,3.1183,
438026217953,8734.9,1321.8818,443.4901,1,3.1484,1,1166.9076,330.466,1,3.0976,1,1244.3947,386.978,3.123,
438026221953,8738.9,1331.0771,474.9587,1,3.0857,1,1165.8587,345.22,1,3.1008,1,1248.4679,410.0894,3.0933,
438026225952,8742.9,1345.0939,480.1352,1,3.0837,1,1166.1514,324.2745,1,3.1177,1,1255.6226,402.2048,3.1007,
438026229952,8746.9,1330.2554,467.2923,1,3.1291,1,1169.5589,344.3409,1,3.0369,1,1249.9072,405.8166,3.083,
438026233952,8750.9,1332.5625,482.7259,1,3.109,1,1175.5712,345.2901,1,3.0579,1,1254.0669,414.008,3.0835,
438026237951,8754.9,1341.8574,479.7709,1,3.0874,1,1165.5795,331.5735,1,3.0627,1,1253.7185,405.6722,3.0751,
438026241952,8758.9,1340.7273,477.1588,1,3.1197,1,1174.7099,339.0658,1,3.0957,1,1257.7186,408.1123,3.1077,
438026245950,8762.9,1347.2871,473.0633,1,3.1092,1,1166.0456,340.0411,1,3.0744,1,1256.6663,406.5522,3.0918,
438026249950,8766.9,1351.5372,480.5497,1,3.1186,1,1160.1005,331.5871,1,3.1039,1,1255.8188,406.0684,3.1113,
438026253950,8770.9,1329.225,465.8713,1,3.1605,1,1171.9836,351.7734,1,3.0783,1,1250.6043,408.8224,3.1194,
438026257950,8774.9,1328.2757,469.3671,1,3.1399,1,1175.1152,338.5452,1,3.0637,1,1251.6954,403.9561,3.1018,
438026261950,8778.9,1336.9312,461.3636,1,3.1712,1,1169.9324,360.2587,1,3.0389,1,1253.4318,410.8112,3.105,
438026265951,8782.9,1335.6976,472.9109,1,3.1117,1,1167.4883,351.6592,1,3.0641,1,1251.5929,412.285,3.0879,
438026269951,8786.9,1345.6654,467.8549,1,3.1067,1,1177.5326,363.8022,1,3.0255,1,1261.599,415.8286,3.0661,
438026273951,8790.9,1344.9767,465.7876,1,3.1165,1,1162.9134,343.1284,1,3.0899,1,1253.945,404.458,3.1032,
438026277950,8794.9,1337.3704,473.3705,1,3.1053,1,1174.1882,338.327,1,3.0934,1,1255.7793,405.8487,3.0993,
438026281951,8798.9,1345.9237,489.1985,1,3.1009,1,1168.628,334.8151,1,3.1073,1,1257.2758,412.0068,3.1041,
438026285950,8802.9,1331.7411,459.754,1,3.1276,1,1169.9248,324.5114,1,3.1169,1,1250.8329,392.1327,3.1222,
438026289950,8806.9,1351.4603,456.4932,1,3.1484,1,1162.4168,333.0467,1,3.0891,1,1256.9385,394.77,3.1187,
438026293951,8810.9,1338.5405,481.7752,1,3.0669,1,1173.407,330.8217,1,3.1133,1,1255.9737,406.2984,3.0901,
438026297951,8814.9,1349.1365,456.1121,1,3.1535,1,1173.8398,339.7804,1,3.0457,1,1261.4882,397.9463,3.0996,
438026301950,8818.9,1334.3175,476.0969,1,3.1233,1,1164.1672,342.2512,1,3.0859,1,1249.2423,409.174,3.1046,
438026305950,8822.9,1333.875,481.6278,1,3.1379,1,1165.5013,336.1635,1,3.0871,1,1249.6882,408.8957,3.1125,
438026309950,8826.9,1331.6626,487.6408,1,3.0907,1,1174.015,338.4014,1,3.1262,1,1252.8388,413.0211,3.1085,
438026313950,8830.9,1345.868,453.5886,1,3.1865,1,1150.1633,332.6422,1,3.1334,1,1248.0156,393.1154,3.16,
438026317950,8834.9,1325.5566,469.3708,1,3.1303,1,1165.49,338.0702,1,3.077,1,1245.5233,403.7205,3.1037,
438026321951,8838.9,1330.4106,457.9656,1,3.1646,1,1170.3987,334.631,1,3.1065,1,1250.4046,396.2983,3.1355,
438026325949,8842.9,1331.5985,467.2053,1,3.0978,1,1156.7024,337.3878,1,3.0804,1,1244.1504,402.2965,3.0891,
438026329950,8846.9,1331.7121,459.0852,1,3.156,1,1171.852,347.5292,1,3.094,1,1251.7821,403.3072,3.125,
438026333950,8850.9,1308.2858,470.627,1,3.1308,1,1165.3421,347.8018,1,3.0714,1,1236.814,409.2144,3.1011,
438026337950,8854.9,1329.9478,457.0223,1,3.1588,1,1156.0443,351.6433,1,3.0497,1,1242.996,404.3328,3.1043,
438026341950,8858.9,1337.8227,448.8031,1,3.191,1,1163.1739,318.0101,1,3.0934,1,1250.4983,383.4066,3.1422,
438026345951,8862.9,1321.2349,461.5914,1,3.1183,1,1174.36,331.2005,1,3.0871,1,1247.7975,396.3959,3.1027,
438026349950,8866.9,1327.7123,459.2448,1,3.1092,1,1172.8786,333.4288,1,3.0704,1,1250.2955,396.3368,3.0898,
438026353949,8870.9,1325.0281,454.3576,1,3.125,1,1150.6273,341.7272,1,3.101,1,1237.8277,398.0424,3.113,
438026357950,8874.9,1347.8056,460.5716,1,3.1243,1,1160.2401,324.7143,1,3.1049,1,1254.0229,392.643,3.1146,
438026361950,8878.9,1336.4571,444.816,1,3.1697,1,1155.1601,356.0958,1,3.0165,1,1245.8086,400.4559,3.0931,
438026365950,8882.9,1323.4856,463.8325,1,3.1186,1,1165.7891,350.5448,1,3.0486,1,1244.6374,407.1887,3.0836,
438026369951,8886.9,1334.841,487.1617,1,3.1302,1,1163.324,345.6475,1,3.076,1,1249.0825,416.4046,3.1031,
438026373950,8890.9,1345.9248,466.1195,1,3.133,1,1159.4128,339.0276,1,3.0858,1,1252.6688,402.5736,3.1094,
438026377951,8894.9,1339.5093,466.1548,1,3.1806,1,1161.1119,309.6117,1,3.1397,1,1250.3106,387.8832,3.1602,
438026381950,8898.9,1339.086,477.6911,1,3.1153,1,1166.5616,343.8292,1,3.0896,1,1252.8238,410.7602,3.1025,
438026385951,8902.9,1350.7004,471.7433,1,3.1202,1,1161.8985,332.6945,1,3.1013,1,1256.2994,402.2189,3.1108,
438026389951,8906.9,1329.6533,482.7901,1,3.1428,1,1155.4591,334.4494,1,3.102,1,1242.5562,408.6198,3.1224,
438026393952,8910.9,1325.8229,475.5919,1,3.1642,1,1145.3416,320.8177,1,3.1284,1,1235.5823,398.2048,3.1463,
438026397952,8914.9,1330.8142,472.7016,1,3.1301,1,1162.2922,326.6664,1,3.1213,1,1246.5532,399.684,3.1257,
438026401951,8918.9,1335.7578,474.7952,1,3.0996,1,1154.1767,322.0149,1,3.0707,1,1244.9673,398.405,3.0851,
438026405951,8922.9,1338.4662,455.6263,1,3.157,1,1159.8278,324.8869,1,3.1187,1,1249.147,390.2566,3.1378,
438026409951,8926.9,1340.1114,478.8863,1,3.0783,1,1171.5375,355.6102,1,3.0648,1,1255.8245,417.2483,3.0715,
438026413951,8930.9,1324.2617,490.3683,1,3.1124,1,1169.3718,342.0824,1,3.0656,1,1246.8167,416.2254,3.089,
438026417952,8934.9,1330.4041,470.7669,1,3.1183,1,1166.3408,328.6568,1,3.1169,1,1248.3724,399.7119,3.1176,
438026421951,8938.9,1329.0313,482.946,1,3.1166,1,1159.8674,335.5835,1,3.0917,1,1244.4494,409.2647,3.1041,
438026425951,8942.9,1329.3053,463.0522,1,3.1271,1,1162.0539,349.0784,1,3.0764,1,1245.6796,406.0653,3.1017,
438026429950,8946.9,1318.0042,433.607,1,3.1705,1,1172.5444,347.7483,1,3.0795,1,1245.2743,390.6777,3.125,
438026433950,8950.9,1315.0544,464.3723,1,3.1588,1,1172.7662,314.9981,1,3.1461,1,1243.9103,389.6852,3.1525,
438026437950,8954.9,1325.9513,453.5641,1,3.1366,1,1164.3602,349.504,1,3.0973,1,1245.1558,401.5341,3.1169,
438026441951,8958.9,1324.9915,484.1448,1,3.1488,1,1156.4028,325.0339,1,3.1314,1,1240.6971,404.5893,3.1401,
438026445950,8962.9,1334.4895,492.669,1,3.1068,1,1164.1664,340.5377,1,3.0995,1,1249.3279,416.6034,3.1032,
438026449951,8966.9,1334.948,484.57,1,3.0936,1,1153.8374,319.294,1,3.1623,1,1244.3927,401.932,3.1279,
438026453951,8970.9,1321.3873,482.6576,1,3.127,1,1168.525,338.783,1,3.1053,1,1244.9561,410.7203,3.1161,
438026457951,8974.9,1339.1662,453.1759,1,3.1868,1,1168.8132,342.0694,1,3.0974,1,1253.9897,397.6226,3.1421,
438026461952,8978.9,1356.9341,470.9466,1,3.1271,1,1168.1808,338.2006,1,3.0786,1,1262.5575,404.5736,3.1029,
438026465953,8982.9,1340.9485,476.5132,1,3.1213,1,1166.0132,351.7086,1,3.0622,1,1253.4809,414.1109,3.0917,
438026469952,8986.9,1365.2201,488.7999,1,3.1185,1,1179.1708,354.51,1,3.0702,1,1272.1955,421.655,3.0943,
438026473952,8990.9,1347.2134,485.5349,1,3.1091,1,1181.0081,348.0258,1,3.1121,1,1264.1107,416.7803,3.1106,
438026477952,8994.9,1334.4456,471.0364,1,3.1974,1,1178.9028,364.9891,1,3.0498,1,1256.6742,418.0128,3.1236,
438026481951,8998.9,1324.9559,476.7703,1,3.1294,1,1186.132,343.0008,1,3.0835,1,1255.544,409.8856,3.1064,
438026485951,9002.9,1333.4553,468.5298,1,3.1434,1,1173.7058,350.8064,1,3.0832,1,1253.5806,409.6681,3.1133,
438026489951,9006.9,1331.791,471.4041,1,3.0934,1,1173.9143,360.3194,1,3.0641,1,1252.8526,415.8618,3.0787,
438026493952,9010.9,1333.7225,471.6856,1,3.1305,1,1177.0314,361.573,1,3.0727,1,1255.3769,416.6293,3.1016,
438026497951,9014.9,1329.342,476.8734,1,3.1066,1,1171.6265,329.8146,1,3.0989,1,1250.4843,403.344,3.1028,
438026501951,9018.9,1320.8078,473.8346,1,3.1368,1,1166.4186,360.0351,1,3.0536,1,1243.6132,416.9348,3.0952,
438026505951,9022.9,1333.3444,479.1674,1,3.105,1,1160.6536,353.0575,1,3.0835,1,1246.999,416.1125,3.0943,
438026509950,9026.9,1347.2195,475.5297,1,3.1363,1,1165.4869,333.605,1,3.1179,1,1256.3532,404.5673,3.1271,
438026513950,9030.9,1334.2866,477.6599,1,3.1155,1,1167.0462,351.8676,1,3.078,1,1250.6664,414.7637,3.0968,
438026517951,9034.9,1337.9984,475.1212,1,3.0911,1,1158.1274,369.3634,1,3.0565,1,1248.0629,422.2423,3.0738,
438026521950,9038.9,1328.0394,497.7998,1,3.096,1,1166.708,342.7134,1,3.0988,1,1247.3737,420.2566,3.0974,
438026525950,9042.9,1328.4093,480.4456,1,3.0922,1,1174.7999,341.0347,1,3.1161,1,1251.6046,410.7401,3.1042,
438026529950,9046.9,1338.4011,444.0206,1,3.1882,1,1159.4088,329.7104,1,3.1228,1,1248.905,386.8655,3.1555,
438026533950,9050.9,1336.6465,441.0378,1,3.2167,1,1155.2415,354.0919,1,3.0826,1,1245.944,397.5648,3.1497,
438026537950,9054.9,1333.2635,460.558,1,3.1234,1,1160.7917,332.9041,1,3.1236,1,1247.0276,396.731,3.1235,
438026541951,9058.9,1332.6303,466.9255,1,3.1236,1,1146.3874,339.469,1,3.1102,1,1239.5088,403.1972,3.1169,
438026545950,9062.9,1326.0885,492.4288,1,3.1214,1,1158.2288,344.8104,1,3.1309,1,1242.1587,418.6196,3.1261,
438026549950,9066.9,1361.6796,490.2996,1,3.1075,1,1158.3218,337.5712,1,3.1234,1,1260.0007,413.9354,3.1155,
438026553949,9070.9,1320.371,475.3273,1,3.1381,1,1171.1932,349.4897,1,3.115,1,1245.7821,412.4085,3.1265,
438026557949,9074.9,1329.9245,482.9567,1,3.0878,1,1184.3733,380.1018,1,3.0251,1,1257.1489,431.5292,3.0565,
438026561949,9078.9,1348.5217,491.3363,1,3.1033,1,1176.6568,344.7871,1,3.0961,1,1262.5892,418.0617,3.0997,
438026565950,9082.9,1335.4375,495.7905,1,3.1008,1,1179.513,326.0687,1,3.1568,1,1257.4753,410.9296,3.1288,
438026569949,9086.9,1338.0242,480.2874,1,3.1123,1,1180.9084,359.8866,1,3.0825,1,1259.4663,420.087,3.0974,
438026573949,9090.9,1328.8388,482.8907,1,3.1273,1,1170.0391,342.9836,1,3.0908,1,1249.439,412.9372,3.109,
438026577948,9094.9,1316.3898,487.0809,1,3.098,1,1157.1825,345.8054,1,3.0963,1,1236.7862,416.4432,3.0971,
438026581949,9098.9,1329.8261,488.1204,1,3.1032,1,1165.2716,338.6389,1,3.1272,1,1247.5489,413.3797,3.1152,
438026585949,9102.9,1331.4023,482.6787,1,3.1241,1,1160.3233,330.928,1,3.1364,1,1245.8628,406.8033,3.1302,
438026589950,9106.9,1331.7246,494.4874,1,3.0939,1,1171.8434,359.8764,1,3.0778,1,1251.784,427.1819,3.0859,
438026593949,9110.9,1335.8601,483.6162,1,3.1032,1,1167.8291,364.6171,1,3.0462,1,1251.8446,424.1167,3.0747,
438026597949,9114.9,1331.8818,495.5129,1,3.0817,1,1179.3644,345.6121,1,3.1158,1,1255.6231,420.5625,3.0988,
438026601949,9118.9,1321.225,472.891,1,3.1457,1,1168.7446,370.443,1,3.0727,1,1244.9848,421.667,3.1092,
438026605949,9122.9,1312.8274,480.9706,1,3.1189,1,1171.1551,347.9103,1,3.1005,1,1241.9912,414.4405,3.1097,
438026609948,9126.9,1327.0072,480.3566,1,3.1241,1,1169.1685,342.3896,1,3.11,1,1248.0878,411.3731,3.117,
438026613950,9130.9,1309.9205,485.5439,1,3.09,1,1153.952,346.0525,1,3.1129,1,1231.9362,415.7982,3.1015,
438026617949,9134.9,1338.6436,481.3217,1,3.0914,1,1153.4203,340.6993,1,3.1548,1,1246.0319,411.0105,3.1231,
438026621949,9138.9,1331.941,459.6764,1,3.1178,1,1163.1482,354.9246,1,3.0948,1,1247.5446,407.3005,3.1063,
438026625949,9142.9,1344.1904,477.1588,1,3.0745,1,1159.9673,336.1324,1,3.1145,1,1252.0789,406.6456,3.0945,
438026629949,9146.9,1328.8924,474.9988,1,3.0958,1,1155.6227,340.8321,1,3.1339,1,1242.2575,407.9155,3.1149,
438026633949,9150.9,1318.4256,476.6014,1,3.1248,1,1162.2843,337.3404,1,3.1498,1,1240.355,406.9709,3.1373,
438026637950,9154.9,1331.8076,473.9126,1,3.1196,1,1152.3334,345.1531,1,3.1267,1,1242.0705,409.5329,3.1231,
438026641951,9158.9,1324.2268,476.3632,1,3.095,1,1156.856,341.4592,1,3.0972,1,1240.5414,408.9112,3.0961,
438026645950,9162.9,1331.264,477.0284,1,3.1079,1,1151.7099,338.7527,1,3.1241,1,1241.4869,407.8905,3.116,
438026649952,9166.9,1323.9562,484.8464,1,3.0687,1,1153.6285,333.691,1,3.14,1,1238.7924,409.2687,3.1044,
438026653952,9170.9,1338.2318,501.5574,1,3.0383,1,1158.0391,356.3311,1,3.0772,1,1248.1355,428.9443,3.0577,
438026657952,9174.9,1328.5886,491.7992,1,3.071,1,1176.669,349.4573,1,3.1051,1,1252.6288,420.6282,3.0881,
438026661952,9178.9,1323.8763,470.798,1,3.1001,1,1172.3243,363.9723,1,3.0515,1,1248.1003,417.3851,3.0758,
438026665952,9182.9,1325.2473,490.2592,1,3.0575,1,1185.3884,355.1607,1,3.1019,1,1255.3179,422.71,3.0797,
438026669951,9186.9,1337.6165,485.7487,1,3.0822,1,1171.3467,328.6779,1,3.1615,1,1254.4816,407.2133,3.1219,
438026673951,9190.9,,,0,,0,,,0,,0,,,,
438026677951,9194.9,,,0,,0,,,0,,0,,,,
438026681951,9198.9,1332.5757,481.4077,1,3.0984,1,1178.9481,372.7392,1,3.0638,1,1255.7619,427.0735,3.0811,
438026685951,9202.9,,,0,,0,,,0,,0,,,,
438026689951,9206.9,,,0,,0,,,0,,0,,,,
438026693952,9210.9,1326.0204,463.818,1,3.1277,1,1158.5922,337.9591,1,3.1401,1,1242.3063,400.8885,3.1339,
438026697952,9214.9,,,0,,0,,,0,,0,,,,
438026701952,9218.9,1326.4161,490.9842,1,3.1106,1,1171.9983,336.9153,1,3.1157,1,1249.2072,413.9498,3.1132,
438026705952,9222.9,1341.1119,493.815,1,3.043,1,1173.6804,357.8992,1,3.0724,1,1257.3962,425.8571,3.0577,
438026709951,9226.9,1325.5249,499.3684,1,3.0561,1,1167.5472,346.4189,1,3.1125,1,1246.536,422.8936,3.0843,
438026713952,9230.9,1352.6466,482.1227,1,3.053,1,1172.636,350.3531,1,3.0876,1,1262.6413,416.2379,3.0703,
438026717951,9234.9,1356.9942,476.5536,1,3.1146,1,1177.0862,340.3055,1,3.0916,1,1267.0402,408.4296,3.1031,
438026721953,9238.9,1335.3786,473.1885,1,3.1009,1,1160.5819,342.9993,1,3.0979,1,1247.9802,408.0939,3.0994,
438026725952,9242.9,1340.7155,478.2015,1,3.061,1,1158.5308,339.0688,1,3.0883,1,1249.6232,408.6351,3.0746,
438026729951,9246.9,1340.6694,465.0249,1,3.0667,1,1161.1534,349.1572,1,3.083,1,1250.9114,407.0911,3.0749,
438026733951,9250.9,1335.8651,472.1136,1,3.0722,1,1172.3394,335.4193,1,3.1041,1,1254.1022,403.7665,3.0882,
438026737951,9254.9,1340.1022,474.3787,1,3.0443,1,1160.3862,348.9292,1,3.0717,1,1250.2442,411.654,3.058,
438026741951,9258.9,1333.0938,476.1422,1,3.0609,1,1156.2127,342.1262,1,3.0721,1,1244.6532,409.1342,3.0665,
438026745952,9262.9,1350.3987,480.1963,1,3.0655,1,1164.879,343.5568,1,3.0804,1,1257.6389,411.8765,3.0729,
438026749952,9266.9,1347.1107,484.0074,1,3.027,1,1157.9789,344.2515,1,3.0685,1,1252.5448,414.1295,3.0477,
438026753951,9270.9,1346.6973,482.2861,1,3.0359,1,1170.6224,335.998,1,3.0714,1,1258.6599,409.142,3.0536,
438026757951,9274.9,1335.9255,472.6113,1,3.0659,1,1169.6302,328.5503,1,3.1009,1,1252.7779,400.5808,3.0834,
438026761951,9278.9,1323.0377,455.249,1,3.1175,1,1156.7071,358.8861,1,3.037,1,1239.8724,407.0676,3.0773,
438026765951,9282.9,1341.8919,473.4749,1,3.054,1,1150.712,350.0894,1,3.0318,1,1246.3019,411.7821,3.0429,
438026769949,9286.9,1332.8248,488.625,1,3.0174,1,1169.2216,322.993,1,3.088,1,1251.0232,405.809,3.0527,
438026773949,9290.9,1340.2227,495.2747,1,2.9744,1,1159.8261,366.855,1,2.9975,1,1250.0244,431.0648,2.986,
438026777948,9294.9,1337.466,465.1629,1,3.0816,1,1172.0314,357.3826,1,3.0273,1,1254.7487,411.2728,3.0544,
438026781948,9298.9,1337.0584,477.2758,1,3.0372,1,1158.0077,363.6392,1,3.0104,1,1247.5331,420.4575,3.0238,
438026785948,9302.9,1345.512,480.9299,1,3.0293,1,1163.7032,337.7056,1,3.0581,1,1254.6076,409.3177,3.0437,
438026789947,9306.9,1334.3325,466.417,1,3.0027,1,1160.3804,350.9389,1,3.0168,1,1247.3565,408.6779,3.0098,
438026793948,9310.9,1350.5418,482.6044,1,2.9968,1,1183.1699,351.0362,1,3.0367,1,1266.8558,416.8203,3.0168,
438026797948,9314.9,1331.3317,490.8499,1,2.9717,1,1168.9629,361.6112,1,3.0232,1,1250.1473,426.2305,2.9974,
438026801948,9318.9,1328.0304,494.0733,1,3.0204,1,1173.4232,353.9879,1,3.0183,1,1250.7268,424.0306,3.0194,
438026805947,9322.9,1347.7058,487.071,1,2.9975,1,1169.7187,370.2606,1,2.9948,1,1258.7123,428.6658,2.9961,
438026809947,9326.9,1337.5766,494.4859,1,3.0237,1,1166.2422,379.3502,1,2.9569,1,1251.9094,436.918,2.9903,
438026813947,9330.9,1335.3248,478.4645,1,3.0481,1,1169.0393,337.3787,1,3.034,1,1252.182,407.9216,3.041,
438026817948,9334.9,1332.2235,471.4398,1,3.0298,1,1161.6129,359.6334,1,2.9528,1,1246.9182,415.5366,2.9913,
438026821948,9338.9,1333.7448,478.9847,1,2.9995,1,1162.8764,332.551,1,3.0575,1,1248.3106,405.7679,3.0285,
438026825949,9342.9,1333.6428,449.3093,1,3.0655,1,1152.8836,356.5945,1,2.9883,1,1243.2632,402.9519,3.0269,
438026829948,9346.9,1345.4164,494.8861,1,2.925,1,1160.5695,345.3709,1,3.0415,1,1252.993,420.1285,2.9832,
438026833948,9350.9,1340.6925,463.4095,1,3.0333,1,1158.9407,329.1082,1,3.031,1,1249.8166,396.2589,3.0322,
438026837948,9354.9,1327.2034,473.8856,1,2.9997,1,1166.9263,334.419,1,3.0453,1,1247.0649,404.1523,3.0225,
438026841949,9358.9,1342.1159,472.4638,1,2.9975,1,1172.1526,369.3905,1,2.9663,1,1257.1343,420.9271,2.9819,
438026845949,9362.9,1344.095,477.4205,1,2.9697,1,1174.7768,350.1822,1,2.9837,1,1259.4359,413.8013,2.9767,
438026849950,9366.9,1334.1383,465.5669,1,3.0268,1,1170.6553,367.9876,1,2.9503,1,1252.3968,416.7772,2.9886,
438026853949,9370.9,1344.2742,480.6937,1,2.9458,1,1171.9027,378.0707,1,2.9169,1,1258.0884,429.3822,2.9314,
438026857949,9374.9,1339.6795,488.0845,1,2.9409,1,1165.6904,362.4116,1,2.9461,1,1252.6849,425.2481,2.9435,
438026861949,9378.9,1341.9432,461.3236,1,3.0181,1,1181.6239,370.7728,1,2.922,1,1261.7836,416.0482,2.97,
438026865950,9382.9,1334.9416,489.948,1,2.9691,1,1180.0384,354.6079,1,3.0121,1,1257.49,422.2779,2.9906,
438026869949,9386.9,1335.9765,493.4685,1,2.9797,1,1156.5317,342.1861,1,3.0354,1,1246.2541,417.8273,3.0076,
438026873950,9390.9,1326.9267,512.8969,1,2.9368,1,1172.0397,345.1158,1,3.0125,1,1249.4832,429.0064,2.9747,
438026877948,9394.9,1329.0939,499.5527,1,2.9833,1,1159.0651,350.9786,1,3.0006,1,1244.0795,425.2657,2.9919,
438026881948,9398.9,1339.1933,492.8051,1,2.9821,1,1161.4371,328.6496,1,3.0475,1,1250.3152,410.7273,3.0148,
438026885948,9402.9,1333.4143,480.5479,1,2.9878,1,1155.9288,333.8789,1,3.0293,1,1244.6716,407.2134,3.0086,
438026889949,9406.9,1311.7186,498.3037,1,3.0044,1,1163.3821,348.7533,1,2.9874,1,1237.5504,423.5285,2.9959,
438026893949,9410.9,1327.706,485.7159,1,2.9662,1,1165.4279,322.7118,1,3.0375,1,1246.5669,404.2139,3.0018,
438026897949,9414.9,1335.7137,499.7009,1,2.9359,1,1165.3619,340.1533,1,3.0181,1,1250.5378,419.9271,2.977,
438026901951,9418.9,1332.4667,489.8691,1,2.9628,1,1170.2487,350.4266,1,2.9713,1,1251.3577,420.1478,2.967,
438026905951,9422.9,1337.6353,505.6908,1,2.9135,1,1159.1154,351.6864,1,2.9789,1,1248.3754,428.6886,2.9462,
438026909950,9426.9,1333.014,480.405,1,3.0311,1,1155.2176,343.0721,1,3.0155,1,1244.1158,411.7385,3.0233,
438026913950,9430.9,1327.7426,473.5127,1,3.0091,1,1167.6457,331.4032,1,2.9944,1,1247.6942,402.458,3.0018,
438026917950,9434.9,1334.1468,516.0856,1,2.882,1,1179.1026,359.1941,1,2.9812,1,1256.6247,437.6398,2.9316,
438026921951,9438.9,1329.5707,476.7324,1,2.9974,1,1170.0602,381.6412,1,2.8938,1,1249.8154,429.1868,2.9456,
438026925951,9442.9,1340.7631,492.2448,1,2.928,1,1159.0702,336.1048,1,3.0221,1,1249.9167,414.1748,2.9751,
438026929951,9446.9,1334.462,447.1667,1,3.0338,1,1159.883,345.1924,1,2.9828,1,1247.1725,396.1796,3.0083,
438026933951,9450.9,1334.4808,479.4012,1,2.9715,1,1175.4818,357.1914,1,2.9514,1,1254.9813,418.2963,2.9615,
438026937950,9454.9,1335.8667,473.1351,1,2.9628,1,1168.7978,354.0047,1,2.9696,1,1252.3322,413.5699,2.9662,
438026941950,9458.9,1344.2658,498.8543,1,2.9165,1,1172.8195,371.4401,1,2.9182,1,1258.5427,435.1472,2.9173,
438026945952,9462.9,1332.1738,488.9236,1,3.0175,1,1163.0096,348.4758,1,3.0185,1,1247.5917,418.6997,3.018,
438026949952,9466.9,1349.1195,498.0226,1,2.9166,1,1171.0786,343.7898,1,2.9724,1,1260.099,420.9062,2.9445,
438026953952,9470.9,1336.1945,473.2889,1,2.9861,1,1159.6393,350.8137,1,2.9481,1,1247.9169,412.0513,2.9671,
438026957951,9474.9,1337.277,465.9958,1,3.0043,1,1173.7485,326.3253,1,3.0084,1,1255.5128,396.1606,3.0063,
438026961952,9478.9,1340.5455,511.6495,1,2.8943,1,1157.3966,357.867,1,2.952,1,1248.971,434.7582,2.9232,
438026965951,9482.9,1359.1445,481.1324,1,2.9831,1,1170.9257,347.4989,1,2.9872,1,1265.0351,414.3156,2.9851,
438026969952,9486.9,1336.4603,500.4898,1,2.9572,1,1162.1686,352.1937,1,2.9827,1,1249.3144,426.3418,2.97,
438026973951,9490.9,1343.7727,489.8188,1,3.0422,1,1155.4856,342.9243,1,3.009,1,1249.6291,416.3715,3.0256,
438026977951,9494.9,1333.6255,486.3861,1,2.9258,1,1147.8524,345.3328,1,2.9999,1,1240.7389,415.8594,2.9629,
438026981950,9498.9,1336.9819,478.7813,1,2.9514,1,1153.6008,348.0751,1,2.9496,1,1245.2914,413.4282,2.9505,
438026985951,9502.9,1327.4685,483.0701,1,2.9698,1,1155.6325,347.2274,1,2.9774,1,1241.5505,415.1488,2.9736,
438026989950,9506.9,1337.9581,476.0831,1,2.9594,1,1165.1954,357.3993,1,2.9244,1,1251.5767,416.7412,2.9419,
438026993951,9510.9,1349.5826,483.0738,1,2.9796,1,1150.5255,354.9454,1,2.9681,1,1250.0541,419.0096,2.9739,
438026997951,9514.9,1330.023,486.5654,1,2.9823,1,1156.8551,335.8687,1,3.0126,1,1243.439,411.2171,2.9974,
438027001952,9518.9,1334.8957,486.7693,1,3.0048,1,1148.7136,356.5672,1,2.9799,1,1241.8047,421.6683,2.9923,
438027005951,9522.9,1323.2648,481.6391,1,3.0156,1,1152.2924,307.1239,1,3.069,1,1237.7786,394.3815,3.0423,
438027009952,9526.9,1346.6151,491.3207,1,2.9638,1,1155.2097,354.0145,1,2.9662,1,1250.9124,422.6676,2.965,
438027013951,9530.9,1354.9112,513.1248,1,2.8818,1,1156.8484,340.1402,1,2.9893,1,1255.8798,426.6325,2.9355,
438027017951,9534.9,1325.2142,485.2386,1,2.9982,1,1153.8302,350.5458,1,2.97,1,1239.5222,417.8922,2.9841,
438027021952,9538.9,1333.9669,474.4784,1,3.0343,1,1159.6902,333.0943,1,2.9995,1,1246.8286,403.7864,3.0169,
438027025950,9542.9,1343.6852,503.1321,1,2.946,1,1158.3733,337.9651,1,3.0275,1,1251.0292,420.5486,2.9867,
438027029950,9546.9,1331.8536,503.1293,1,2.9393,1,1169.5787,375.0135,1,2.9022,1,1250.7162,439.0714,2.9207,
438027033951,9550.9,1330.4138,486.2448,1,2.9963,1,1167.2495,345.4118,1,2.9946,1,1248.8317,415.8283,2.9954,
438027037950,9554.9,1335.7626,486.6399,1,2.9751,1,1163.19,355.7412,1,2.9399,1,1249.4763,421.1905,2.9575,
438027041951,9558.9,1329.1093,493.3024,1,2.9729,1,1154.7434,332.8283,1,3.0426,1,1241.9263,413.0654,3.0077,
438027045951,9562.9,1345.1081,488.8634,1,2.9847,1,1174.3236,339.9282,1,3.0205,1,1259.7158,414.3958,3.0026,
438027049951,9566.9,1345.7185,508.33,1,2.9165,1,1168.3863,358.8304,1,3.0033,1,1257.0524,433.5802,2.9599,
438027053951,9570.9,1336.1949,501.0119,1,2.9686,1,1165.7994,324.829,1,3.0226,1,1250.9972,412.9204,2.9956,
438027057951,9574.9,1328.3299,497.5317,1,2.99,1,1172.9392,363.0778,1,2.9706,1,1250.6346,430.3048,2.9803,
438027061951,9578.9,1329.1669,488.2147,1,2.9986,1,1140.3397,337.6607,1,3.0269,1,1234.7533,412.9377,3.0127,
438027065951,9582.9,1329.7643,484.2294,1,3.0056,1,1156.8171,367.2092,1,2.9562,1,1243.2907,425.7193,2.9809,
438027069952,9586.9,1330.1017,493.5873,1,2.9323,1,1151.1234,321.9681,1,3.0501,1,1240.6126,407.7777,2.9912,
438027073951,9590.9,1342.276,469.2862,1,3.0002,1,1160.2124,327.5402,1,3.0137,1,1251.2442,398.4132,3.007,
438027077951,9594.9,1344.4564,477.3093,1,2.9785,1,1172.8825,368.1869,1,2.9433,1,1258.6695,422.7481,2.9609,
438027081952,9598.9,1325.1051,481.3895,1,3.0191,1,1163.6774,361.6704,1,2.9653,1,1244.3912,421.53,2.9922,
438027085951,9602.9,1326.0116,512.3501,1,2.91,1,1186.1236,364.7748,1,2.9201,1,1256.0676,438.5625,2.9151,
438027089951,9606.9,1349.6209,495.7753,1,2.9696,1,1160.1834,381.8878,1,2.872,1,1254.9021,438.8315,2.9208,
438027093951,9610.9,1348.0991,511.0478,1,2.9665,1,1168.0141,344.1661,1,2.9792,1,1258.0566,427.607,2.9728,
438027097951,9614.9,1335.5326,500.2803,1,2.9924,1,1171.0078,382.3483,1,2.9355,1,1253.2702,441.3143,2.9639,
438027101951,9618.9,1328.9152,480.2304,1,2.9904,1,1171.2526,368.0212,1,2.9633,1,1250.0839,424.1258,2.9769,
438027105951,9622.9,1328.2608,494.8178,1,3.0289,1,1153.7612,338.5939,1,3.0136,1,1241.011,416.7058,3.0213,
438027109952,9626.9,1337.4541,505.8981,1,2.9965,1,1164.0732,347.1404,1,3.0013,1,1250.7636,426.5192,2.9989,
438027113951,9630.9,1323.5749,482.8224,1,3.0445,1,1154.1732,341.3785,1,3.0357,1,1238.874,412.1004,3.0401,
438027117951,9634.9,1334.0273,479.4901,1,3.054,1,1157.2691,354.8525,1,2.98,1,1245.6482,417.1713,3.017,
438027121952,9638.9,1345.1038,492.3331,1,2.9794,1,1162.8017,345.8404,1,3.0085,1,1253.9527,419.0867,2.9939,
438027125951,9642.9,1346.7248,491.2919,1,2.9724,1,1166.6211,351.4346,1,2.9945,1,1256.673,421.3632,2.9835,
438027129951,9646.9,1346.2404,493.0869,1,2.9781,1,1176.2098,359.7192,1,2.9658,1,1261.2251,426.403,2.972,
438027133952,9650.9,1332.7606,489.6078,1,3.0027,1,1145.7517,346.8201,1,3.0197,1,1239.2562,418.2139,3.0112,
438027137951,9654.9,1350.4795,486.624,1,2.9872,1,1160.9625,349.3151,1,2.9968,1,1255.721,417.9696,2.992,
438027141951,9658.9,1338.2108,499.6409,1,3.0275,1,1154.2755,335.5914,1,3.0603,1,1246.2431,417.6162,3.0439,
438027145952,9662.9,1333.4975,492.947,1,3.0173,1,1169.8185,356.55,1,2.9568,1,1251.658,424.7485,2.9871,
438027149951,9666.9,1323.3809,498.457,1,3.0301,1,1161.8544,322.4833,1,3.0397,1,1242.6177,410.4702,3.0349,
438027153951,9670.9,1334.3639,500.4114,1,3.0009,1,1156.4767,355.4114,1,2.9926,1,1245.4203,427.9114,2.9967,
438027157952,9674.9,1326.5588,505.9582,1,2.9964,1,1153.77,339.415,1,3.0595,1,1240.1644,422.6866,3.028,
438027161950,9678.9,1331.8426,497.4447,1,3.017,1,1165.205,380.7901,1,2.9379,1,1248.5238,439.1174,2.9775,
438027165951,9682.9,1322.2634,495.7314,1,3.0004,1,1172.245,360.3252,1,2.9863,1,1247.2542,428.0283,2.9933,
438027169951,9686.9,1337.8204,499.6927,1,3.0317,1,1164.6089,381.2618,1,2.9347,1,1251.2147,440.4772,2.9832,
438027173951,9690.9,1347.0407,503.6986,1,3.0264,1,1155.4803,349.0518,1,3.0097,1,1251.2605,426.3752,3.0181,
438027177951,9694.9,1333.0892,496.5996,1,3.0223,1,1152.7058,353.2504,1,3.016,1,1242.8975,424.925,3.0192,
438027181952,9698.9,1344.4675,499.0927,1,3.0087,1,1148.7809,308.1478,1,3.1069,1,1246.6242,403.6202,3.0578,
438027185951,9702.9,1334.7641,471.4072,1,3.0511,1,1162.9558,340.3202,1,2.9987,1,1248.86,405.8637,3.0249,
438027189951,9706.9,1343.2582,488.8071,1,3.0202,1,1152.886,339.0957,1,3.033,1,1248.0721,413.9514,3.0266,
438027193951,9710.9,1355.0828,485.6959,1,3.0105,1,1144.3245,342.8592,1,3.0314,1,1249.7036,414.2776,3.021,
438027197951,9714.9,1328.49,494.4586,1,2.9931,1,1161.3736,322.5372,1,3.078,1,1244.9318,408.4979,3.0356,
438027201951,9718.9,1331.7213,474.7571,1,3.0608,1,1156.2151,348.3843,1,3.022,1,1243.9682,411.5707,3.0414,
438027205952,9722.9,1334.2704,526.1456,1,2.9302,1,1155.2015,325.4851,1,3.0711,1,1244.736,425.8153,3.0007,
438027209951,9726.9,1342.9013,480.3614,1,3.0679,1,1157.7498,345.1765,1,3.0252,1,1250.3256,412.7689,3.0466,
438027213951,9730.9,1337.4228,485.0277,1,3.0378,1,1164.8657,346.6642,1,3.016,1,1251.1443,415.846,3.0269,
438027217952,9734.9,1330.71,492.5314,1,3.0583,1,1163.0462,339.4413,1,3.0278,1,1246.8781,415.9863,3.0431,
438027221951,9738.9,1337.758,495.0691,1,3.0459,1,1149.744,369.4535,1,2.9748,1,1243.751,432.2613,3.0104,
438027225951,9742.9,1337.1667,479.9031,1,3.0937,1,1156.7275,352.382,1,3.041,1,1246.9471,416.1426,3.0673,
438027229952,9746.9,1335.9302,488.6685,1,3.076,1,1148.4733,329.6608,1,3.0379,1,1242.2017,409.1647,3.0569,
438027233951,9750.9,1362.0546,487.0267,1,3.0781,1,1163.2503,351.9442,1,3.0231,1,1262.6525,419.4854,3.0506,
438027237951,9754.9,1349.4107,513.9018,1,2.9863,1,1151.4135,335.4729,1,3.0783,1,1250.4121,424.6873,3.0323,
438027241952,9758.9,1340.0634,487.2859,1,3.0698,1,1165.012,343.2227,1,3.0513,1,1252.5377,415.2543,3.0606,
438027245951,9762.9,1332.233,498.7887,1,3.05,1,1153.9479,347.417,1,3.0464,1,1243.0905,423.1028,3.0482,
438027249953,9766.9,1342.3201,486.2541,1,3.0523,1,1168.5753,368.6847,1,3.0284,1,1255.4477,427.4694,3.0404,
438027253953,9770.9,1328.8491,488.2567,1,3.0774,1,1156.318,346.1187,1,3.0686,1,1242.5836,417.1877,3.073,
438027257952,9774.9,1326.621,482.1718,1,3.0817,1,1165.1297,364.6584,1,3.0202,1,1245.8754,423.4151,3.0509,
438027261951,9778.9,1332.1568,491.9062,1,3.0912,1,1154.9127,351.7741,1,3.066,1,1243.5348,421.8402,3.0786,
438027265952,9782.9,1332.379,509.6671,1,3.0432,1,1162.5981,351.2761,1,3.0447,1,1247.4885,430.4716,3.0439,
438027269951,9786.9,1312.5624,497.6619,1,3.0741,1,1151.9606,331.961,1,3.085,1,1232.2615,414.8115,3.0796,
438027273952,9790.9,1335.0912,468.8463,1,3.1286,1,1174.2857,358.2511,1,3.0117,1,1254.6885,413.5487,3.0702,
438027277952,9794.9,1324.199,489.8402,1,3.0869,1,1156.9052,357.7319,1,3.0527,1,1240.5521,423.7861,3.0698,
438027281951,9798.9,1341.625,483.9287,1,3.0984,1,1171.6841,355.083,1,3.0315,1,1256.6545,419.5059,3.0649,
438027285951,9802.9,1321.7799,497.504,1,3.0744,1,1158.0505,344.4886,1,3.0731,1,1239.9152,420.9963,3.0738,
438027289952,9806.9,1325.2494,477.5908,1,3.0905,1,1164.6168,342.1317,1,3.035,1,1244.9331,409.8613,3.0627,
438027293950,9810.9,1333.9624,501.9181,1,3.0378,1,1157.201,329.7594,1,3.0629,1,1245.5817,415.8387,3.0503,
438027297950,9814.9,1332.1251,481.7086,1,3.0568,1,1156.4283,356.5246,1,3.0463,1,1244.2767,419.1166,3.0515,
438027301951,9818.9,1335.1105,478.0028,1,3.069,1,1161.0325,341.2291,1,3.0522,1,1248.0715,409.616,3.0606,
438027305951,9822.9,1334.5533,475.4645,1,3.0427,1,1175.2586,336.6368,1,3.0476,1,1254.9059,406.0506,3.0452,
438027309950,9826.9,1325.2526,476.365,1,3.024,1,1161.4625,331.748,1,3.0571,1,1243.3575,404.0565,3.0406,
438027313950,9830.9,1336.519,480.771,1,3.0423,1,1159.7852,331.3204,1,3.1098,1,1248.1521,406.0457,3.0761,
438027317951,9834.9,1332.571,488.6945,1,3.0064,1,1166.833,335.4966,1,3.0596,1,1249.702,412.0956,3.033,
438027321950,9838.9,1351.3792,515.4644,1,2.8961,1,1164.1407,322.5413,1,3.1028,1,1257.76,419.0029,2.9994,
438027325951,9842.9,1336.1607,476.1133,1,3.0723,1,1171.3347,348.9169,1,3.0259,1,1253.7477,412.5151,3.0491,
438027329951,9846.9,1342.2966,504.5428,1,3.0021,1,1156.7309,330.5527,1,3.0857,1,1249.5138,417.5478,3.0439,
438027333951,9850.9,1343.9462,496.0768,1,3.0015,1,1149.5512,342.7,1,3.0387,1,1246.7487,419.3884,3.0201,
438027337950,9854.9,1338.9955,492.4898,1,3.0399,1,1166.2735,351.2619,1,3.0415,1,1252.6345,421.8758,3.0407,
438027341951,9858.9,1337.9994,486.3032,1,3.0619,1,1159.6881,347.2412,1,3.0213,1,1248.8437,416.7722,3.0416,
438027345950,9862.9,1331.6279,499.267,1,2.9965,1,1153.4361,352.3773,1,3.0339,1,1242.532,425.8222,3.0152,
438027349951,9866.9,1328.4433,487.7104,1,3.0392,1,1148.4703,334.3625,1,3.0696,1,1238.4568,411.0364,3.0544,
438027353951,9870.9,1327.0449,496.5503,1,3.0451,1,1141.0168,345.0954,1,3.073,1,1234.0308,420.8229,3.059,
438027357951,9874.9,1330.7252,496.1582,1,3.0117,1,1149.2848,336.3142,1,3.0519,1,1240.005,416.2362,3.0318,
438027361949,9878.9,1313.7583,482.4258,1,3.0326,1,1158.0298,351.9859,1,3.0235,1,1235.8941,417.2058,3.0281,
438027365951,9882.9,1319.6254,489.3509,1,3.0445,1,1154.6865,345.3034,1,3.055,1,1237.156,417.3271,3.0497,
438027369950,9886.9,1328.8767,493.4587,1,3.0159,1,1177.702,352.9361,1,3.0231,1,1253.2894,423.1974,3.0195,
438027373951,9890.9,1335.2037,496.0751,1,2.9977,1,1168.1709,364.4799,1,2.9798,1,1251.6873,430.2775,2.9887,
438027377950,9894.9,1331.9785,509.2519,1,2.9736,1,1152.7655,350.5826,1,3.0215,1,1242.372,429.9172,2.9975,
438027381951,9898.9,1337.7306,511.6742,1,2.9905,1,1173.364,342.25,1,3.046,1,1255.5473,426.9621,3.0182,
438027385950,9902.9,1341.3945,528.6971,1,2.9081,1,1154.1311,345.7912,1,3.0167,1,1247.7628,437.2442,2.9624,
438027389951,9906.9,1331.3678,501.1343,1,3.0079,1,1164.1671,352.8176,1,3.0019,1,1247.7674,426.9759,3.0049,
438027393949,9910.9,1341.5553,496.4463,1,3.0257,1,1160.1566,362.7638,1,2.963,1,1250.8559,429.6051,2.9944,
438027397951,9914.9,1349.4208,504.3694,1,2.9763,1,1155.9532,352.2507,1,3.0101,1,1252.687,428.3101,2.9932,
438027401951,9918.9,1332.1556,484.9854,1,3.0177,1,1166.5858,344.6937,1,3.0437,1,1249.3707,414.8395,3.0307,
438027405951,9922.9,1339.1848,516.3383,1,2.9306,1,1166.6144,362.1532,1,2.971,1,1252.8996,439.2457,2.9508,
438027409950,9926.9,1337.8238,474.5959,1,2.9937,1,1158.8413,336.8798,1,3.0285,1,1248.3326,405.7378,3.0111,
438027413951,9930.9,1337.7766,478.2384,1,3.0099,1,1157.9304,344.7259,1,3.0135,1,1247.8535,411.4822,3.0117,
438027417951,9934.9,1341.4794,477.3523,1,2.9765,1,1167.6627,331.4974,1,3.0311,1,1254.571,404.4248,3.0038,
438027421951,9938.9,1352.0798,477.888,1,2.9631,1,1160.376,321.4497,1,3.0583,1,1256.2279,399.6688,3.0107,
438027425953,9942.9,1335.863,479.7878,1,2.9893,1,1159.5545,344.957,1,3.0098,1,1247.7088,412.3724,2.9996,
438027429953,9946.9,1328.7851,477.702,1,3.0056,1,1157.2037,337.622,1,3.0187,1,1242.9944,407.662,3.0121,
438027433951,9950.9,1352.5924,518.9642,1,2.8886,1,1179.5191,341.4204,1,2.994,1,1266.0558,430.1923,2.9413,
438027437953,9954.9,1333.3617,490.2294,1,2.9962,1,1149.5381,366.7104,1,2.953,1,1241.4499,428.4699,2.9746,
438027441953,9958.9,1331.3288,491.7583,1,2.9745,1,1161.6375,341.2288,1,2.9925,1,1246.4832,416.4935,2.9835,
438027445952,9962.9,1363.257,528.4226,1,2.9175,1,1167.6431,345.773,1,3.0111,1,1265.45,437.0978,2.9643,
438027449953,9966.9,1346.4093,495.9476,1,2.9676,1,1152.3243,361.3129,1,2.9333,1,1249.3668,428.6302,2.9505,
438027453951,9970.9,1368.6947,498.3353,1,2.9226,1,1163.0819,330.9661,1,2.9842,1,1265.8883,414.6507,2.9534,
438027457951,9974.9,1356.4302,497.3084,1,2.9482,1,1166.0113,336.7257,1,2.9778,1,1261.2207,417.0171,2.963,
438027461953,9978.9,1346.5792,514.0894,1,2.8915,1,1148.0844,339.7295,1,3.019,1,1247.3318,426.9095,2.9552,
438027465953,9982.9,1327.5874,500.5317,1,2.9122,1,1160.4737,361.7836,1,2.9737,1,1244.0306,431.1576,2.943,
438027469953,9986.9,1331.7333,475.2736,1,2.9923,1,1166.5036,343.0109,1,2.9943,1,1249.1184,409.1422,2.9933,
438027473952,9990.9,1341.0603,494.954,1,2.9483,1,1156.9918,348.4241,1,2.9593,1,1249.0261,421.6891,2.9538,
438027477952,9994.9,1328.7607,497.8877,1,2.9281,1,1154.738,336.1416,1,3.0305,1,1241.7494,417.0147,2.9793,
438027481952,9998.9,1342.4628,506.8522,1,2.9239,1,1171.6932,338.4348,1,3.0208,1,1257.078,422.6435,2.9724,
438027485953,10002.9,1332.5462,500.86,1,2.9056,1,1164.1108,357.8015,1,2.9558,1,1248.3285,429.3308,2.9307,
438027489953,10006.9,1331.868,460.5346,1,2.9964,1,1163.2773,313.4527,1,3.0578,1,1247.5726,386.9937,3.0271,
438027493952,10010.9,1341.1153,481.9679,1,2.9357,1,1161.7203,366.0116,1,2.9595,1,1251.4178,423.9897,2.9476,
438027497952,10014.9,1331.7921,472.2029,1,2.9593,1,1162.0785,352.3659,1,2.9504,1,1246.9353,412.2844,2.9549,
438027501952,10018.9,1330.1427,508.7148,1,2.8702,1,1153.0894,343.7123,1,2.9777,1,1241.616,426.2136,2.9239,
438027505950,10022.9,1336.7445,486.9735,1,2.9533,1,1170.722,353.4591,1,2.9474,1,1253.7333,420.2163,2.9504,
438027509951,10026.9,1342.725,492.9497,1,2.9418,1,1161.3309,352.0292,1,2.9642,1,1252.0279,422.4895,2.953,
438027513952,10030.9,1341.5531,494.9535,1,2.9532,1,1156.067,335.0828,1,3.0002,1,1248.8101,415.0181,2.9767,
438027517951,10034.9,1335.0375,469.2422,1,3.0103,1,1168.5484,337.4306,1,3.02,1,1251.793,403.3364,3.0152,
438027521952,10038.9,1344.5625,509.4114,1,2.8728,1,1163.4857,355.5986,1,2.9478,1,1254.0241,432.505,2.9103,
438027525951,10042.9,1351.9786,505.778,1,2.9064,1,1151.9887,311.5253,1,3.0372,1,1251.9836,408.6517,2.9718,
438027529951,10046.9,1338.8735,485.6087,1,2.9974,1,1162.8812,344.0246,1,2.9897,1,1250.8773,414.8167,2.9935,
438027533950,10050.9,1347.7381,500.757,1,2.9386,1,1156.505,327.9542,1,3.0185,1,1252.1215,414.3556,2.9786,
438027537951,10054.9,1322.3911,495.1121,1,2.9453,1,1155.5269,328.8523,1,3.0101,1,1238.959,411.9822,2.9777,
438027541952,10058.9,1338.7172,488.8185,1,2.9528,1,1172.0091,354.9145,1,2.9669,1,1255.3631,421.8665,2.9599,
438027545952,10062.9,1351.287,487.6904,1,2.9099,1,1170.9386,344.4193,1,2.988,1,1261.1128,416.0549,2.949,
438027549952,10066.9,1348.6483,482.6245,1,2.9186,1,1173.8828,337.8783,1,2.9854,1,1261.2655,410.2514,2.952,
438027553952,10070.9,1354.9678,489.4893,1,2.8896,1,1156.9838,305.4505,1,3.0845,1,1255.9758,397.4699,2.9871,
438027557952,10074.9,1351.0927,510.3564,1,2.8306,1,1162.3289,348.4558,1,2.9751,1,1256.7108,429.4061,2.9029,
438027561952,10078.9,1342.1805,518.8158,1,2.8832,1,1172.3729,345.1563,1,2.985,1,1257.2767,431.986,2.9341,
438027565952,10082.9,1337.4828,493.2803,1,2.9542,1,1159.5723,354.9077,1,2.9846,1,1248.5275,424.094,2.9694,
438027569952,10086.9,1341.4437,490.7757,1,2.9657,1,1169.6251,356.7315,1,2.9386,1,1255.5344,423.7536,2.9521,
438027573952,10090.9,1340.5542,492.2052,1,2.9373,1,1156.6088,349.2529,1,3.0068,1,1248.5815,420.7291,2.972,
438027577952,10094.9,1357.1205,495.1477,1,2.9774,1,1150.0367,346.5193,1,2.9853,1,1253.5786,420.8335,2.9814,
438027581951,10098.9,1351.1015,500.906,1,2.9203,1,1147.2162,340.1587,1,3.0386,1,1249.1588,420.5323,2.9794,
438027585952,10102.9,1337.3024,511.9053,1,2.8967,1,1179.3135,348.9481,1,2.9852,1,1258.308,430.4267,2.941,
438027589952,10106.9,1345.3737,495.1599,1,3.0176,1,1168.2493,367.5251,1,2.9531,1,1256.8115,431.3425,2.9854,
438027593952,10110.9,1332.1484,486.7824,1,3.0027,1,1170.9509,345.5968,1,2.9804,1,1251.5496,416.1896,2.9916,
438027597952,10114.9,1341.6497,477.1278,1,3.0255,1,1157.1338,316.5856,1,3.0565,1,1249.3917,396.8567,3.041,
438027601952,10118.9,1345.4073,513.6387,1,2.9185,1,1155.7243,325.9659,1,3.0177,1,1250.5658,419.8023,2.9681,
438027605951,10122.9,1347.4083,489.9855,1,2.9803,1,1165.9376,355.0019,1,2.9735,1,1256.6729,422.4937,2.9769,
438027609953,10126.9,1353.9844,514.8978,1,2.954,1,1167.1453,358.7713,1,2.9291,1,1260.5648,436.8346,2.9416,
438027613952,10130.9,1338.5305,502.0489,1,2.9394,1,1151.5838,348.5395,1,2.9969,1,1245.0572,425.2942,2.9682,
438027617952,10134.9,1337.0511,522.7715,1,2.8876,1,1157.1756,334.8652,1,3.0453,1,1247.1134,428.8183,2.9664,
438027621952,10138.9,1328.4373,505.3835,1,2.9112,1,1163.0588,375.313,1,2.9333,1,1245.748,440.3483,2.9223,
438027625952,10142.9,1338.3167,502.76,1,2.9481,1,1153.2804,356.7466,1,2.9668,1,1245.7986,429.7533,2.9574,
438027629951,10146.9,1349.4688,499.804,1,2.8985,1,1168.6448,360.0221,1,2.96,1,1259.0568,429.9131,2.9292,
438027633953,10150.9,1366.003,488.1305,1,2.9582,1,1172.3011,336.3802,1,2.9932,1,1269.152,412.2553,2.9757,
438027637952,10154.9,1341.1528,520.8278,1,2.8887,1,1174.3137,350.7277,1,2.9601,1,1257.7333,435.7777,2.9244,
438027641952,10158.9,1355.2123,507.8944,1,2.9451,1,1165.4228,339.1438,1,3.0145,1,1260.3176,423.5191,2.9798,
438027645952,10162.9,1345.5858,481.6973,1,2.9258,1,1182.8062,380.8441,1,2.9029,1,1264.196,431.2707,2.9144,
438027649953,10166.9,1346.9832,492.3888,1,2.951,1,1158.8307,347.2949,1,2.9575,1,1252.907,419.8418,2.9542,
438027653952,10170.9,1338.9441,496.0537,1,2.9589,1,1171.7666,369.8205,1,2.946,1,1255.3554,432.9371,2.9525,
438027657953,10174.9,1337.5331,489.6172,1,2.919,1,1150.2546,328.6584,1,3.0149,1,1243.8939,409.1378,2.9669,
438027661952,10178.9,1324.6265,486.9681,1,3.0019,1,1151.4054,319.8609,1,3.0214,1,1238.016,403.4145,3.0117,
438027665953,10182.9,1336.6727,488.3459,1,2.9379,1,1160.8405,334.8308,1,3.0276,1,1248.7566,411.5883,2.9828,
438027669953,10186.9,1354.1774,485.0279,1,2.8949,1,1174.7095,367.7208,1,2.9228,1,1264.4435,426.3743,2.9088,
438027673953,10190.9,1345.2113,514.2596,1,2.9117,1,1171.6271,331.4889,1,3.0092,1,1258.4192,422.8743,2.9605,
438027677952,10194.9,1358.3575,474.3696,1,2.9705,1,1172.3633,341.5959,1,2.9632,1,1265.3604,407.9828,2.9669,
438027681953,10198.9,1343.8873,475.9963,1,2.9436,1,1148.0232,328.1937,1,3.0415,1,1245.9552,402.095,2.9925,
438027685952,10202.9,1335.7479,488.2143,1,2.9148,1,1182.0443,369.9112,1,2.9252,1,1258.8961,429.0627,2.92,
438027689950,10206.9,1347.8027,507.756,1,2.8751,1,1161.1332,321.9047,1,3.029,1,1254.468,414.8303,2.9521,
438027693950,10210.9,1346.9109,495.7392,1,2.9253,1,1173.3506,343.2057,1,2.9636,1,1260.1307,419.4725,2.9445,
438027697950,10214.9,1334.0882,501.0271,1,2.9207,1,1158.9082,328.879,1,3.0334,1,1246.4982,414.953,2.977,
438027701950,10218.9,1359.6796,487.6167,1,2.9505,1,1173.9946,347.7646,1,2.9531,1,1266.8371,417.6906,2.9518,
438027705949,10222.9,1350.7005,479.155,1,2.9885,1,1162.1313,358.5875,1,2.932,1,1256.4159,418.8712,2.9603,
438027709950,10226.9,1361.7106,483.4675,1,2.9315,1,1160.6768,366.2641,1,2.9318,1,1261.1937,424.8658,2.9317,
438027713950,10230.9,1344.0134,485.4348,1,2.9626,1,1171.8689,369.2447,1,2.9051,1,1257.9412,427.3398,2.9339,
438027717950,10234.9,1333.022,501.325,1,2.9204,1,1173.4457,335.4426,1,2.999,1,1253.2339,418.3838,2.9597,
438027721950,10238.9,1332.5066,506.335,1,2.9353,1,1184.3316,356.8528,1,2.9567,1,1258.4191,431.5939,2.946,
438027725950,10242.9,1320.9222,485.5356,1,2.9674,1,1163.4394,329.0794,1,3.029,1,1242.1808,407.3075,2.9982,
438027729948,10246.9,1348.7298,485.7569,1,2.9188,1,1165.1905,351.9539,1,2.9494,1,1256.9602,418.8554,2.9341,
438027733949,10250.9,1338.2455,477.4665,1,2.9689,1,1175.2253,332.9817,1,3.0012,1,1256.7354,405.2241,2.9851,
438027737949,10254.9,1324.6093,480.7415,1,2.9314,1,1152.0909,351.2222,1,2.9597,1,1238.3501,415.9818,2.9456,
438027741949,10258.9,1354.8945,465.8998,1,2.9458,1,1177.6657,370.2028,1,2.9159,1,1266.2801,418.0513,2.9308,
438027745949,10262.9,1349.7031,486.8762,1,2.8878,1,1164.7739,353.302,1,2.9446,1,1257.2385,420.0891,2.9162,
438027749949,10266.9,1346.1698,467.8709,1,2.948,1,1156.978,342.4692,1,2.9454,1,1251.5739,405.1701,2.9467,
438027753948,10270.9,1340.221,487.7504,1,2.8891,1,1167.4067,362.5142,1,2.9247,1,1253.8138,425.1323,2.9069,
438027757949,10274.9,1341.5574,496.8745,1,2.8641,1,1167.1488,369.3278,1,2.8867,1,1254.3531,433.1012,2.8754,
438027761949,10278.9,1341.4874,483.1083,1,2.8994,1,1173.3626,320.7872,1,2.9957,1,1257.425,401.9478,2.9475,
438027765948,10282.9,1330.2399,487.6603,1,2.9508,1,1166.9491,356.1811,1,2.9353,1,1248.5945,421.9207,2.9431,
438027769948,10286.9,1325.9771,497.5796,1,2.916,1,1151.1732,349.9208,1,2.9357,1,1238.5752,423.7502,2.9259,
438027773948,10290.9,1334.1986,478.8816,1,2.9545,1,1148.9159,346.1225,1,2.9643,1,1241.5572,412.502,2.9594,
438027777947,10294.9,1341.0873,459.997,1,2.9793,1,1147.5506,326.3767,1,2.9877,1,1244.319,393.1868,2.9835,
438027781948,10298.9,1338.8733,480.9206,1,2.935,1,1168.1049,347.8903,1,2.9121,1,1253.4891,414.4054,2.9235,
438027785949,10302.9,1346.1994,486.7749,1,2.9005,1,1163.9052,328.0887,1,2.9637,1,1255.0523,407.4318,2.9321,
438027789949,10306.9,1348.4604,493.9985,1,2.8874,1,1165.4744,344.5071,1,2.9376,1,1256.9674,419.2528,2.9125,
438027793949,10310.9,1329.7917,485.0188,1,2.9221,1,1169.785,350.2732,1,2.9537,1,1249.7883,417.646,2.9379,
438027797948,10314.9,1347.204,496.3778,1,2.8634,1,1153.2454,342.1177,1,2.9574,1,1250.2247,419.2478,2.9104,
438027801947,10318.9,1332.3643,490.4847,1,2.8973,1,1166.8152,356.7708,1,2.91,1,1249.5898,423.6278,2.9036,
438027805949,10322.9,1336.4694,483.1264,1,2.8523,1,1158.4587,336.2005,1,2.9683,1,1247.4641,409.6634,2.9103,
438027809948,10326.9,1324.3317,495.2949,1,2.8459,1,1161.8404,326.995,1,2.964,1,1243.086,411.1449,2.905,
438027813949,10330.9,1308.6425,474.6336,1,2.9763,1,1168.582,347.3951,1,2.9312,1,1238.6123,411.0143,2.9538,
438027817949,10334.9,1335.4098,504.4581,1,2.9071,1,1159.3866,325.918,1,2.9974,1,1247.3982,415.1881,2.9523,
438027821949,10338.9,1342.9329,504.2828,1,2.8843,1,1158.9584,338.4709,1,2.9705,1,1250.9457,421.3768,2.9274,
438027825948,10342.9,1339.012,469.7623,1,2.9511,1,1160.4041,321.1416,1,3.0061,1,1249.708,395.452,2.9786,
438027829949,10346.9,1348.1376,470.9827,1,2.9019,1,1162.8892,335.7774,1,2.9544,1,1255.5134,403.3801,2.9281,
438027833949,10350.9,1354.5261,487.5284,1,2.8794,1,1167.8878,328.2753,1,2.9807,1,1261.207,407.9019,2.9301,
438027837948,10354.9,1345.7079,477.9724,1,2.9302,1,1147.554,324.9875,1,2.9912,1,1246.631,401.4799,2.9607,
438027841949,10358.9,1345.5486,519.1448,1,2.8309,1,1171.2579,366.6303,1,2.8841,1,1258.4033,442.8875,2.8575,
438027845948,10362.9,1345.2818,477.1804,1,2.9107,1,1167.3706,331.9302,1,2.9683,1,1256.3262,404.5553,2.9395,
438027849947,10366.9,1334.0243,466.656,1,2.9651,1,1164.4804,339.5932,1,2.9773,1,1249.2523,403.1246,2.9712,
438027853949,10370.9,1331.0251,487.5052,1,2.8955,1,1165.8762,363.1979,1,2.9129,1,1248.4507,425.3516,2.9042,
438027857948,10374.9,1336.3884,479.268,1,2.903,1,1172.2829,331.5337,1,2.9868,1,1254.3356,405.4008,2.9449,
438027861948,10378.9,1329.4093,467.4158,1,2.9225,1,1177.2673,336.1226,1,2.956,1,1253.3383,401.7692,2.9393,
438027865949,10382.9,1344.8544,493.2823,1,2.8626,1,1160.6796,336.6265,1,2.9756,1,1252.767,414.9544,2.9191,
438027869949,10386.9,1337.9256,473.1797,1,2.9042,1,1168.8928,356.0194,1,2.9342,1,1253.4092,414.5996,2.9192,
438027873949,10390.9,1355.2074,498.1057,1,2.8514,1,1165.5634,335.4351,1,2.9877,1,1260.3854,416.7704,2.9196,
438027877949,10394.9,1333.506,475.829,1,2.9339,1,1174.2044,333.9454,1,2.9641,1,1253.8552,404.8872,2.949,
438027881949,10398.9,1327.1492,478.9227,1,2.8867,1,1170.0354,349.3618,1,2.917,1,1248.5923,414.1422,2.9018,
438027885948,10402.9,1346.154,488.7006,1,2.8286,1,1163.6187,336.3242,1,2.9612,1,1254.8863,412.5124,2.8949,
438027889949,10406.9,1340.4698,529.1417,1,2.7816,1,1163.9108,335.8731,1,2.9525,1,1252.1903,432.5074,2.8671,
438027893949,10410.9,1329.9023,481.3882,1,2.9178,1,1152.8106,340.5441,1,2.9444,1,1241.3565,410.9661,2.9311,
438027897949,10414.9,1337.9287,483.2703,1,2.9102,1,1157.9398,357.8296,1,2.921,1,1247.9342,420.5499,2.9156,
438027901949,10418.9,1343.3232,498.5506,1,2.8814,1,1158.023,321.6506,1,2.9906,1,1250.6731,410.1006,2.936,
438027905949,10422.9,1349.5814,492.1409,1,2.8793,1,1162.0599,338.9548,1,2.9462,1,1255.8206,415.5479,2.9127,
438027909949,10426.9,1351.5427,478.771,1,2.935,1,1172.571,363.2298,1,2.901,1,1262.0568,421.0004,2.918,
438027913948,10430.9,1340.8133,492.1393,1,2.9188,1,1166.2516,343.673,1,2.9451,1,1253.5324,417.9062,2.9319,
438027917949,10434.9,1348.0411,494.6154,1,2.9175,1,1178.3486,344.6588,1,2.9562,1,1263.1948,419.6371,2.9369,
438027921949,10438.9,1349.9753,494.529,1,2.9424,1,1174.1749,357.4018,1,2.9188,1,1262.0751,425.9654,2.9306,
438027925948,10442.9,1350.6039,489.1199,1,2.9323,1,1177.4739,365.5367,1,2.8885,1,1264.0389,427.3283,2.9104,
438027929949,10446.9,1349.206,493.0835,1,2.8891,1,1174.8204,349.9173,1,2.922,1,1262.0132,421.5004,2.9056,
438027933949,10450.9,1338.662,494.1153,1,2.9064,1,1165.0459,326.9351,1,3.0111,1,1251.8539,410.5252,2.9588,
438027937948,10454.9,1339.7639,499.6544,1,2.8977,1,1161.6393,341.9358,1,2.9635,1,1250.7016,420.7951,2.9306,
438027941949,10458.9,1342.8484,479.6741,1,2.8945,1,1178.5167,343.8028,1,2.958,1,1260.6825,411.7384,2.9262,
438027945949,10462.9,1333.292,477.9976,1,2.8922,1,1166.5687,343.6348,1,2.9706,1,1249.9303,410.8162,2.9314,
438027949948,10466.9,1339.8625,476.1096,1,2.8927,1,1174.4881,359.5191,1,2.9286,1,1257.1753,417.8143,2.9107,
438027953949,10470.9,1328.2838,487.3401,1,2.9007,1,1160.1275,335.2197,1,2.9982,1,1244.2057,411.2799,2.9494,
438027957949,10474.9,1330.666,481.7951,1,2.9521,1,1175.0196,345.2443,1,2.9809,1,1252.8428,413.5197,2.9665,
438027961948,10478.9,1346.5613,514.0753,1,2.9003,1,1162.8143,331.1765,1,3.005,1,1254.6878,422.6259,2.9527,
438027965948,10482.9,1344.264,507.9331,1,2.8992,1,1176.9922,340.9495,1,2.9848,1,1260.6281,424.4413,2.942,
438027969947,10486.9,1350.8978,496.5018,1,2.8878,1,1174.5676,331.6168,1,3.0131,1,1262.7327,414.0593,2.9504,
438027973946,10490.9,1334.6891,491.9668,1,2.9138,1,1155.3589,334.9673,1,3.0146,1,1245.024,413.467,2.9642,
438027977947,10494.9,1344.0396,496.4245,1,2.8633,1,1158.6313,344.8841,1,2.962,1,1251.3354,420.6543,2.9127,
438027981947,10498.9,1335.2015,505.6049,1,2.8781,1,1171.5286,350.9937,1,2.9597,1,1253.3651,428.2993,2.9189,
438027985946,10502.9,1335.7258,516.6723,1,2.8017,1,1143.1314,307.7659,1,3.0979,1,1239.4286,412.2191,2.9498,
438027989947,10506.9,1314.7034,466.7795,1,2.9381,1,1161.0114,357.4091,1,2.9547,1,1237.8574,412.0943,2.9464,
438027993947,10510.9,1315.6812,485.1,1,2.908,1,1161.0561,325.1317,1,3.0192,1,1238.3687,405.1159,2.9636,
438027997947,10514.9,1330.3828,479.5777,1,2.9307,1,1181.4143,329.5127,1,3.0155,1,1255.8986,404.5452,2.9731,
438028001948,10518.9,1328.544,500.4935,1,2.9171,1,1178.4104,334.4005,1,3.0089,1,1253.4772,417.447,2.963,
438028005948,10522.9,1339.9685,489.7567,1,2.9391,1,1168.6282,335.2006,1,3.0022,1,1254.2983,412.4786,2.9706,
438028009947,10526.9,1341.5497,520.4215,1,2.8208,1,1168.8631,352.1686,1,2.9798,1,1255.2064,436.2951,2.9003,
438028013948,10530.9,1337.9593,482.5168,1,2.9594,1,1169.4955,339.1656,1,2.9862,1,1253.7274,410.8412,2.9728,
438028017948,10534.9,1338.3307,486.2746,1,2.8946,1,1161.8982,342.6365,1,2.9884,1,1250.1144,414.4555,2.9415,
438028021947,10538.9,1337.8084,485.9453,1,2.9074,1,1171.2505,341.8077,1,3.0044,1,1254.5294,413.8765,2.9559,
438028025948,10542.9,1348.1208,479.1821,1,2.9354,1,1139.6957,340.2954,1,3.0065,1,1243.9082,409.7388,2.971,
438028029948,10546.9,1344.5635,480.1522,1,2.901,1,1172.6285,352.27,1,2.9444,1,1258.596,416.2111,2.9227,
438028033947,10550.9,1341.0406,466.1753,1,2.9386,1,1161.1806,349.912,1,2.9953,1,1251.1106,408.0437,2.9669,
438028037948,10554.9,1340.3684,476.6773,1,2.9692,1,1156.6093,349.0007,1,2.9925,1,1248.4888,412.839,2.9809,
438028041948,10558.9,1331.8295,482.5546,1,2.9433,1,1177.7311,345.2315,1,2.9932,1,1254.7803,413.893,2.9683,
438028045947,10562.9,1322.5529,490.1915,1,2.8969,1,1167.429,352.5376,1,2.9689,1,1244.991,421.3646,2.9329,
438028049948,10566.9,1340.6717,475.4352,1,2.9304,1,1166.044,342.9441,1,2.9532,1,1253.3578,409.1897,2.9418,
438028053947,10570.9,1316.2858,469.7976,1,2.9718,1,1171.6003,355.1036,1,2.9774,1,1243.9431,412.4506,2.9746,
438028057946,10574.9,1336.9591,488.586,1,2.9568,1,1179.5288,340.0147,1,3.0356,1,1258.244,414.3004,2.9962,
438028061948,10578.9,1329.6212,485.0836,1,2.9004,1,1181.2531,364.8251,1,2.9584,1,1255.4371,424.9543,2.9294,
438028065948,10582.9,1349.206,473.8524,1,2.9572,1,1180.1674,352.2684,1,2.9759,1,1264.6867,413.0604,2.9665,
438028069947,10586.9,1339.2794,491.1404,1,2.9059,1,1166.9439,340.0088,1,2.9838,1,1253.1116,415.5746,2.9449,
438028073947,10590.9,1335.905,464.9799,1,2.9462,1,1176.632,343.4691,1,2.9885,1,1256.2685,404.2245,2.9674,
438028077948,10594.9,1337.8168,487.8199,1,2.9137,1,1165.8165,358.8963,1,2.9773,1,1251.8167,423.3581,2.9455,
438028081946,10598.9,1343.3755,476.5388,1,2.962,1,1170.1759,323.5542,1,3.0385,1,1256.7757,400.0465,3.0003,
438028085948,10602.9,1334.4091,490.0527,1,2.9535,1,1170.077,332.2185,1,3.0253,1,1252.2431,411.1356,2.9894,
438028089948,10606.9,1327.2227,507.1042,1,2.8966,1,1159.3985,346.2189,1,3.0035,1,1243.3106,426.6615,2.9501,
438028093947,10610.9,1332.2429,511.1188,1,2.8666,1,1164.9858,341.215,1,3.0128,1,1248.6143,426.1669,2.9397,
438028097948,10614.9,1348.6964,490.9646,1,2.9647,1,1157.1935,339.4922,1,3.0078,1,1252.9449,415.2284,2.9863,
438028101948,10618.9,1339.5704,498.8975,1,2.9326,1,1164.6216,332.27,1,3.0325,1,1252.096,415.5838,2.9825,
438028105948,10622.9,1350.7387,502.4408,1,2.9113,1,1147.8797,321.7446,1,3.0558,1,1249.3092,412.0927,2.9836,
438028109947,10626.9,1335.3989,478.5946,1,2.9556,1,1163.1624,349.6242,1,2.9807,1,1249.2807,414.1094,2.9681,
438028113948,10630.9,1349.0408,491.9757,1,2.924,1,1164.0594,352.1477,1,2.9596,1,1256.5501,422.0617,2.9418,
438028117948,10634.9,1352.8518,472.0217,1,2.9605,1,1174.4912,358.1546,1,2.9637,1,1263.6715,415.0881,2.9621,
438028121946,10638.9,1338.9742,492.1049,1,2.9358,1,1160.4916,316.7241,1,3.0462,1,1249.7329,404.4145,2.991,
438028125947,10642.9,1346.5101,476.8806,1,2.9587,1,1158.4692,337.2187,1,2.9879,1,1252.4896,407.0496,2.9733,
438028129947,10646.9,1323.9795,487.089,1,2.9363,1,1168.3578,360.8271,1,2.9743,1,1246.1686,423.9581,2.9553,
438028133946,10650.9,1332.9237,481.2377,1,2.8984,1,1170.8052,350.5143,1,2.9934,1,1251.8645,415.876,2.9459,
438028137947,10654.9,1325.4619,477.0729,1,2.9301,1,1175.9064,333.129,1,3.0072,1,1250.6842,405.101,2.9687,
438028141947,10658.9,1328.5551,465.2396,1,2.9328,1,1173.9784,326.8782,1,3.0324,1,1251.2668,396.0589,2.9826,
438028145946,10662.9,1337.1239,476.1542,1,2.9522,1,1189.1425,348.0698,1,2.9646,1,1263.1332,412.112,2.9584,
438028149947,10666.9,1334.4249,457.6484,1,2.9962,1,1172.8267,358.5767,1,2.9503,1,1253.6258,408.1125,2.9732,
438028153947,10670.9,1339.624,460.6974,1,2.9457,1,1167.9324,336.1182,1,3.0381,1,1253.7782,398.4078,2.9919,
438028157946,10674.9,1336.7355,464.017,1,2.9692,1,1173.2326,329.9166,1,3.0305,1,1254.9841,396.9668,2.9998,
438028161947,10678.9,1349.5822,483.8521,1,2.9624,1,1176.9963,345.9758,1,2.9633,1,1263.2893,414.9139,2.9628,
438028165947,10682.9,1345.7617,472.3658,1,2.9905,1,1171.867,340.6575,1,3.0297,1,1258.8143,406.5117,3.0101,
438028169946,10686.9,1338.0297,487.3887,1,2.912,1,1175.2138,359.7349,1,2.9472,1,1256.6218,423.5618,2.9296,
438028173947,10690.9,1323.1254,488.162,1,2.9652,1,1160.8817,342.8729,1,3.0112,1,1242.0035,415.5174,2.9882,
438028177947,10694.9,1337.6902,481.9571,1,2.983,1,1170.1744,337.5084,1,2.9987,1,1253.9323,409.7327,2.9909,
438028181946,10698.9,1331.1738,483.7811,1,2.961,1,1164.5102,343.4818,1,2.9632,1,1247.842,413.6314,2.9621,
438028185947,10702.9,1334.4031,468.535,1,3.0075,1,1178.1898,342.4288,1,2.9741,1,1256.2965,405.4819,2.9908,
438028189947,10706.9,1322.6461,479.5089,1,2.9859,1,1157.8214,323.1058,1,3.023,1,1240.2338,401.3074,3.0045,
438028192269,10709.3,,,0,,0,,,0,,0,,,,Trial_0_Video_End
438028192328,10709.3,,,0,,0,,,0,,0,,,,Trial_0_LookingTime_10.0
438028193946,10710.9,1326.1311,472.838,1,2.9914,1,1158.9728,337.3303,1,2.9903,1,1242.5519,405.0842,2.9908,
438028197948,10714.9,1334.793,487.9076,1,2.9577,1,1164.2709,355.4588,1,2.9605,1,1249.5319,421.6832,2.9591,
438028201946,10718.9,1329.2451,463.6168,1,2.9997,1,1164.7317,334.059,1,2.9967,1,1246.9884,398.8379,2.9982,
438028205945,10722.9,1341.4158,478.1077,1,2.9288,1,1169.1719,360.9209,1,2.9398,1,1255.2938,419.5143,2.9343,
438028209946,10726.9,1332.2721,474.8751,1,2.9229,1,1174.943,342.5683,1,2.9902,1,1253.6076,408.7217,2.9566,
438028213943,10730.9,1345.8063,496.8003,1,2.8997,1,1157.6208,304.5527,1,3.0829,1,1251.7136,400.6765,2.9913,
438028217942,10734.9,1340.3319,490.512,1,2.8747,1,1173.303,354.7499,1,2.9673,1,1256.8175,422.631,2.921,
438028221943,10738.9,1341.7714,468.4188,1,2.9385,1,1175.9803,365.8212,1,2.9074,1,1258.8758,417.12,2.923,
438028225943,10742.9,1342.1672,494.1588,1,2.9031,1,1188.1519,332.3391,1,3.0061,1,1265.1596,413.249,2.9546,
438028229942,10746.9,1328.2974,483.8943,1,2.9695,1,1167.2764,351.9492,1,2.9798,1,1247.7869,417.9217,2.9746,
438028233943,10750.9,1324.7421,491.6415,1,2.9314,1,1164.5057,327.467,1,3.0501,1,1244.6239,409.5543,2.9908,
438028237943,10754.9,1310.0355,496.8319,1,2.9273,1,1171.5923,324.7922,1,3.008,1,1240.8139,410.8121,2.9677,
438028241943,10758.9,1312.9177,483.0759,1,2.9425,1,1165.459,341.808,1,2.9566,1,1239.1883,412.4419,2.9496,
438028245943,10762.9,1342.5599,490.5758,1,2.8863,1,1169.9138,348.0989,1,2.983,1,1256.2368,419.3374,2.9347,
438028249943,10766.9,1345.0196,491.0536,1,2.9015,1,1175.5007,342.6785,1,2.9871,1,1260.2602,416.8661,2.9443,
438028253943,10770.9,1332.0172,473.884,1,2.9378,1,1161.5896,349.7749,1,2.9569,1,1246.8034,411.8294,2.9473,
438028257944,10774.9,1352.9221,478.7458,1,2.8607,1,1175.5151,337.8783,1,2.9783,1,1264.2186,408.312,2.9195,
438028261944,10778.9,1334.0453,478.6222,1,2.9104,1,1171.5942,350.355,1,2.9544,1,1252.8197,414.4886,2.9324,
438028265943,10782.9,1338.4507,467.1392,1,2.9185,1,1169.4204,311.877,1,3.0493,1,1253.9355,389.5081,2.9839,
438028269943,10786.9,1337.1991,478.6576,1,2.9237,1,1161.0157,348.1439,1,2.9868,1,1249.1074,413.4008,2.9552,
438028273944,10790.9,1324.3648,488.1122,1,2.9098,1,1172.3357,355.1466,1,2.9672,1,1248.3503,421.6294,2.9385,
438028277943,10794.9,1338.1874,477.8508,1,2.9157,1,1175.3115,340.3504,1,2.9567,1,1256.7495,409.1006,2.9362,
438028281944,10798.9,1325.3506,509.0504,1,2.8789,1,1159.1659,351.0091,1,2.9755,1,1242.2582,430.0298,2.9272,
438028285944,10802.9,1340.5574,515.7543,1,2.8252,1,1161.7355,339.853,1,3.0213,1,1251.1465,427.8036,2.9233,
438028289943,10806.9,1332.6091,486.1135,1,2.9456,1,1151.4884,329.9597,1,3.0658,1,1242.0487,408.0366,3.0057,
438028293943,10810.9,1348.4775,496.8051,1,2.8863,1,1166.6955,342.737,1,3.0058,1,1257.5865,419.771,2.946,
438028297943,10814.9,1334.5287,493.215,1,2.9612,1,1159.532,346.9861,1,2.9706,1,1247.0304,420.1006,2.9659,
438028301943,10818.9,1338.6597,494.6208,1,2.9578,1,1151.2252,350.5359,1,2.9829,1,1244.9424,422.5783,2.9704,
438028305943,10822.9,1340.9703,487.4813,1,2.9642,1,1174.1547,349.6011,1,2.9609,1,1257.5625,418.5412,2.9626,
438028309943,10826.9,1334.6433,472.0537,1,2.9788,1,1168.7479,354.9994,1,2.9859,1,1251.6956,413.5266,2.9823,
438028313942,10830.9,1334.5507,498.0101,1,2.9031,1,1168.3244,357.2485,1,2.9515,1,1251.4375,427.6293,2.9273,
438028317942,10834.9,1325.3657,470.3025,1,2.9433,1,1167.8985,337.4791,1,2.9772,1,1246.6321,403.8908,2.9602,
438028321943,10838.9,1347.1604,502.9468,1,2.8703,1,1181.5548,320.7707,1,3.0639,1,1264.3576,411.8588,2.9671,
438028325943,10842.9,1317.8603,493.4632,1,2.9007,1,1186.6693,372.1372,1,2.947,1,1252.2648,432.8002,2.9238,
438028329942,10846.9,1345.9409,491.2946,1,2.957,1,1168.7327,362.2958,1,2.9594,1,1257.3368,426.7952,2.9582,
438028333943,10850.9,1338.2564,481.3962,1,2.934,1,1162.0584,320.9339,1,3.0408,1,1250.1574,401.165,2.9874,
438028337943,10854.9,1328.9897,487.0553,1,2.9692,1,1172.3106,324.5017,1,3.0206,1,1250.6501,405.7785,2.9949,
438028341943,10858.9,1344.8315,500.926,1,2.9016,1,1169.7533,340.8556,1,2.989,1,1257.2924,420.8908,2.9453,
438028345945,10862.9,1338.1435,487.6021,1,2.936,1,1169.7334,350.7477,1,2.9588,1,1253.9384,419.1749,2.9474,
438028349946,10866.9,1350.5438,506.7158,1,2.8749,1,1165.2781,331.636,1,3.0042,1,1257.9109,419.1759,2.9396,
438028353945,10870.9,1337.5685,484.5649,1,2.9078,1,1157.5806,302.6891,1,3.0843,1,1247.5746,393.627,2.9961,
438028357946,10874.9,1345.8221,497.2805,1,2.9115,1,1181.2625,360.2051,1,2.9431,1,1263.5423,428.7428,2.9273,
438028361945,10878.9,1349.3129,510.6301,1,2.8185,1,1174.104,343.9672,1,3.0057,1,1261.7084,427.2986,2.9121,
438028365945,10882.9,1336.2579,473.9349,1,2.9522,1,1171.3442,334.6361,1,3.0079,1,1253.8011,404.2855,2.9801,
438028369946,10886.9,1336.2041,492.9447,1,2.9185,1,1166.9884,341.7308,1,2.9944,1,1251.5963,417.3377,2.9565,
438028373946,10890.9,1339.9713,498.9537,1,2.9285,1,1185.2765,331.004,1,3.0249,1,1262.6239,414.9789,2.9767,
438028377945,10894.9,1332.4023,498.274,1,2.9458,1,1162.7592,364.0695,1,2.9603,1,1247.5808,431.1718,2.953,
438028381946,10898.9,1337.5516,492.0746,1,2.9247,1,1191.8575,360.0503,1,2.9454,1,1264.7046,426.0624,2.9351,
438028385945,10902.9,1337.9557,500.684,1,2.9163,1,1182.1163,353.0271,1,2.965,1,1260.036,426.8555,2.9407,
438028389945,10906.9,1338.0256,516.9238,1,2.8935,1,1189.6438,352.7412,1,2.9899,1,1263.8347,434.8325,2.9417,
438028393946,10910.9,1340.1868,477.6797,1,2.9467,1,1168.6336,364.6102,1,2.955,1,1254.4102,421.1449,2.9508,
438028397946,10914.9,1326.0964,494.7346,1,2.9173,1,1166.8264,326.7243,1,3.0281,1,1246.4614,410.7295,2.9727,
438028401945,10918.9,1339.4928,500.8728,1,2.896,1,1189.4773,345.5802,1,3.0039,1,1264.4851,423.2265,2.95,
438028405946,10922.9,1331.5719,490.961,1,2.9236,1,1170.0263,349.1338,1,2.9762,1,1250.7991,420.0474,2.9499,
438028409945,10926.9,1337.8393,489.7498,1,2.9311,1,1185.495,348.5646,1,2.9812,1,1261.6671,419.1572,2.9562,
438028413945,10930.9,1327.9296,487.5403,1,2.9142,1,1172.0645,339.567,1,3.0331,1,1249.9971,413.5537,2.9737,
438028417946,10934.9,1336.9536,484.1835,1,2.9326,1,1168.6032,354.7575,1,2.9642,1,1252.7784,419.4705,2.9484,
438028421946,10938.9,1338.5748,486.8928,1,2.953,1,1180.2251,343.5722,1,3.0091,1,1259.3999,415.2325,2.9811,
438028425945,10942.9,1344.5697,481.9819,1,2.9504,1,1172.0496,350.9309,1,2.9975,1,1258.3097,416.4564,2.974,
438028429946,10946.9,1347.6553,480.4497,1,2.9774,1,1167.7781,346.9584,1,2.9888,1,1257.7167,413.7041,2.9831,
438028433944,10950.9,1334.4895,501.3245,1,2.9501,1,1160.9473,344.1207,1,2.9957,1,1247.7184,422.7226,2.9729,
438028437944,10954.9,1343.7645,499.6543,1,2.9481,1,1159.1361,334.1256,1,3.0288,1,1251.4503,416.89,2.9885,
438028441945,10958.9,1338.8333,487.0276,1,2.9983,1,1155.0859,317.5477,1,3.0327,1,1246.9596,402.2876,3.0155,
438028445945,10962.9,1322.8587,481.4056,1,2.9724,1,1166.6243,347.4202,1,2.9444,1,1244.7415,414.4129,2.9584,
438028449944,10966.9,1336.0515,470.6309,1,2.9735,1,1165.8908,361.3649,1,2.9552,1,1250.9711,415.9979,2.9643,
438028453945,10970.9,1340.3453,462.4606,1,2.9536,1,1167.0471,344.0158,1,2.9715,1,1253.6962,403.2382,2.9626,
438028457944,10974.9,1349.6102,479.914,1,2.9301,1,1166.312,354.256,1,2.9908,1,1257.9611,417.085,2.9604,
438028461944,10978.9,1341.9075,459.8104,1,2.9646,1,1164.472,330.8652,1,3.0295,1,1253.1898,395.3378,2.9971,
438028465945,10982.9,1338.8428,490.406,1,2.9203,1,1170.673,340.9745,1,3.0124,1,1254.7579,415.6903,2.9663,
438028469945,10986.9,1328.1646,487.2593,1,2.906,1,1177.9478,350.859,1,2.9901,1,1253.0562,419.0592,2.9481,
438028473942,10990.9,1328.3835,485.473,1,2.9031,1,1177.8255,361.8877,1,2.9472,1,1253.1045,423.6803,2.9252,
438028477943,10994.9,1328.9731,500.7696,1,2.8943,1,1170.1925,349.6197,1,2.9861,1,1249.5828,425.1946,2.9402,
438028481942,10998.9,1342.7203,477.4018,1,2.9733,1,1167.7983,345.7036,1,3.0025,1,1255.2593,411.5527,2.9879,
438028485941,11002.9,1323.3806,492.9839,1,2.9126,1,1172.9765,350.9718,1,2.9789,1,1248.1785,421.9779,2.9457,
438028489942,11006.9,1345.7595,500.6822,1,2.9094,1,1164.5556,349.9095,1,2.9654,1,1255.1575,425.2959,2.9374,
438028493942,11010.9,1337.1936,481.1178,1,2.8948,1,1157.3993,329.9397,1,3.0156,1,1247.2964,405.5288,2.9552,
438028497941,11014.9,1356.5654,485.0942,1,2.8827,1,1163.1036,337.7285,1,3.0062,1,1259.8345,411.4113,2.9444,
438028501942,11018.9,1349.9577,478.0063,1,2.9426,1,1167.5704,369.2105,1,2.8982,1,1258.764,423.6084,2.9204,
438028505942,11022.9,1355.5487,462.7992,1,2.9341,1,1168.2548,354.9675,1,2.9425,1,1261.9017,408.8833,2.9383,
438028509941,11026.9,1329.1207,481.602,1,2.9272,1,1163.7662,322.4007,1,3.0206,1,1246.4434,402.0013,2.9739,
438028513942,11030.9,1335.1447,486.6473,1,2.9008,1,1176.9196,369.0961,1,2.9215,1,1256.0321,427.8717,2.9111,
438028517943,11034.9,1346.5045,487.2678,1,2.8885,1,1163.2518,355.0145,1,2.9564,1,1254.8781,421.1411,2.9224,
438028521943,11038.9,1332.1423,484.3999,1,2.8945,1,1159.0375,346.976,1,2.9714,1,1245.5899,415.688,2.933,
438028525942,11042.9,1341.4753,501.6022,1,2.8435,1,1168.3824,332.8886,1,3.0161,1,1254.9288,417.2454,2.9298,
438028529943,11046.9,1340.8888,474.2799,1,2.8827,1,1156.4616,340.059,1,2.9758,1,1248.6752,407.1695,2.9293,
438028533943,11050.9,1334.3713,509.5031,1,2.8332,1,1155.0641,337.1475,1,3.0097,1,1244.7177,423.3253,2.9215,
438028537943,11054.9,1327.3063,471.9479,1,2.942,1,1159.4748,359.7428,1,2.9299,1,1243.3905,415.8454,2.936,
438028541943,11058.9,1354.4149,485.3121,1,2.9028,1,1158.9228,339.2812,1,2.9909,1,1256.6689,412.2967,2.9468,
438028545942,11062.9,1335.1558,478.2857,1,2.9164,1,1184.317,367.8498,1,2.907,1,1259.7364,423.0678,2.9117,
438028549942,11066.9,1340.4175,477.4939,1,2.8876,1,1173.7045,344.3281,1,2.9868,1,1257.061,410.911,2.9372,
438028553942,11070.9,1333.2132,454.6711,1,2.9795,1,1165.2122,346.0314,1,2.9575,1,1249.2127,400.3513,2.9685,
438028557943,11074.9,1353.3016,477.383,1,2.9019,1,1173.1809,348.9088,1,2.9891,1,1263.2413,413.1459,2.9455,
438028561943,11078.9,1336.5421,475.4583,1,2.9146,1,1169.2877,345.7026,1,2.9643,1,1252.9149,410.5804,2.9395,
438028565943,11082.9,1342.3299,466.2347,1,2.9483,1,1160.7909,331.9398,1,3.0097,1,1251.5604,399.0873,2.979,
438028569943,11086.9,1349.4142,479.374,1,2.9176,1,1150.9792,322.2401,1,3.0386,1,1250.1967,400.807,2.9781,
438028573942,11090.9,1347.9276,477.5102,1,2.9036,1,1143.0825,341.3878,1,3.0014,1,1245.505,409.449,2.9525,
438028577943,11094.9,1335.6913,463.9743,1,2.9368,1,1160.7576,362.9884,1,2.943,1,1248.2245,413.4813,2.9399,
438028581942,11098.9,1346.269,461.879,1,2.9443,1,1138.4027,339.6513,1,2.953,1,1242.3359,400.7652,2.9487,
438028585943,11102.9,1340.0111,457.8912,1,2.9382,1,1159.4353,353.6303,1,2.9504,1,1249.7232,405.7608,2.9443,
438028589943,11106.9,1339.5977,470.1284,1,2.9299,1,1165.9774,336.613,1,2.9781,1,1252.7875,403.3707,2.954,
438028593943,11110.9,1326.562,471.5936,1,2.9041,1,1170.8268,345.901,1,2.9714,1,1248.6944,408.7473,2.9377,
438028597942,11114.9,1348.1308,478.776,1,2.9059,1,1186.8728,364.8949,1,2.8917,1,1267.5018,421.8354,2.8988,
438028601942,11118.9,1339.8635,485.8254,1,2.8795,1,1162.1087,342.6574,1,2.961,1,1250.9861,414.2414,2.9202,
438028605946,11122.9,1332.683,467.2231,1,2.9839,1,1172.9959,344.2401,1,2.9555,1,1252.8395,405.7316,2.9697,
438028609946,11126.9,1336.0272,477.9982,1,2.928,1,1162.2394,346.5283,1,2.9547,1,1249.1333,412.2633,2.9414,
438028613953,11130.9,1343.034,492.5942,1,2.8809,1,1169.1242,319.666,1,3.0312,1,1256.0791,406.1301,2.956,
438028617946,11134.9,1332.1588,478.4359,1,2.936,1,1162.3167,343.997,1,2.9906,1,1247.2377,411.2164,2.9633,
438028621944,11138.9,1339.5249,490.4264,1,2.8783,1,1169.7215,326.4725,1,3.0131,1,1254.6232,408.4495,2.9457,
438028625945,11142.9,1335.5673,486.1711,1,2.8994,1,1160.052,343.133,1,2.9406,1,1247.8096,414.652,2.92,
438028629945,11146.9,1336.6786,495.7754,1,2.8681,1,1172.3256,345.0933,1,2.9689,1,1254.5021,420.4344,2.9185,
438028633945,11150.9,1326.2244,491.8129,1,2.918,1,1164.9536,326.7901,1,2.9916,1,1245.589,409.3015,2.9548,
438028637945,11154.9,1331.4591,493.4762,1,2.9262,1,1177.275,344.4166,1,2.9772,1,1254.367,418.9464,2.9517,
438028641945,11158.9,1329.5049,492.3074,1,2.9262,1,1162.8522,328.036,1,3.0091,1,1246.1786,410.1717,2.9676,
438028645944,11162.9,1335.5885,484.008,1,2.9225,1,1161.4406,334.8001,1,2.9869,1,1248.5145,409.404,2.9547,
438028649945,11166.9,1343.7572,465.676,1,2.9483,1,1158.1556,316.1103,1,3.0276,1,1250.9564,390.8931,2.988,
438028653945,11170.9,1338.465,486.278,1,2.9389,1,1157.375,323.2178,1,3.0159,1,1247.92,404.7479,2.9774,
438028657945,11174.9,1334.8376,468.4663,1,2.9344,1,1180.7885,313.5557,1,3.0353,1,1257.813,391.011,2.9849,
438028661945,11178.9,1346.4799,484.1716,1,2.8949,1,1168.3775,343.0433,1,2.9674,1,1257.4287,413.6074,2.9312,
438028665945,11182.9,1346.1827,513.3684,1,2.8275,1,1174.9679,333.2488,1,2.9841,1,1260.5753,423.3086,2.9058,
438028669943,11186.9,1340.3516,461.0509,1,2.9487,1,1168.1648,346.3979,1,2.9848,1,1254.2582,403.7244,2.9668,
438028673944,11190.9,1339.9381,467.1914,1,2.9298,1,1156.9522,339.1678,1,2.9776,1,1248.4452,403.1796,2.9537,
438028677944,11194.9,1332.7613,486.7314,1,2.8853,1,1153.9087,312.7454,1,3.0537,1,1243.335,399.7384,2.9695,
438028681944,11198.9,1357.8359,489.8029,1,2.875,1,1156.6154,318.0187,1,3.0392,1,1257.2257,403.9108,2.9571,
438028685944,11202.9,1350.148,478.3661,1,2.8936,1,1150.2101,337.3428,1,2.9976,1,1250.179,407.8544,2.9456,
438028689944,11206.9,1362.0258,460.2769,1,2.91,1,1163.9824,353.5363,1,2.8985,1,1263.0041,406.9066,2.9042,
438028693943,11210.9,1343.498,475.6567,1,2.8907,1,1149.1663,327.8826,1,2.9668,1,1246.3321,401.7697,2.9287,
438028697944,11214.9,1349.7267,475.5097,1,2.9197,1,1153.2869,355.6314,1,2.925,1,1251.5068,415.5706,2.9223,
438028701945,11218.9,1315.2406,463.7864,1,2.9298,1,1151.8042,373.6937,1,2.9535,1,1233.5224,418.7401,2.9417,
438028705944,11222.9,1318.3447,292.5807,1,2.4501,1,1156.6529,316.0599,1,2.796,1,1237.4988,304.3203,2.623,
438028709944,11226.9,,,0,,0,1208.0625,216.6819,1,2.5135,1,1208.0625,216.6819,2.5135,
438028713944,11230.9,,,0,,0,,,0,,0,,,,
438028717945,11234.9,,,0,,0,,,0,,0,,,,
438028721945,11238.9,,,0,,0,,,0,,0,,,,
438028725944,11242.9,,,0,,0,,,0,,0,,,,
438028729944,11246.9,,,0,,0,,,0,,0,,,,
438028733945,11250.9,,,0,,0,,,0,,0,,,,
438028737943,11254.9,,,0,,0,,,0,,0,,,,
438028741942,11258.9,,,0,,0,,,0,,0,,,,
438028745942,11262.9,,,0,,0,,,0,,0,,,,
438028749943,11266.9,,,0,,0,,,0,,0,,,,
438028753943,11270.9,,,0,,0,,,0,,0,,,,
438028757942,11274.9,,,0,,0,,,0,,0,,,,
438028761943,11278.9,,,0,,0,,,0,,0,,,,
438028765943,11282.9,,,0,,0,,,0,,0,,,,
438028769943,11286.9,,,0,,0,,,0,,0,,,,
438028773950,11290.9,,,0,,0,,,0,,0,,,,
438028777950,11294.9,,,0,,0,,,0,,0,,,,
438028781950,11298.9,,,0,,0,,,0,,0,,,,
438028785942,11302.9,,,0,,0,,,0,,0,,,,
438028789950,11306.9,,,0,,0,,,0,,0,,,,
438028793941,11310.9,,,0,,0,,,0,,0,,,,
438028797942,11314.9,,,0,,0,,,0,,0,,,,
438028801942,11318.9,,,0,,0,,,0,,0,,,,
438028805942,11322.9,,,0,,0,,,0,,0,,,,
438028809941,11326.9,,,0,,0,,,0,,0,,,,
438028813942,11330.9,,,0,,0,,,0,,0,,,,
438028817942,11334.9,,,0,,0,,,0,,0,,,,
438028821941,11338.9,,,0,,0,685.598,253.9074,1,1.9024,1,685.598,253.9074,1.9024,
438028825943,11342.9,,,0,,0,,,0,,0,,,,
438028829950,11346.9,,,0,,0,,,0,,0,,,,
438028833942,11350.9,,,0,,0,,,0,,0,,,,
438028837950,11354.9,,,0,,0,,,0,,0,,,,
438028841950,11358.9,,,0,,0,,,0,,0,,,,
438028845950,11362.9,,,0,,0,,,0,,0,,,,
438028849950,11366.9,,,0,,0,,,0,,0,,,,
438028853950,11370.9,,,0,,0,694.2856,477.7662,1,2.7633,1,694.2856,477.7662,2.7633,
438028857950,11374.9,,,0,,0,729.9624,407.3927,1,2.9084,1,729.9624,407.3927,2.9084,
438028861950,11378.9,,,0,,0,730.8722,452.9142,1,2.9305,1,730.8722,452.9142,2.9305,
438028865942,11382.9,,,0,,0,736.9527,473.8893,1,2.9072,1,736.9527,473.8893,2.9072,
438028869940,11386.9,,,0,,0,732.2997,494.0264,1,2.9163,1,732.2997,494.0264,2.9163,
438028873941,11390.9,,,0,,0,739.7142,513.7325,1,2.9042,1,739.7142,513.7325,2.9042,
438028877941,11394.9,,,0,,0,740.5833,536.5937,1,2.9277,1,740.5833,536.5937,2.9277,
438028881942,11398.9,,,0,,0,745.3559,571.8915,1,2.8597,1,745.3559,571.8915,2.8597,
438028885941,11402.9,,,0,,0,744.7279,561.9309,1,2.9117,1,744.7279,561.9309,2.9117,
438028889942,11406.9,,,0,,0,745.3743,579.0487,1,2.9072,1,745.3743,579.0487,2.9072,
438028893941,11410.9,895.0551,566.809,1,2.9496,1,747.0662,580.7271,1,2.9263,1,821.0606,573.7681,2.9379,
438028897940,11414.9,892.4312,616.907,1,3.0289,1,743.6617,614.1214,1,2.8956,1,818.0465,615.5142,2.9622,
438028901940,11418.9,,,0,,0,751.862,581.4425,1,2.9043,1,751.862,581.4425,2.9043,
438028905941,11422.9,876.863,644.4914,1,3.0172,1,748.7604,564.3622,1,2.962,1,812.8117,604.4268,2.9896,
438028909939,11426.9,874.0435,672.2048,1,2.9946,1,738.0564,561.3759,1,2.9423,1,806.05,616.7904,2.9684,
438028913939,11430.9,886.1859,696.5365,1,2.9841,1,736.4997,535.6771,1,2.9578,1,811.3428,616.1068,2.971,
438028917939,11434.9,873.2229,692.6646,1,2.9714,1,742.0581,563.0716,1,2.9262,1,807.6405,627.8681,2.9488,
438028921939,11438.9,873.2438,702.9021,1,3.0131,1,742.3174,525.4864,1,2.9808,1,807.7806,614.1942,2.9969,
438028925940,11442.9,871.821,726.8663,1,2.9493,1,741.8986,535.3246,1,2.9586,1,806.8598,631.0954,2.9539,
438028929940,11446.9,883.2133,713.1525,1,2.9598,1,732.3665,541.4766,1,2.914,1,807.7899,627.3145,2.9369,
438028933939,11450.9,872.6865,693.2938,1,3.0108,1,723.884,531.7464,1,2.949,1,798.2852,612.5201,2.9799,
438028937940,11454.9,876.3948,752.3093,1,2.985,1,734.4166,519.8286,1,2.9661,1,805.4057,636.0689,2.9756,
438028941940,11458.9,866.0003,722.1548,1,2.9414,1,733.0233,528.2779,1,2.9267,1,799.5118,625.2164,2.9341,
438028945940,11462.9,880.3428,747.4862,1,3.0046,1,731.7259,517.2501,1,2.9703,1,806.0343,632.3681,2.9874,
438028949940,11466.9,886.7291,730.9064,1,3.005,1,742.1768,503.2954,1,2.9697,1,814.453,617.1009,2.9874,
438028953939,11470.9,874.5893,687.3739,1,3.0898,1,736.2694,504.2561,1,2.9848,1,805.4293,595.815,3.0373,
438028957939,11474.9,886.6294,637.2437,1,3.0356,1,734.7771,511.4805,1,2.9959,1,810.7033,574.3621,3.0158,
438028961940,11478.9,882.061,632.0606,1,2.9907,1,739.0166,526.9431,1,2.9605,1,810.5388,579.5019,2.9756,
438028965939,11482.9,887.6464,654.127,1,3.019,1,738.6255,511.1182,1,3.0133,1,813.1359,582.6226,3.0161,
438028969939,11486.9,883.4667,610.9088,1,3.0478,1,736.2171,536.0681,1,2.934,1,809.8419,573.4884,2.9909,
438028973939,11490.9,887.4141,619.8561,1,2.9867,1,740.6609,527.8947,1,2.9651,1,814.0375,573.8754,2.9759,
438028977940,11494.9,898.2556,587.6339,1,3.0877,1,736.5514,524.2826,1,2.9913,1,817.4035,555.9582,3.0395,
438028981940,11498.9,876.5203,602.1159,1,3.0433,1,733.5362,510.7631,1,2.9942,1,805.0283,556.4395,3.0187,
438028985940,11502.9,891.4386,609.8484,1,3.0608,1,731.0632,527.3055,1,2.9478,1,811.2509,568.5769,3.0043,
438028989940,11506.9,877.4676,587.4139,1,3.1012,1,740.8551,538.261,1,2.9207,1,809.1613,562.8375,3.011,
438028993940,11510.9,869.4567,616.8646,1,3.0551,1,742.8894,515.4445,1,2.9852,1,806.1731,566.1546,3.0202,
438028997939,11514.9,880.265,609.4696,1,3.0689,1,741.0353,527.0959,1,2.991,1,810.6501,568.2828,3.0299,
438029001941,11518.9,883.2941,615.0607,1,3.0574,1,735.0066,520.2468,1,2.9987,1,809.1504,567.6538,3.0281,
438029005940,11522.9,876.3634,614.6391,1,3.0622,1,725.0213,520.9991,1,3.0388,1,800.6923,567.8191,3.0505,
438029009940,11526.9,894.7659,601.444,1,3.1042,1,733.9665,516.7537,1,3.0055,1,814.3662,559.0989,3.0548,
438029013940,11530.9,884.7607,618.6925,1,3.0244,1,745.1545,525.2899,1,2.9947,1,814.9576,571.9912,3.0095,
438029017940,11534.9,887.7999,598.2005,1,3.0829,1,734.8869,532.7187,1,2.976,1,811.3434,565.4596,3.0294,
438029021941,11538.9,881.9266,597.722,1,3.0843,1,730.6237,531.7572,1,3.0125,1,806.2751,564.7396,3.0484,
438029025941,11542.9,889.535,585.4201,1,3.1365,1,732.8927,534.6258,1,2.954,1,811.2138,560.0229,3.0452,
438029029941,11546.9,887.3416,602.4879,1,3.0855,1,730.0895,516.1396,1,2.9838,1,808.7155,559.3137,3.0346,
438029033941,11550.9,896.3729,613.5434,1,3.0919,1,724.0961,530.0584,1,2.9778,1,810.2345,571.8009,3.0349,
438029037941,11554.9,886.0143,623.0378,1,3.0691,1,745.0762,509.6376,1,3.0462,1,815.5453,566.3377,3.0577,
438029041941,11558.9,894.2239,617.3607,1,3.0986,1,738.4406,522.5186,1,3.0079,1,816.3322,569.9396,3.0532,
438029045940,11562.9,890.8989,645.1985,1,3.0257,1,753.7157,526.058,1,3.0105,1,822.3073,585.6283,3.0181,
438029049940,11566.9,899.6958,610.0867,1,3.1337,1,738.9094,531.9175,1,3.008,1,819.3026,571.0021,3.0709,
438029053940,11570.9,883.9694,607.1253,1,3.0903,1,728.4162,504.3752,1,3.0593,1,806.1928,555.7502,3.0748,
438029057941,11574.9,887.5812,626.8252,1,3.0757,1,732.1222,535.613,1,3.0288,1,809.8517,581.2191,3.0522,
438029061940,11578.9,882.7271,621.7063,1,3.0998,1,739.7528,530.7857,1,3.0064,1,811.24,576.246,3.0531,
438029065940,11582.9,888.2522,628.3227,1,3.081,1,732.1652,516.6361,1,3.064,1,810.2087,572.4794,3.0725,
438029069940,11586.9,895.1661,615.2757,1,3.1208,1,733.8662,526.5712,1,3.0223,1,814.5161,570.9235,3.0715,
438029073940,11590.9,878.4655,628.7054,1,3.0578,1,746.4738,531.6374,1,3.0363,1,812.4697,580.1714,3.0471,
438029077941,11594.9,892.1996,598.1611,1,3.1447,1,744.89,512.2594,1,3.1035,1,818.5448,555.2103,3.1241,
438029081940,11598.9,876.3753,606.1777,1,3.1722,1,740.9613,512.7358,1,3.0782,1,808.6683,559.4567,3.1252,
438029085941,11602.9,881.7902,612.7825,1,3.1293,1,742.4044,520.5825,1,3.0809,1,812.0973,566.6825,3.1051,
438029089940,11606.9,881.6127,616.4083,1,3.1028,1,750.1191,510.5028,1,3.0839,1,815.8659,563.4556,3.0934,
438029093941,11610.9,883.4482,614.0132,1,3.1854,1,729.8369,524.4532,1,3.0532,1,806.6426,569.2332,3.1193,
438029097941,11614.9,886.3836,605.5041,1,3.1394,1,740.6067,535.2378,1,3.021,1,813.4952,570.371,3.0802,
438029101940,11618.9,902.0087,617.7354,1,3.149,1,736.8523,532.45,1,3.0406,1,819.4305,575.0927,3.0948,
438029105941,11622.9,884.8605,599.2397,1,3.1774,1,740.8809,536.2753,1,3.0346,1,812.8707,567.7575,3.106,
438029109941,11626.9,878.6513,599.2844,1,3.1584,1,743.0977,542.6286,1,2.9983,1,810.8745,570.9565,3.0783,
438029113941,11630.9,884.5374,597.7487,1,3.1749,1,733.7141,512.1743,1,3.0945,1,809.1258,554.9615,3.1347,
438029117941,11634.9,893.6662,581.6279,1,3.2201,1,738.2976,514.9887,1,3.0866,1,815.9819,548.3083,3.1533,
438029121940,11638.9,894.1659,599.138,1,3.1783,1,738.4308,539.2518,1,3.03,1,816.2983,569.1949,3.1041,
438029125942,11642.9,883.8071,614.0285,1,3.1199,1,730.7121,517.7095,1,3.0866,1,807.2596,565.869,3.1033,
438029129944,11646.9,873.8587,615.6891,1,3.1091,1,747.2575,539.3,1,3.03,1,810.5581,577.4945,3.0695,
438029133944,11650.9,889.184,644.3961,1,3.0828,1,722.869,529.4131,1,3.0581,1,806.0265,586.9046,3.0704,
438029137943,11654.9,896.7591,607.4798,1,3.1891,1,741.992,518.8636,1,3.1343,1,819.3755,563.1717,3.1617,
438029141944,11658.9,889.2351,616.2135,1,3.1886,1,738.1463,549.9328,1,3.0167,1,813.6907,583.0731,3.1027,
438029145944,11662.9,894.4723,619.0,1,3.1757,1,738.4912,530.4323,1,3.0665,1,816.4818,574.7161,3.1211,
438029149944,11666.9,882.5286,638.6504,1,3.1507,1,734.5377,542.2976,1,3.0395,1,808.5332,590.474,3.0951,
438029153943,11670.9,896.4268,633.3072,1,3.1528,1,746.7146,525.336,1,3.0606,1,821.5707,579.3216,3.1067,
438029157944,11674.9,877.8587,622.6528,1,3.1549,1,748.7247,557.7689,1,3.0165,1,813.2917,590.2109,3.0857,
438029161943,11678.9,886.4137,623.4933,1,3.1295,1,737.7266,538.0229,1,3.0213,1,812.0702,580.7581,3.0754,
438029165944,11682.9,875.8138,597.2347,1,3.2,1,739.1406,528.0818,1,3.0183,1,807.4772,562.6583,3.1091,
438029169944,11686.9,887.7961,616.8422,1,3.1438,1,732.3254,548.2309,1,2.9853,1,810.0608,582.5366,3.0645,
438029173943,11690.9,884.1077,586.5222,1,3.1737,1,732.896,533.3286,1,3.0241,1,808.5019,559.9254,3.0989,
438029177944,11694.9,893.5113,590.7774,1,3.1638,1,744.8113,552.8759,1,2.9832,1,819.1613,571.8267,3.0735,
438029181943,11698.9,881.33,601.4651,1,3.1687,1,737.1176,523.7246,1,3.0678,1,809.2238,562.5949,3.1182,
438029185943,11702.9,891.0018,611.6356,1,3.145,1,739.5654,539.0443,1,3.0052,1,815.2836,575.3399,3.0751,
438029189943,11706.9,885.2687,607.5105,1,3.1578,1,736.0573,535.695,1,3.0118,1,810.663,571.6028,3.0848,
438029193942,11710.9,895.163,616.8394,1,3.1636,1,739.8161,539.0212,1,2.9893,1,817.4896,577.9303,3.0765,
438029197944,11714.9,908.88,607.8355,1,3.1838,1,732.0808,552.8093,1,2.974,1,820.4804,580.3224,3.0789,
438029201942,11718.9,892.8691,635.6272,1,3.1418,1,718.4049,561.1055,1,2.9303,1,805.637,598.3663,3.0361,
438029205450,11722.4,,,0,,0,,,0,,0,,,,Trial_0_End
438029205524,11722.5,,,0,,0,,,0,,0,,,,Trial_1_Start|Video_Sea.mp4
438029205944,11722.9,892.2357,619.1898,1,3.1412,1,727.4776,557.2981,1,2.9065,1,809.8566,588.2439,3.0238,
438029209943,11726.9,884.1637,642.3171,1,3.1045,1,740.5787,529.4531,1,3.0067,1,812.3712,585.8851,3.0556,
438029213943,11730.9,880.9305,625.587,1,3.1206,1,734.8161,542.114,1,2.9616,1,807.8733,583.8505,3.0411,
438029217944,11734.9,884.1274,599.2134,1,3.1868,1,727.3623,553.2573,1,2.9375,1,805.7448,576.2353,3.0622,
438029221944,11738.9,886.1933,639.343,1,3.0509,1,745.4067,538.9139,1,2.9609,1,815.8,589.1284,3.0059,
438029225943,11742.9,888.0728,620.42,1,3.1103,1,727.7115,551.8335,1,2.9269,1,807.8922,586.1268,3.0186,
438029229943,11746.9,887.265,619.2157,1,3.0949,1,736.0554,539.1287,1,2.9576,1,811.6602,579.1722,3.0262,
438029233943,11750.9,883.4653,608.3653,1,3.1216,1,728.3407,537.2661,1,2.9466,1,805.903,572.8157,3.0341,
438029237943,11754.9,880.3744,618.0721,1,3.0703,1,736.8,550.474,1,2.9368,1,808.5872,584.2731,3.0035,
438029241944,11758.9,874.7334,614.7663,1,3.0771,1,742.977,540.2272,1,2.931,1,808.8552,577.4967,3.004,
438029245944,11762.9,883.8457,618.5759,1,3.0988,1,733.1679,542.727,1,2.9284,1,808.5068,580.6514,3.0136,
438029249943,11766.9,879.5576,621.5615,1,3.0788,1,739.7178,550.8999,1,2.8728,1,809.6377,586.2307,2.9758,
438029253943,11770.9,863.2685,603.6532,1,3.0784,1,732.6549,541.1806,1,2.8937,1,797.9617,572.4169,2.9861,
438029257943,11774.9,841.0574,604.368,1,3.1195,1,706.6265,552.9355,1,2.9231,1,773.842,578.6518,3.0213,
438029261941,11778.9,760.8297,616.898,1,3.1182,1,645.3024,564.6318,1,2.9129,1,703.066,590.7649,3.0156,
438029265942,11782.9,685.6422,662.9963,1,3.0648,1,564.067,576.3851,1,2.9656,1,624.8546,619.6907,3.0152,
438029269942,11786.9,639.5746,654.6078,1,3.1012,1,525.0058,610.2328,1,2.9219,1,582.2902,632.4203,3.0116,
438029273941,11790.9,623.3388,653.7416,1,3.0632,1,485.7897,600.1189,1,2.9351,1,554.5643,626.9302,2.9992,
438029277941,11794.9,618.4454,650.03,1,3.0782,1,463.1749,601.4163,1,2.9097,1,540.8101,625.7231,2.9939,
438029281942,11798.9,595.0922,643.4849,1,3.0439,1,425.264,570.8692,1,2.9774,1,510.1781,607.1771,3.0107,
438029285941,11802.9,580.8774,637.031,1,3.0449,1,405.3111,574.0982,1,2.9715,1,493.0942,605.5646,3.0082,
438029289942,11806.9,582.3578,623.4467,1,3.0634,1,406.2342,586.1744,1,2.9155,1,494.296,604.8105,2.9894,
438029293941,11810.9,596.1226,624.0664,1,3.03,1,422.0076,597.5789,1,2.893,1,509.0651,610.8226,2.9615,
438029297942,11814.9,601.2368,628.1374,1,3.0825,1,425.0485,593.5145,1,2.9425,1,513.1426,610.8259,3.0125,
438029301942,11818.9,583.1314,655.1968,1,3.0659,1,415.486,589.8679,1,2.9589,1,499.3087,622.5324,3.0124,
438029305941,11822.9,565.7937,644.7101,1,3.0405,1,408.17,593.6062,1,2.9192,1,486.9819,619.1581,2.9798,
438029309942,11826.9,574.358,644.8488,1,3.0439,1,405.2679,599.4631,1,2.9107,1,489.813,622.156,2.9773,
438029313942,11830.9,575.9537,639.0898,1,3.0707,1,415.3967,616.6533,1,2.8748,1,495.6752,627.8715,2.9727,
438029317941,11834.9,583.2721,639.933,1,3.037,1,410.7311,615.62,1,2.8717,1,497.0016,627.7765,2.9544,
438029321942,11838.9,586.7225,638.3636,1,3.0604,1,424.2066,599.3024,1,2.9437,1,505.4645,618.833,3.0021,
438029325941,11842.9,593.0134,644.8173,1,3.0718,1,416.2545,611.4271,1,2.8602,1,504.6339,628.1222,2.966,
438029329941,11846.9,581.0353,665.636,1,3.0011,1,422.8407,589.0772,1,2.9097,1,501.938,627.3566,2.9554,
438029333942,11850.9,585.1809,652.2045,1,3.0349,1,425.9735,587.9597,1,2.9401,1,505.5772,620.0821,2.9875,
438029337941,11854.9,579.294,663.84,1,3.0316,1,414.5482,602.8932,1,2.898,1,496.9211,633.3666,2.9648,
438029341942,11858.9,577.6889,666.301,1,3.0224,1,404.0825,605.7692,1,2.8902,1,490.8857,636.0351,2.9563,
438029345941,11862.9,574.141,656.9002,1,3.0346,1,420.3745,601.4029,1,2.8977,1,497.2578,629.1515,2.9661,
438029349942,11866.9,583.3781,682.3371,1,3.0129,1,409.146,610.3788,1,2.8608,1,496.2621,646.3579,2.9369,
438029353942,11870.9,584.1638,661.3975,1,3.0309,1,412.3879,594.9056,1,2.9306,1,498.2759,628.1516,2.9808,
438029357941,11874.9,581.0374,672.3989,1,3.0325,1,413.3515,595.7198,1,2.8871,1,497.1944,634.0593,2.9598,
438029361941,11878.9,585.5424,672.9517,1,3.0245,1,409.7683,604.3162,1,2.8796,1,497.6554,638.6339,2.952,
438029365941,11882.9,578.1434,677.6417,1,3.0132,1,415.3986,594.4864,1,2.8889,1,496.771,636.0641,2.9511,
438029369941,11886.9,585.7257,662.1348,1,3.0156,1,405.5746,605.3354,1,2.8856,1,495.6502,633.7351,2.9506,
438029373940,11890.9,585.8036,678.4426,1,3.0132,1,408.0629,606.9396,1,2.8654,1,496.9333,642.6911,2.9393,
438029377940,11894.9,582.543,679.7498,1,2.9927,1,405.3303,609.9001,1,2.8566,1,493.9366,644.825,2.9247,
438029381941,11898.9,577.2915,664.3767,1,3.0042,1,407.2089,599.8943,1,2.8799,1,492.2502,632.1355,2.9421,
438029385941,11902.9,588.6769,656.0558,1,3.0558,1,413.573,601.0794,1,2.872,1,501.1249,628.5676,2.9639,
438029389941,11906.9,591.1335,667.0596,1,3.0368,1,416.7091,600.2693,1,2.8641,1,503.9213,633.6644,2.9504,
438029393941,11910.9,586.569,667.2931,1,3.0428,1,399.1316,582.3575,1,2.9167,1,492.8503,624.8253,2.9797,
438029397940,11914.9,581.0865,661.7769,1,3.0296,1,428.7126,583.1585,1,2.892,1,504.8996,622.4677,2.9608,
438029401940,11918.9,584.2286,669.5219,1,3.0056,1,412.0084,580.3465,1,2.8909,1,498.1185,624.9342,2.9482,
438029405940,11922.9,585.5082,675.667,1,3.0154,1,430.836,586.6611,1,2.8783,1,508.1721,631.1641,2.9468,
438029409941,11926.9,580.8677,656.6392,1,3.0174,1,425.5473,584.6172,1,2.8739,1,503.2075,620.6282,2.9456,
438029413940,11930.9,579.4142,663.9349,1,3.0122,1,414.0635,595.297,1,2.8692,1,496.7389,629.6159,2.9407,
438029417940,11934.9,583.4768,669.1267,1,2.9968,1,421.6714,583.8278,1,2.8893,1,502.5741,626.4772,2.943,
438029421941,11938.9,579.8322,670.8713,1,2.9771,1,415.5694,572.7859,1,2.915,1,497.7008,621.8286,2.9461,
438029425940,11942.9,583.4987,658.5415,1,2.9917,1,419.1886,588.3697,1,2.8753,1,501.3437,623.4556,2.9335,
438029429941,11946.9,592.5296,654.4058,1,3.0393,1,418.4162,592.1077,1,2.8568,1,505.4729,623.2567,2.9481,
438029433940,11950.9,581.2301,666.6438,1,2.9805,1,412.9128,587.6637,1,2.9075,1,497.0715,627.1537,2.944,
438029437940,11954.9,587.7933,650.7453,1,3.0268,1,409.6255,600.9045,1,2.825,1,498.7094,625.8249,2.9259,
438029441941,11958.9,589.965,647.5172,1,2.9921,1,410.8911,602.3396,1,2.811,1,500.428,624.9284,2.9016,
438029445940,11962.9,588.3297,662.4299,1,3.0136,1,401.7051,594.8356,1,2.8507,1,495.0174,628.6327,2.9322,
438029449940,11966.9,591.0849,666.1099,1,2.9811,1,413.7139,591.047,1,2.8678,1,502.3994,628.5785,2.9245,
438029453941,11970.9,584.0783,669.1923,1,2.9389,1,416.5509,588.4565,1,2.8465,1,500.3146,628.8244,2.8927,
438029457941,11974.9,579.4787,651.6402,1,2.9926,1,423.7172,582.0906,1,2.8879,1,501.598,616.8654,2.9403,
438029461940,11978.9,584.3019,656.9145,1,2.9994,1,421.6823,590.7828,1,2.8878,1,502.9921,623.8486,2.9436,
438029465941,11982.9,590.701,647.408,1,2.9953,1,413.6458,580.9237,1,2.8697,1,502.1734,614.1659,2.9325,
438029469940,11986.9,588.702,659.5127,1,2.9831,1,417.965,595.3692,1,2.8617,1,503.3335,627.441,2.9224,
438029473940,11990.9,592.4697,643.6406,1,3.0157,1,409.7881,597.0904,1,2.8779,1,501.1289,620.3655,2.9468,
438029477941,11994.9,583.4822,661.2785,1,3.0021,1,405.5796,603.1526,1,2.8569,1,494.5309,632.2156,2.9295,
438029481940,11998.9,570.3354,672.2757,1,2.9658,1,403.6364,584.8795,1,2.9025,1,486.9859,628.5776,2.9341,
438029485940,12002.9,507.979,641.5501,1,2.9915,1,353.5776,569.0181,1,2.9657,1,430.7783,605.2841,2.9786,
438029489941,12006.9,408.0338,626.3933,1,3.0128,1,261.7474,536.6725,1,2.9453,1,334.8906,581.5329,2.979,
438029493941,12010.9,329.2633,551.3344,1,3.0138,1,169.0456,472.3346,1,2.9891,1,249.1545,511.8345,3.0015,
438029497940,12014.9,270.149,563.3812,1,2.965,1,119.329,467.3326,1,2.9597,1,194.739,515.3569,2.9623,
438029501940,12018.9,223.037,515.7362,1,2.9889,1,83.2991,419.168,1,2.9507,1,153.1681,467.4521,2.9698,
438029505941,12022.9,166.945,485.303,1,2.9306,1,15.6599,399.2408,1,2.9358,1,91.3025,442.2719,2.9332,
438029509941,12026.9,108.9888,446.7718,1,2.9355,1,-59.6105,357.142,1,2.9191,1,24.6892,401.9569,2.9273,
438029513941,12030.9,92.3379,361.6545,1,2.9458,1,-50.6,261.6984,1,2.9926,1,20.8689,311.6764,2.9692,
438029517941,12034.9,84.966,337.2354,1,2.9209,1,-73.3289,227.6984,1,2.977,1,5.8186,282.4669,2.9489,
438029521939,12038.9,105.4046,311.5937,1,2.9422,1,-84.4231,190.9665,1,2.9349,1,10.4908,251.2801,2.9386,
438029525940,12042.9,126.2447,279.4439,1,2.9825,1,-63.5295,182.5027,1,2.9618,1,31.3576,230.9733,2.9722,
438029529940,12046.9,117.9135,286.3523,1,2.9882,1,-68.5701,184.2472,1,2.9628,1,24.6717,235.2998,2.9755,
438029533939,12050.9,92.356,311.5185,1,2.9878,1,-86.0981,218.6231,1,2.9306,1,3.129,265.0708,2.9592,
438029537939,12054.9,57.9597,316.971,1,2.9536,1,-77.5045,202.1808,1,3.0043,1,-9.7724,259.5759,2.9789,
438029541939,12058.9,63.3419,300.3806,1,2.9458,1,-90.5316,181.9048,1,2.9621,1,-13.5949,241.1427,2.954,
438029545939,12062.9,77.2716,280.7618,1,2.9701,1,-80.3686,171.5873,1,2.9661,1,-1.5485,226.1746,2.9681,
438029549940,12066.9,90.9967,277.5188,1,2.9744,1,-84.6756,173.6583,1,2.9601,1,3.1605,225.5885,2.9672,
438029553939,12070.9,108.2317,279.9288,1,2.9985,1,-61.6507,159.0297,1,2.9837,1,23.2905,219.4793,2.9911,
438029557940,12074.9,127.7536,278.4172,1,3.0124,1,-83.3303,178.0448,1,2.9242,1,22.2117,228.231,2.9683,
438029561939,12078.9,85.3234,279.834,1,2.9279,1,-83.8426,170.0503,1,2.9245,1,0.7404,224.9421,2.9262,
438029565940,12082.9,114.7805,273.3092,1,3.0124,1,-67.4087,170.1548,1,2.9984,1,23.6859,221.732,3.0054,
438029569940,12086.9,98.5743,267.7873,1,2.9921,1,-75.5789,192.9655,1,2.979,1,11.4977,230.3764,2.9856,
438029573940,12090.9,121.6639,259.9873,1,3.0027,1,-72.9888,195.4189,1,2.965,1,24.3376,227.7031,2.9839,
438029577940,12094.9,96.4792,273.2295,1,2.976,1,-58.6689,191.732,1,2.9725,1,18.9051,232.4807,2.9743,
438029581940,12098.9,89.4854,280.2755,1,2.9581,1,-81.5346,198.1039,1,2.9535,1,3.9754,239.1897,2.9558,
438029585940,12102.9,107.5615,291.4363,1,2.9653,1,-89.5905,189.6936,1,2.9407,1,8.9855,240.565,2.953,
438029589939,12106.9,136.5007,274.4919,1,3.0325,1,-87.3259,189.2766,1,2.9452,1,24.5874,231.8842,2.9889,
438029593939,12110.9,118.1498,258.3914,1,3.0317,1,-81.3875,189.2173,1,2.9765,1,18.3811,223.8043,3.0041,
438029597939,12114.9,91.0909,275.7486,1,2.9932,1,-70.7401,195.7027,1,2.968,1,10.1754,235.7257,2.9806,
438029601940,12118.9,122.1038,281.5632,1,3.0188,1,-88.8653,189.8558,1,3.0041,1,16.6193,235.7095,3.0115,
438029605940,12122.9,105.6792,269.5707,1,3.0164,1,-90.923,190.1361,1,2.9626,1,7.3781,229.8534,2.9895,
438029609939,12126.9,90.6611,274.9105,1,3.0011,1,-58.0844,179.1185,1,2.9841,1,16.2884,227.0145,2.9926,
438029613938,12130.9,105.641,295.3452,1,3.0109,1,-87.4458,194.512,1,2.9515,1,9.0976,244.9286,2.9812,
438029617938,12134.9,125.0467,254.8669,1,3.0419,1,-84.2481,173.0357,1,2.9649,1,20.3993,213.9513,3.0034,
438029621938,12138.9,107.8981,270.3069,1,3.0098,1,-73.014,194.4552,1,2.9976,1,17.4421,232.3811,3.0037,
438029625939,12142.9,117.1013,290.2793,1,3.0285,1,-80.3133,191.5604,1,2.9807,1,18.394,240.9198,3.0046,
438029629939,12146.9,101.1739,270.6754,1,3.0166,1,-87.1272,198.5637,1,2.9732,1,7.0233,234.6195,2.9949,
438029633938,12150.9,98.7971,258.0974,1,3.0132,1,-64.8043,179.3051,1,3.0421,1,16.9964,218.7012,3.0277,
438029637938,12154.9,115.6882,259.8979,1,3.045,1,-73.9784,192.7238,1,2.9809,1,20.8549,226.3108,3.0129,
438029641939,12158.9,81.0903,288.2366,1,3.0208,1,-74.6859,199.2731,1,3.0088,1,3.2022,243.7549,3.0148,
438029645938,12162.9,114.9832,279.6558,1,3.0707,1,-87.0753,193.8427,1,3.0067,1,13.954,236.7493,3.0387,
438029649939,12166.9,105.8416,277.9507,1,3.0522,1,-75.9597,195.335,1,3.0122,1,14.941,236.6428,3.0322,
438029653939,12170.9,94.6603,287.3838,1,3.0298,1,-97.1322,190.4567,1,3.0062,1,-1.236,238.9202,3.018,
438029657939,12174.9,96.0609,275.0256,1,3.0478,1,-79.8086,184.0786,1,3.0303,1,8.1262,229.5521,3.039,
438029661939,12178.9,121.9742,278.4181,1,3.06,1,-83.3199,193.3959,1,3.003,1,19.3272,235.907,3.0315,
438029665939,12182.9,108.7632,269.3378,1,3.0504,1,-66.0488,191.4863,1,3.0644,1,21.3572,230.4121,3.0574,
438029669938,12186.9,115.4009,282.2669,1,3.09,1,-70.0292,187.8441,1,3.0694,1,22.6858,235.0555,3.0797,
438029673939,12190.9,109.1392,258.8966,1,3.0455,1,-76.4286,189.487,1,3.0486,1,16.3553,224.1918,3.0471,
438029677939,12194.9,112.4348,253.1327,1,3.0675,1,-85.457,178.5518,1,3.0407,1,13.4889,215.8423,3.0541,
438029681938,12198.9,108.9191,257.4077,1,3.0599,1,-79.7089,178.184,1,3.0439,1,14.6051,217.7958,3.0519,
438029685939,12202.9,96.0032,262.0711,1,3.0699,1,-89.424,186.5899,1,3.0393,1,3.2896,224.3305,3.0546,
438029689938,12206.9,114.318,259.4675,1,3.1002,1,-72.9386,180.5192,1,3.0609,1,20.6897,219.9934,3.0805,
438029693938,12210.9,126.3233,264.7402,1,3.0795,1,-82.8604,175.2485,1,3.0562,1,21.7314,219.9944,3.0678,
438029697939,12214.9,100.4226,237.9596,1,3.0965,1,-71.799,165.6348,1,3.0595,1,14.3118,201.7972,3.078,
438029701938,12218.9,125.2921,185.636,1,3.1169,1,-52.5462,104.5987,1,3.0983,1,36.373,145.1173,3.1076,
438029705938,12222.9,157.7687,142.0585,1,3.1593,1,-21.6244,45.5207,1,3.0485,1,68.0721,93.7896,3.1039,
438029709939,12226.9,167.5453,91.3678,1,3.1677,1,-15.4547,-17.1727,1,3.1014,1,76.0453,37.0975,3.1345,
438029713938,12230.9,158.5992,54.9479,1,3.1485,1,-18.9308,-37.796,1,3.0907,1,69.8342,8.576,3.1196,
438029717938,12234.9,144.7483,48.6214,1,3.1116,1,-21.7599,-27.4322,1,3.0943,1,61.4942,10.5946,3.103,
438029721938,12238.9,158.772,59.9454,1,3.1288,1,-3.3989,-24.8629,1,3.0965,1,77.6865,17.5413,3.1126,
438029725939,12242.9,176.243,80.2773,1,3.1202,1,-2.8801,4.9846,1,3.0998,1,86.6814,42.631,3.11,
438029729939,12246.9,167.0517,92.6591,1,3.1332,1,6.6363,10.0289,1,3.1082,1,86.844,51.344,3.1207,
438029733938,12250.9,152.0402,97.9191,1,3.1389,1,-5.857,3.763,1,3.0929,1,73.0916,50.841,3.1159,
438029737939,12254.9,160.8641,81.9578,1,3.1496,1,-12.1904,-6.3602,1,3.1008,1,74.3369,37.7988,3.1252,
438029741938,12258.9,163.7898,62.5365,1,3.1784,1,-21.5432,-23.7262,1,3.0792,1,71.1233,19.4052,3.1288,
438029745938,12262.9,141.5964,48.0961,1,3.1145,1,1.0876,-20.4566,1,3.1229,1,71.342,13.8197,3.1187,
438029749938,12266.9,160.4982,41.5655,1,3.1237,1,-0.0738,-39.8559,1,3.0844,1,80.2122,0.8548,3.1041,
438029753939,12270.9,169.0202,53.268,1,3.1537,1,-9.8341,-31.3246,1,3.0975,1,79.593,10.9717,3.1256,
438029757939,12274.9,178.8171,41.8955,1,3.176,1,-15.9758,-26.0397,1,3.1167,1,81.4207,7.9279,3.1464,
438029761938,12278.9,189.5322,51.989,1,3.1725,1,-7.4575,-32.1304,1,3.1078,1,91.0373,9.9293,3.1402,
438029765938,12282.9,150.1306,42.4152,1,3.1008,1,-15.2031,-32.0186,1,3.1235,1,67.4638,5.1983,3.1122,
438029769938,12286.9,162.6551,45.9015,1,3.1571,1,-13.546,-29.1737,1,3.0845,1,74.5545,8.3639,3.1208,
438029773938,12290.9,180.122,50.1348,1,3.1838,1,2.7804,-21.6934,1,3.1272,1,91.4512,14.2207,3.1555,
438029777939,12294.9,155.3629,56.1328,1,3.1456,1,0.9309,-28.1427,1,3.1182,1,78.1469,13.995,3.1319,
438029781939,12298.9,200.7256,78.646,1,3.2018,1,1.2719,-18.8736,1,3.1225,1,100.9987,29.8862,3.1621,
438029785939,12302.9,155.9232,47.0531,1,3.1657,1,-10.2293,-25.4721,1,3.1178,1,72.8469,10.7905,3.1417,
438029789939,12306.9,187.3946,54.2457,1,3.1798,1,-19.6953,-25.7332,1,3.1296,1,83.8497,14.2563,3.1547,
438029793939,12310.9,170.9388,67.9487,1,3.1956,1,-24.9569,-20.728,1,3.1087,1,72.9909,23.6103,3.1522,
438029797939,12314.9,143.5426,74.9393,1,3.1414,1,-21.5548,-5.1424,1,3.1349,1,60.9939,34.8984,3.1381,
438029801940,12318.9,167.5328,59.4187,1,3.1639,1,-8.4001,-27.5815,1,3.1271,1,79.5663,15.9186,3.1455,
438029805940,12322.9,185.1686,56.7262,1,3.2048,1,-10.6969,-24.2671,1,3.1144,1,87.2359,16.2296,3.1596,
438029809939,12326.9,155.6971,60.4046,1,3.1228,1,-18.555,-35.392,1,3.1017,1,68.5711,12.5063,3.1123,
438029813939,12330.9,176.4854,60.3977,1,3.2152,1,-8.2464,-15.9046,1,3.1283,1,84.1195,22.2466,3.1717,
438029817939,12334.9,163.8109,83.2185,1,3.1624,1,-5.0306,-17.2309,1,3.1248,1,79.3902,32.9938,3.1436,
438029821939,12338.9,172.2029,90.5289,1,3.1692,1,5.3933,-8.3131,1,3.1505,1,88.7981,41.1079,3.1598,
438029825940,12342.9,164.4645,72.3204,1,3.1977,1,2.9212,-10.1097,1,3.1531,1,83.6928,31.1053,3.1754,
438029829940,12346.9,176.3936,71.9939,1,3.1688,1,-16.3839,-19.471,1,3.138,1,80.0048,26.2614,3.1534,
438029833939,12350.9,160.3453,71.5804,1,3.1749,1,-4.5488,-3.2272,1,3.1579,1,77.8983,34.1766,3.1664,
438029837939,12354.9,132.9604,65.7008,1,3.1522,1,-17.9411,-19.4113,1,3.1254,1,57.5096,23.1447,3.1388,
438029841939,12358.9,158.5959,49.857,1,3.1892,1,-12.6743,-29.0311,1,3.1554,1,72.9608,10.413,3.1723,
438029845938,12362.9,157.0389,53.2489,1,3.1793,1,-21.2254,-38.9777,1,3.1394,1,67.9068,7.1356,3.1593,
438029849939,12366.9,147.7292,54.6538,1,3.1593,1,-2.1852,-21.8986,1,3.1376,1,72.772,16.3776,3.1484,
438029853939,12370.9,184.6938,62.1117,1,3.2079,1,-8.1849,-19.1614,1,3.1566,1,88.2544,21.4752,3.1823,
438029855193,12372.2,,,0,,0,,,0,,0,,,,Trial_1_Video_Start
438029857938,12374.9,176.6439,76.1941,1,3.2021,1,-7.0938,-11.9515,1,3.1439,1,84.7751,32.1213,3.173,
438029861938,12378.9,193.8353,80.6504,1,3.251,1,-12.2499,-30.3949,1,3.1282,1,90.7927,25.1277,3.1896,
438029865938,12382.9,175.1337,64.8917,1,3.1924,1,-19.6194,-28.2289,1,3.1313,1,77.7572,18.3314,3.1618,
438029869938,12386.9,188.4786,63.2569,1,3.2233,1,-10.9483,-25.7522,1,3.1497,1,88.7652,18.7523,3.1865,
438029873939,12390.9,168.9197,56.3396,1,3.1789,1,-13.0726,-20.3874,1,3.123,1,77.9235,17.9761,3.1509,
438029877939,12394.9,179.2421,56.2795,1,3.2337,1,-6.3616,-31.3229,1,3.1317,1,86.4403,12.4783,3.1827,
438029881938,12398.9,151.6155,70.5588,1,3.1701,1,-6.4123,-31.0201,1,3.1394,1,72.6016,19.7693,3.1548,
438029885938,12402.9,152.9725,78.6805,1,3.1726,1,-10.0527,-14.2003,1,3.1493,1,71.4599,32.2401,3.161,
438029889938,12406.9,177.105,73.7951,1,3.2311,1,2.2032,-24.832,1,3.1423,1,89.6541,24.4816,3.1867,
438029893938,12410.9,170.1946,67.6327,1,3.2159,1,-11.4461,-23.5123,1,3.1532,1,79.3743,22.0602,3.1846,
438029897939,12414.9,174.5527,75.7807,1,3.1998,1,-12.0339,-16.5589,1,3.1656,1,81.2594,29.6109,3.1827,
438029901939,12418.9,150.899,52.463,1,3.1578,1,-4.4934,-29.584,1,3.1557,1,73.2028,11.4395,3.1568,
438029905938,12422.9,140.1627,39.3645,1,3.1738,1,-21.3413,-24.513,1,3.1373,1,59.4107,7.4257,3.1556,
438029909938,12426.9,116.1832,66.6608,1,3.2228,1,-44.0792,-10.3124,1,3.1499,1,36.052,28.1742,3.1863,
438029913936,12430.9,78.4097,87.9769,1,3.225,1,-91.3955,3.588,1,3.1287,1,-6.4929,45.7824,3.1768,
438029917936,12434.9,56.6094,97.3218,1,3.1809,1,-97.1047,17.777,1,3.146,1,-20.2477,57.5494,3.1634,
438029921936,12438.9,80.5087,96.1231,1,3.1892,1,-91.2087,13.511,1,3.0861,1,-5.35,54.8171,3.1376,
438029925937,12442.9,89.9061,62.6975,1,3.2042,1,-82.0172,0.3174,1,3.1349,1,3.9444,31.5075,3.1696,
438029929937,12446.9,109.9144,71.4668,1,3.2077,1,-86.3668,-13.7046,1,3.1556,1,11.7738,28.8811,3.1816,
438029933936,12450.9,100.9215,80.2331,1,3.2228,1,-80.1683,-2.35,1,3.1586,1,10.3766,38.9415,3.1907,
438029937936,12454.9,87.9972,78.1969,1,3.2199,1,-64.6822,6.7686,1,3.1536,1,11.6575,42.4828,3.1868,
438029941936,12458.9,77.0793,71.1139,1,3.1929,1,-70.4069,-3.3026,1,3.1369,1,3.3362,33.9057,3.1649,
438029945936,12462.9,82.1816,82.8699,1,3.2195,1,-76.5027,7.1894,1,3.1386,1,2.8395,45.0296,3.179,
438029949936,12466.9,78.2222,74.2852,1,3.1787,1,-79.8952,4.5255,1,3.1574,1,-0.8365,39.4053,3.1681,
438029953937,12470.9,103.8885,86.8087,1,3.2034,1,-88.9934,6.8609,1,3.1556,1,7.4475,46.8348,3.1795,
438029957937,12474.9,96.3705,75.2714,1,3.2356,1,-80.6512,-7.8817,1,3.1634,1,7.8597,33.6949,3.1995,
438029961936,12478.9,107.5243,82.3809,1,3.2265,1,-80.454,-0.3403,1,3.1451,1,13.5352,41.0203,3.1858,
438029965936,12482.9,104.5151,76.48,1,3.219,1,-81.7204,-3.6924,1,3.1331,1,11.3973,36.3938,3.176,
438029969936,12486.9,81.1341,74.4495,1,3.2157,1,-64.1171,-8.0305,1,3.1709,1,8.5085,33.2095,3.1933,
438029973936,12490.9,90.7526,74.6427,1,3.2256,1,-71.9185,0.1811,1,3.1396,1,9.4171,37.4119,3.1826,
438029977937,12494.9,96.784,72.2255,1,3.2008,1,-72.8597,10.7566,1,3.1689,1,11.9622,41.491,3.1848,
438029981937,12498.9,95.1612,76.9465,1,3.2282,1,-77.141,11.6369,1,3.1451,1,9.0101,44.2917,3.1867,
438029985936,12502.9,80.3855,70.5349,1,3.2094,1,-80.7994,4.4199,1,3.1591,1,-0.207,37.4774,3.1843,
438029989936,12506.9,100.9319,68.2989,1,3.2323,1,-74.5745,7.153,1,3.163,1,13.1787,37.7259,3.1976,
438029993936,12510.9,98.639,75.5194,1,3.2278,1,-85.4671,13.0901,1,3.154,1,6.586,44.3048,3.1909,
438029997936,12514.9,88.4469,74.1491,1,3.2275,1,-83.1135,11.1133,1,3.1752,1,2.6667,42.6312,3.2014,
438030001937,12518.9,99.5726,74.8996,1,3.2388,1,-80.6914,10.1179,1,3.17,1,9.4406,42.5088,3.2044,
438030005937,12522.9,83.6671,71.7886,1,3.2166,1,-83.876,-1.0026,1,3.1391,1,-0.1044,35.393,3.1779,
438030009936,12526.9,91.3557,80.113,1,3.2458,1,-78.6098,2.0413,1,3.153,1,6.3729,41.0771,3.1994,
438030013936,12530.9,72.1165,86.8621,1,3.2123,1,-66.9587,5.1204,1,3.1548,1,2.5789,45.9912,3.1835,
438030017936,12534.9,84.2822,94.3276,1,3.2439,1,-76.2093,6.5563,1,3.1463,1,4.0364,50.442,3.1951,
438030021936,12538.9,97.8386,93.8584,1,3.2398,1,-79.4463,1.4596,1,3.1492,1,9.1962,47.659,3.1945,
438030025937,12542.9,90.27,99.124,1,3.2437,1,-77.9079,10.0304,1,3.1664,1,6.1811,54.5772,3.205,
438030029937,12546.9,105.405,102.1671,1,3.2118,1,-74.097,9.6728,1,3.1646,1,15.654,55.9199,3.1882,
438030033936,12550.9,78.2169,97.2498,1,3.2102,1,-81.1305,7.9489,1,3.1465,1,-1.4568,52.5993,3.1783,
438030037936,12554.9,70.7936,108.1944,1,3.184,1,-83.7946,15.0193,1,3.1794,1,-6.5005,61.6068,3.1817,
438030041936,12558.9,85.3367,93.7069,1,3.2012,1,-87.1232,2.1401,1,3.1585,1,-0.8932,47.9235,3.1798,
438030045936,12562.9,86.682,97.4173,1,3.2162,1,-80.3275,9.0876,1,3.168,1,3.1773,53.2525,3.1921,
438030049936,12566.9,77.274,94.9817,1,3.2079,1,-78.2838,5.2175,1,3.1559,1,-0.5049,50.0996,3.1819,
438030053936,12570.9,93.8765,95.9782,1,3.2459,1,-82.3531,2.7811,1,3.172,1,5.7617,49.3796,3.2089,
438030057935,12574.9,77.7558,94.6318,1,3.2204,1,-92.3357,10.6042,1,3.1422,1,-7.2899,52.618,3.1813,
438030061935,12578.9,116.5836,112.1341,1,3.2243,1,-53.6889,20.0749,1,3.1375,1,31.4473,66.1045,3.1809,
438030065935,12582.9,192.8474,133.7051,1,3.2442,1,47.5085,56.2356,1,3.1511,1,120.178,94.9703,3.1976,
438030069935,12586.9,307.8128,216.6352,1,3.2361,1,184.2265,131.6355,1,3.1942,1,246.0196,174.1354,3.2151,
438030073936,12590.9,437.9529,322.4057,1,3.2364,1,311.7942,213.3113,1,3.2175,1,374.8736,267.8585,3.227,
438030077935,12594.9,524.7298,378.7801,1,3.267,1,424.8286,303.5387,1,3.2015,1,474.7792,341.1594,3.2343,
438030081934,12598.9,613.0583,440.4743,1,3.3108,1,535.8347,400.475,1,3.1273,1,574.4465,420.4747,3.219,
438030085934,12602.9,688.1461,463.2621,1,3.2521,1,628.2321,438.2104,1,3.0929,1,658.1891,450.7362,3.1725,
438030089934,12606.9,753.503,515.5984,1,3.2142,1,706.3562,440.3798,1,3.114,1,729.9296,477.9891,3.1641,
438030093934,12610.9,838.7946,540.9404,1,3.2274,1,765.5018,436.4759,1,3.1107,1,802.1482,488.7081,3.169,
438030097935,12614.9,910.721,540.9484,1,3.2156,1,799.6626,436.1931,1,3.093,1,855.1918,488.5707,3.1543,
438030101935,12618.9,953.5533,524.5739,1,3.2715,1,819.1782,465.2096,1,3.0668,1,886.3657,494.8918,3.1691,
438030105934,12622.9,938.9216,539.9865,1,3.2377,1,791.1254,461.9536,1,3.0823,1,865.0235,500.9701,3.16,
438030109934,12626.9,902.2208,547.2149,1,3.2966,1,781.8954,469.5183,1,3.1028,1,842.0581,508.3666,3.1997,
438030113934,12630.9,905.7235,583.4463,1,3.2337,1,794.7652,488.3485,1,3.0789,1,850.2444,535.8974,3.1563,
438030117934,12634.9,911.6868,569.6794,1,3.2708,1,826.4752,488.0507,1,3.1141,1,869.081,528.865,3.1924,
438030121935,12638.9,968.1376,572.1396,1,3.1816,1,839.667,495.088,1,3.1086,1,903.9023,533.6138,3.1451,
438030125935,12642.9,990.7537,561.6513,1,3.2486,1,839.7623,483.8982,1,3.1374,1,915.258,522.7747,3.193,
438030129935,12646.9,968.7083,577.0953,1,3.1749,1,831.9719,488.1467,1,3.1455,1,900.3401,532.621,3.1602,
438030133934,12650.9,958.4128,560.3127,1,3.2209,1,815.9546,482.2997,1,3.1156,1,887.1837,521.3062,3.1682,
438030137934,12654.9,938.7245,566.5291,1,3.2004,1,831.386,483.6524,1,3.1085,1,885.0553,525.0907,3.1545,
438030141934,12658.9,939.3079,562.0389,1,3.1933,1,825.2336,474.8441,1,3.105,1,882.2708,518.4415,3.1491,
438030145934,12662.9,944.5,568.376,1,3.23,1,822.0003,484.841,1,3.1447,1,883.2501,526.6085,3.1874,
438030149935,12666.9,961.4597,575.8469,1,3.2321,1,823.5132,473.6236,1,3.136,1,892.4865,524.7352,3.1841,
438030153935,12670.9,971.3563,581.758,1,3.1944,1,826.0873,478.7019,1,3.1428,1,898.7218,530.2299,3.1686,
438030157934,12674.9,952.2945,590.5859,1,3.1364,1,822.486,495.7382,1,3.0802,1,887.3902,543.1621,3.1083,
438030161934,12678.9,961.166,580.6503,1,3.1736,1,807.3134,462.3473,1,3.1894,1,884.2397,521.4988,3.1815,
438030165934,12682.9,959.8166,546.6255,1,3.2742,1,819.3778,473.4987,1,3.1465,1,889.5972,510.0621,3.2103,
438030169934,12686.9,958.2812,555.4846,1,3.2208,1,814.7735,482.8074,1,3.098,1,886.5274,519.146,3.1594,
438030173935,12690.9,945.6452,557.3791,1,3.2093,1,801.9044,471.1905,1,3.1124,1,873.7748,514.2848,3.1608,
438030177935,12694.9,956.5893,582.2224,1,3.2019,1,813.5855,478.2918,1,3.0997,1,885.0874,530.2571,3.1508,
438030181936,12698.9,953.1516,564.8159,1,3.2412,1,814.2923,473.096,1,3.111,1,883.722,518.9559,3.1761,
438030185936,12702.9,956.984,566.2562,1,3.2058,1,824.2738,489.0282,1,3.0831,1,890.6289,527.6422,3.1444,
438030189936,12706.9,949.6206,589.7236,1,3.1618,1,814.0256,469.5541,1,3.1126,1,881.8231,529.6388,3.1372,
438030193936,12710.9,962.1711,572.7221,1,3.2166,1,827.5804,485.9543,1,3.0414,1,894.8757,529.3382,3.129,
438030197937,12714.9,959.9292,591.0367,1,3.1526,1,826.7358,472.7674,1,3.1213,1,893.3325,531.902,3.1369,
438030201937,12718.9,943.6654,573.673,1,3.1631,1,835.8349,487.4593,1,3.036,1,889.7502,530.5662,3.0995,
438030205936,12722.9,956.4641,587.8783,1,3.1337,1,817.8269,476.9908,1,3.0774,1,887.1455,532.4346,3.1056,
438030209936,12726.9,961.4635,577.8997,1,3.1562,1,817.7682,474.1748,1,3.0651,1,889.6159,526.0373,3.1107,
438030213936,12730.9,960.9992,561.7179,1,3.1908,1,810.3461,482.9296,1,3.0439,1,885.6727,522.3238,3.1173,
438030217936,12734.9,965.47,570.2582,1,3.1689,1,820.8661,485.9923,1,3.0334,1,893.168,528.1252,3.1012,
438030221937,12738.9,956.5518,574.8668,1,3.117,1,825.7682,467.4427,1,3.056,1,891.16,521.1547,3.0865,
438030225937,12742.9,961.5337,571.2934,1,3.1288,1,823.4082,486.3645,1,2.9776,1,892.471,528.8289,3.0532,
438030229936,12746.9,951.7713,581.0311,1,3.0923,1,815.6288,475.8677,1,3.0176,1,883.7001,528.4494,3.0549,
438030233936,12750.9,954.4659,564.054,1,3.1444,1,825.2055,487.2423,1,3.0229,1,889.8357,525.6481,3.0837,
438030237936,12754.9,944.8179,590.8267,1,3.1187,1,815.3909,469.1271,1,3.0374,1,880.1044,529.9769,3.078,
438030241936,12758.9,961.4525,594.3539,1,3.0484,1,829.6698,502.9949,1,2.9684,1,895.5611,548.6744,3.0084,
438030245937,12762.9,954.3534,576.4862,1,3.0867,1,828.7572,498.7455,1,2.9366,1,891.5553,537.6159,3.0116,
438030249937,12766.9,956.9186,567.656,1,3.0937,1,817.2327,471.6426,1,2.9633,1,887.0756,519.6493,3.0285,
438030253936,12770.9,954.0016,586.0092,1,3.0157,1,821.1342,482.746,1,2.9599,1,887.5679,534.3776,2.9878,
438030257936,12774.9,964.3655,551.0829,1,3.1051,1,813.1848,481.2332,1,2.975,1,888.7751,516.1581,3.04,
438030261936,12778.9,958.1319,549.1199,1,3.122,1,816.3356,495.5174,1,2.929,1,887.2338,522.3186,3.0255,
438030265936,12782.9,960.6302,577.6588,1,3.0641,1,815.049,490.5727,1,2.9092,1,887.8396,534.1158,2.9867,
438030269937,12786.9,953.7675,589.1215,1,2.9882,1,816.5172,496.8563,1,2.894,1,885.1424,542.9889,2.9411,
438030273937,12790.9,964.4061,577.5569,1,3.0696,1,817.5384,483.7217,1,2.9383,1,890.9722,530.6393,3.0039,
438030277936,12794.9,951.906,598.7687,1,3.0278,1,811.3038,488.8949,1,2.9163,1,881.6049,543.8318,2.972,
438030281936,12798.9,952.3693,599.5191,1,2.9699,1,815.884,495.5848,1,2.8729,1,884.1266,547.5519,2.9214,
438030285936,12802.9,940.3827,582.7859,1,2.9748,1,835.7812,496.8364,1,2.8629,1,888.082,539.8112,2.9188,
438030289936,12806.9,956.1293,593.3813,1,2.9714,1,820.0313,477.4776,1,2.9054,1,888.0803,535.4294,2.9384,
438030293937,12810.9,956.7513,590.4679,1,2.9743,1,816.7027,492.4966,1,2.8707,1,886.727,541.4822,2.9225,
438030297937,12814.9,953.8806,599.56,1,2.9624,1,816.3786,485.9739,1,2.8671,1,885.1296,542.767,2.9147,
438030301936,12818.9,946.0812,602.8547,1,2.9368,1,819.975,484.9868,1,2.8755,1,883.0281,543.9207,2.9062,
438030305936,12822.9,946.0321,584.388,1,2.9398,1,817.8134,487.0687,1,2.8742,1,881.9227,535.7284,2.907,
438030309936,12826.9,957.7995,591.9407,1,2.9546,1,810.4191,474.2429,1,2.8742,1,884.1093,533.0918,2.9144,
438030313935,12830.9,958.0774,598.2381,1,2.9351,1,827.1383,496.7934,1,2.7961,1,892.6079,547.5157,2.8656,
438030317935,12834.9,952.3305,586.657,1,2.9802,1,821.2291,478.3002,1,2.853,1,886.7798,532.4786,2.9166,
438030321936,12838.9,960.1542,585.0232,1,2.9482,1,816.7731,490.6634,1,2.8285,1,888.4636,537.8433,2.8884,
438030325936,12842.9,950.3745,575.9423,1,2.9415,1,819.853,468.8271,1,2.8362,1,885.1137,522.3847,2.8888,
438030329935,12846.9,963.7478,589.3486,1,2.8916,1,824.3135,477.1462,1,2.8072,1,894.0306,533.2474,2.8494,
438030333935,12850.9,914.2118,573.6646,1,2.8909,1,789.3978,500.2709,1,2.7644,1,851.8048,536.9677,2.8276,
438030337935,12854.9,832.447,601.9911,1,2.942,1,702.5274,547.9778,1,2.7316,1,767.4872,574.9844,2.8368,
438030341935,12858.9,735.729,634.1286,1,2.9323,1,632.5988,564.6255,1,2.7964,1,684.1639,599.377,2.8643,
438030345935,12862.9,692.6567,679.7036,1,2.9203,1,600.0395,581.4909,1,2.7754,1,646.3481,630.5972,2.8478,
438030349936,12866.9,684.0757,664.4575,1,2.9237,1,563.709,559.7916,1,2.8391,1,623.8924,612.1246,2.8814,
438030353936,12870.9,721.2507,630.8396,1,2.8504,1,553.5855,555.4977,1,2.7503,1,637.4181,593.1687,2.8003,
438030357935,12874.9,730.344,614.594,1,2.8643,1,540.0454,532.2119,1,2.7735,1,635.1947,573.403,2.8189,
438030361935,12878.9,730.9246,616.1487,1,2.8742,1,549.3283,535.6035,1,2.7641,1,640.1264,575.8761,2.8191,
438030365935,12882.9,716.8217,620.7726,1,2.8307,1,572.3138,526.3293,1,2.7897,1,644.5678,573.551,2.8102,
438030369935,12886.9,698.2252,634.4196,1,2.8242,1,550.5797,567.7793,1,2.7114,1,624.4024,601.0995,2.7678,
438030373936,12890.9,697.5786,599.0951,1,2.9218,1,530.2204,545.7158,1,2.74,1,613.8995,572.4054,2.8309,
438030377936,12894.9,680.8561,626.0214,1,2.8859,1,530.0696,573.5069,1,2.6761,1,605.4628,599.7642,2.781,
438030381935,12898.9,701.892,624.0448,1,2.9102,1,544.3816,546.929,1,2.7429,1,623.1368,585.4869,2.8266,
438030385935,12902.9,699.2686,636.8966,1,2.8624,1,543.0609,545.9831,1,2.7154,1,621.1647,591.4399,2.7889,
438030389935,12906.9,697.2206,626.4899,1,2.8816,1,543.7278,522.543,1,2.7995,1,620.4742,574.5164,2.8405,
438030393935,12910.9,710.632,628.2378,1,2.8589,1,537.4181,543.8199,1,2.7217,1,624.025,586.0288,2.7903,
438030397936,12914.9,701.272,631.7824,1,2.8405,1,544.2638,542.7121,1,2.7102,1,622.7679,587.2472,2.7753,
438030401936,12918.9,706.3362,639.6723,1,2.7863,1,552.5954,556.2301,1,2.6927,1,629.4658,597.9512,2.7395,
438030405935,12922.9,697.4107,636.5885,1,2.7819,1,547.914,551.1,1,2.6587,1,622.6623,593.8443,2.7203,
438030409935,12926.9,703.7407,614.316,1,2.829,1,556.9286,558.5491,1,2.7007,1,630.3347,586.4326,2.7648,
438030413935,12930.9,704.248,605.5672,1,2.8441,1,551.1033,533.3005,1,2.7386,1,627.6756,569.4339,2.7913,
438030417935,12934.9,698.7657,601.6209,1,2.8349,1,542.8752,548.4239,1,2.6775,1,620.8204,575.0224,2.7562,
438030421936,12938.9,711.9269,611.3693,1,2.8148,1,552.6719,540.4227,1,2.6882,1,632.2994,575.896,2.7515,
438030425936,12942.9,700.7754,612.2968,1,2.7917,1,536.1794,551.0264,1,2.6807,1,618.4774,581.6616,2.7362,
438030429935,12946.9,707.4088,601.9198,1,2.8088,1,542.6865,563.1075,1,2.6553,1,625.0476,582.5137,2.732,
438030433935,12950.9,697.5357,613.3092,1,2.8097,1,540.922,559.06,1,2.6246,1,619.2288,586.1846,2.7171,
438030437935,12954.9,694.8214,618.1294,1,2.7732,1,538.9958,564.373,1,2.6034,1,616.9086,591.2512,2.6883,
438030441935,12958.9,699.2977,614.342,1,2.7769,1,546.5658,554.3956,1,2.6348,1,622.9318,584.3688,2.7059,
438030445936,12962.9,706.9178,622.5873,1,2.7906,1,541.5755,544.8412,1,2.6852,1,624.2466,583.7143,2.7379,
438030449936,12966.9,705.485,616.903,1,2.801,1,550.8988,544.5836,1,2.6416,1,628.1919,580.7433,2.7213,
438030453935,12970.9,712.7398,626.4722,1,2.8065,1,552.1464,534.4989,1,2.6463,1,632.4431,580.4855,2.7264,
438030457935,12974.9,709.1035,649.8644,1,2.7478,1,551.6743,532.8982,1,2.6645,1,630.3889,591.3813,2.7061,
438030461935,12978.9,713.0429,640.934,1,2.7759,1,551.8625,550.7907,1,2.6311,1,632.4527,595.8623,2.7035,
438030465935,12982.9,709.9001,628.7074,1,2.7816,1,547.0276,553.8495,1,2.664,1,628.4639,591.2785,2.7228,
438030469936,12986.9,699.9794,629.2523,1,2.7586,1,532.8951,575.4841,1,2.6246,1,616.4373,602.3682,2.6916,
438030473936,12990.9,707.8146,600.0961,1,2.802,1,536.0184,556.6175,1,2.5933,1,621.9165,578.3568,2.6977,
438030477935,12994.9,710.6039,643.7285,1,2.7389,1,537.8727,554.7911,1,2.5812,1,624.2383,599.2598,2.66,
438030481935,12998.9,691.8452,621.8565,1,2.7669,1,543.9907,548.7109,1,2.6455,1,617.918,585.2837,2.7062,
438030485935,13002.9,703.6244,631.3523,1,2.7473,1,554.2804,548.3923,1,2.6182,1,628.9524,589.8723,2.6828,
438030489935,13006.9,702.0515,630.0931,1,2.7236,1,557.3702,535.5678,1,2.6552,1,629.7108,582.8305,2.6894,
438030493936,13010.9,715.3151,612.2454,1,2.7763,1,548.5816,568.1703,1,2.5801,1,631.9484,590.2078,2.6782,
438030497936,13014.9,705.4082,620.6415,1,2.7635,1,532.439,542.7182,1,2.6479,1,618.9236,581.6798,2.7057,
438030501935,13018.9,711.7185,622.5092,1,2.7137,1,539.3381,548.9076,1,2.6473,1,625.5283,585.7084,2.6805,
438030505935,13022.9,711.6152,632.3799,1,2.7264,1,543.8485,538.459,1,2.6742,1,627.7319,585.4195,2.7003,
438030509935,13026.9,703.1483,646.3508,1,2.7336,1,541.9444,551.8737,1,2.6225,1,622.5463,599.1123,2.6781,
438030513935,13030.9,704.3865,634.6257,1,2.7145,1,536.9925,547.2816,1,2.5868,1,620.6895,590.9537,2.6507,
438030517935,13034.9,703.195,621.1408,1,2.7775,1,554.3871,551.2232,1,2.627,1,628.791,586.182,2.7023,
438030521936,13038.9,697.3841,607.883,1,2.7534,1,555.6717,567.6662,1,2.5704,1,626.5279,587.7746,2.6619,
438030525936,13042.9,697.824,636.5582,1,2.7149,1,558.7696,537.6584,1,2.6538,1,628.2968,587.1083,2.6844,
438030529935,13046.9,715.3462,646.9783,1,2.7115,1,543.5894,556.9079,1,2.5941,1,629.4678,601.9431,2.6528,
438030533935,13050.9,701.2957,624.6728,1,2.7568,1,537.6392,558.8148,1,2.5645,1,619.4675,591.7438,2.6606,
438030537935,13054.9,691.3063,636.7106,1,2.7047,1,550.5777,560.1068,1,2.6092,1,620.942,598.4087,2.6569,
438030541935,13058.9,695.0602,626.0992,1,2.7316,1,544.9273,564.5531,1,2.5675,1,619.9937,595.3261,2.6495,
438030545935,13062.9,716.3775,632.6986,1,2.755,1,544.2903,557.4416,1,2.6071,1,630.3339,595.0701,2.6811,
438030549935,13066.9,709.3451,621.8377,1,2.7417,1,547.0015,564.0617,1,2.5764,1,628.1733,592.9497,2.659,
438030553935,13070.9,702.469,621.4822,1,2.7035,1,531.5823,560.4446,1,2.6103,1,617.0257,590.9634,2.6569,
438030557934,13074.9,705.9093,614.9076,1,2.7263,1,536.6821,562.8722,1,2.6007,1,621.2957,588.8899,2.6635,
438030561934,13078.9,707.7609,659.8801,1,2.6675,1,546.3815,567.9308,1,2.5695,1,627.0712,613.9054,2.6185,
438030565934,13082.9,701.963,625.1044,1,2.7465,1,548.3501,552.8924,1,2.6036,1,625.1565,588.9984,2.675,
438030569934,13086.9,714.499,630.3531,1,2.7135,1,541.6687,555.0961,1,2.6109,1,628.0838,592.7246,2.6622,
438030573936,13090.9,711.2008,616.0034,1,2.7347,1,547.6871,558.576,1,2.5931,1,629.4439,587.2897,2.6639,
438030577936,13094.9,709.7355,627.4266,1,2.7457,1,530.1374,559.1947,1,2.5625,1,619.9364,593.3107,2.6541,
438030581935,13098.9,710.154,631.837,1,2.7378,1,537.0483,564.114,1,2.5424,1,623.6012,597.9755,2.6401,
438030585935,13102.9,717.825,623.0708,1,2.761,1,546.8693,563.783,1,2.5785,1,632.3472,593.4269,2.6698,
438030589935,13106.9,713.3554,644.0006,1,2.713,1,545.4613,570.5561,1,2.5725,1,629.4084,607.2784,2.6428,
438030593935,13110.9,713.5527,645.0201,1,2.6879,1,554.6245,560.1698,1,2.5883,1,634.0886,602.595,2.6381,
438030597936,13114.9,721.9369,630.1377,1,2.77,1,540.2674,550.7866,1,2.5964,1,631.1022,590.4622,2.6832,
438030601936,13118.9,707.1136,636.0093,1,2.7589,1,550.4309,544.6785,1,2.61,1,628.7723,590.3439,2.6844,
438030605935,13122.9,703.2238,632.4823,1,2.7511,1,542.1054,562.5853,1,2.5763,1,622.6646,597.5338,2.6637,
438030609935,13126.9,699.3188,652.5267,1,2.7169,1,547.1403,559.6246,1,2.5695,1,623.2296,606.0757,2.6432,
438030613935,13130.9,703.9935,625.0577,1,2.7322,1,531.1187,561.9488,1,2.5774,1,617.5561,593.5032,2.6548,
438030617935,13134.9,704.8437,630.6924,1,2.7149,1,542.8652,559.7867,1,2.6023,1,623.8544,595.2395,2.6586,
438030621936,13138.9,704.4307,639.2027,1,2.7119,1,543.2323,558.8307,1,2.5702,1,623.8315,599.0167,2.641,
438030625936,13142.9,704.5366,630.3603,1,2.7268,1,546.3407,573.2874,1,2.5237,1,625.4387,601.8239,2.6252,
438030629935,13146.9,714.7321,646.9189,1,2.7281,1,540.9758,551.6315,1,2.5889,1,627.8539,599.2752,2.6585,
438030633935,13150.9,697.0494,632.8402,1,2.7032,1,527.0869,576.2334,1,2.5442,1,612.0682,604.5368,2.6237,
438030637935,13154.9,710.7096,636.3974,1,2.666,1,552.7309,549.3926,1,2.6255,1,631.7202,592.895,2.6457,
438030641935,13158.9,708.6296,652.8235,1,2.6906,1,537.8341,550.3646,1,2.6079,1,623.2318,601.5941,2.6492,
438030645936,13162.9,708.0819,651.8335,1,2.6935,1,540.7388,559.0653,1,2.5711,1,624.4104,605.4494,2.6323,
438030649936,13166.9,703.1393,656.1611,1,2.6978,1,549.6065,548.7414,1,2.6122,1,626.3729,602.4513,2.655,
438030653935,13170.9,706.5828,629.7325,1,2.7689,1,540.847,560.7126,1,2.616,1,623.7149,595.2226,2.6924,
438030657935,13174.9,701.1995,633.1352,1,2.7127,1,533.231,573.6066,1,2.5563,1,617.2153,603.3709,2.6345,
438030661935,13178.9,700.9784,626.5385,1,2.7248,1,548.042,574.9786,1,2.5362,1,624.5102,600.7585,2.6305,
438030665935,13182.9,711.6698,635.2623,1,2.7363,1,547.2053,549.1427,1,2.595,1,629.4376,592.2025,2.6656,
438030669936,13186.9,700.7582,646.3851,1,2.7429,1,543.3956,561.7094,1,2.5632,1,622.0769,604.0473,2.6531,
438030673936,13190.9,693.9511,629.7037,1,2.764,1,541.5011,539.3973,1,2.6657,1,617.7261,584.5505,2.7149,
438030677935,13194.9,698.8868,653.3785,1,2.7073,1,562.1623,544.7531,1,2.6138,1,630.5245,599.0658,2.6605,
438030681935,13198.9,697.1513,655.2524,1,2.7363,1,554.895,562.282,1,2.5985,1,626.0231,608.7672,2.6674,
438030685935,13202.9,701.7122,647.4198,1,2.7386,1,552.1475,585.0912,1,2.5441,1,626.9298,616.2555,2.6413,
438030689935,13206.9,696.9531,647.661,1,2.7504,1,558.9826,576.1461,1,2.5724,1,627.9678,611.9035,2.6614,
438030693936,13210.9,704.5006,626.7938,1,2.8128,1,549.1107,560.6711,1,2.5987,1,626.8056,593.7324,2.7058,
438030697936,13214.9,707.8182,641.6661,1,2.7459,1,564.594,545.1684,1,2.6646,1,636.2061,593.4172,2.7052,
438030701935,13218.9,694.7479,638.8173,1,2.7572,1,558.9955,542.6065,1,2.6531,1,626.8717,590.7119,2.7051,
438030705937,13222.9,716.2361,629.3806,1,2.7407,1,537.3746,526.6225,1,2.7151,1,626.8053,578.0016,2.7279,
438030709937,13226.9,723.7931,620.0668,1,2.769,1,563.7641,554.1375,1,2.6739,1,643.7786,587.1021,2.7214,
438030713937,13230.9,709.3326,624.2953,1,2.7816,1,552.6415,553.8228,1,2.6292,1,630.9871,589.0591,2.7054,
438030717937,13234.9,717.8781,630.7276,1,2.7722,1,540.345,563.9568,1,2.6094,1,629.1116,597.3422,2.6908,
438030721938,13238.9,712.9778,632.7389,1,2.7692,1,544.3509,571.9258,1,2.5907,1,628.6644,602.3323,2.68,
438030725938,13242.9,709.673,628.3711,1,2.7639,1,554.1205,549.0902,1,2.6034,1,631.8968,588.7306,2.6837,
438030729937,13246.9,718.4564,633.9408,1,2.7439,1,554.9082,559.8103,1,2.581,1,636.6823,596.8755,2.6625,
438030733937,13250.9,705.0385,623.4185,1,2.8001,1,553.2972,566.9827,1,2.5913,1,629.1679,595.2006,2.6957,
438030737937,13254.9,697.9805,611.0451,1,2.8158,1,550.3837,558.8573,1,2.6216,1,624.1821,584.9512,2.7187,
438030741937,13258.9,704.4444,633.029,1,2.7531,1,548.2432,553.5519,1,2.6159,1,626.3438,593.2905,2.6845,
438030745937,13262.9,701.7733,625.4472,1,2.7757,1,547.6965,564.203,1,2.6363,1,624.7349,594.8251,2.706,
438030749938,13266.9,704.6141,618.4829,1,2.7943,1,547.9871,558.701,1,2.6192,1,626.3006,588.592,2.7067,
438030753938,13270.9,699.9463,630.0203,1,2.773,1,558.7328,554.697,1,2.6306,1,629.3395,592.3587,2.7018,
438030757937,13274.9,688.8722,629.4777,1,2.7835,1,554.6488,539.0116,1,2.6839,1,621.7605,584.2447,2.7337,
438030761937,13278.9,707.0294,635.952,1,2.7945,1,539.5252,560.938,1,2.6509,1,623.2773,598.445,2.7227,
438030765937,13282.9,700.6609,628.3235,1,2.7966,1,543.0802,545.4135,1,2.6841,1,621.8705,586.8685,2.7403,
438030769937,13286.9,699.7091,636.565,1,2.7762,1,544.5184,567.0893,1,2.6418,1,622.1137,601.8272,2.709,
438030773938,13290.9,710.5311,640.4452,1,2.8119,1,544.0822,574.0812,1,2.6464,1,627.3066,607.2632,2.7291,
438030777938,13294.9,699.2695,658.2617,1,2.7959,1,555.8,542.8472,1,2.649,1,627.5348,600.5545,2.7224,
438030781937,13298.9,718.0396,646.0693,1,2.8156,1,552.2922,566.0226,1,2.6092,1,635.1659,606.0459,2.7124,
438030785936,13302.9,708.949,635.1152,1,2.7761,1,564.5724,567.3396,1,2.6127,1,636.7607,601.2274,2.6944,
438030789936,13306.9,709.4761,645.4995,1,2.7758,1,563.5214,538.9687,1,2.6946,1,636.4988,592.2341,2.7352,
438030793936,13310.9,696.4686,634.865,1,2.7923,1,544.5075,554.9552,1,2.6807,1,620.4881,594.9101,2.7365,
438030797937,13314.9,705.7701,649.6042,1,2.7815,1,563.5172,556.6425,1,2.6531,1,634.6436,603.1233,2.7173,
438030801937,13318.9,712.8486,643.3669,1,2.7793,1,560.7532,551.6391,1,2.6566,1,636.8009,597.503,2.718,
438030805936,13322.9,715.3675,619.3667,1,2.81,1,548.357,556.5579,1,2.7,1,631.8623,587.9623,2.755,
438030809936,13326.9,708.9969,633.3045,1,2.8295,1,550.4376,563.36,1,2.634,1,629.7173,598.3322,2.7317,
438030813936,13330.9,719.0242,626.3876,1,2.8177,1,549.7291,548.8096,1,2.7192,1,634.3766,587.5986,2.7685,
438030817936,13334.9,702.394,627.1206,1,2.8321,1,548.9159,574.7952,1,2.6518,1,625.6549,600.9579,2.742,
438030821937,13338.9,709.896,649.751,1,2.81,1,539.5552,546.6437,1,2.7026,1,624.7256,598.1974,2.7563,
438030825937,13342.9,705.1332,657.2771,1,2.831,1,541.5137,578.8077,1,2.6379,1,623.3234,618.0424,2.7344,
438030829937,13346.9,711.5712,664.2438,1,2.8202,1,564.1849,518.2112,1,2.7927,1,637.878,591.2275,2.8064,
438030833934,13350.9,710.3537,657.4673,1,2.8358,1,545.6506,558.594,1,2.6596,1,628.0021,608.0307,2.7477,
438030837934,13354.9,705.9975,658.4758,1,2.8293,1,552.9762,565.3101,1,2.6344,1,629.4869,611.8929,2.7318,
438030841934,13358.9,701.566,651.1382,1,2.8259,1,570.5438,546.2597,1,2.7056,1,636.0549,598.6989,2.7658,
438030845935,13362.9,714.3,648.5875,1,2.7867,1,564.744,535.527,1,2.7069,1,639.522,592.0572,2.7468,
438030849935,13366.9,718.0293,625.5693,1,2.8395,1,548.8528,553.9511,1,2.6912,1,633.4411,589.7602,2.7653,
438030853934,13370.9,720.5033,627.8187,1,2.8369,1,552.7254,562.803,1,2.6862,1,636.6143,595.3108,2.7615,
438030857934,13374.9,701.337,643.3468,1,2.7914,1,548.735,569.26,1,2.7015,1,625.036,606.3034,2.7465,
438030861934,13378.9,708.5054,633.8523,1,2.8195,1,550.1153,572.5291,1,2.669,1,629.3104,603.1907,2.7443,
438030865934,13382.9,706.2994,629.9619,1,2.8607,1,541.0043,561.2977,1,2.683,1,623.6519,595.6298,2.7719,
438030869935,13386.9,715.3625,656.3326,1,2.8035,1,543.0393,545.1113,1,2.7135,1,629.2009,600.7219,2.7585,
438030873935,13390.9,713.7727,651.5617,1,2.8339,1,541.0326,558.6874,1,2.6866,1,627.4026,605.1246,2.7603,
438030877934,13394.9,709.2507,643.8694,1,2.8549,1,546.6368,563.5254,1,2.65,1,627.9438,603.6974,2.7525,
438030881934,13398.9,722.277,634.5489,1,2.8958,1,553.6014,563.2258,1,2.6716,1,637.9392,598.8873,2.7837,
438030885934,13402.9,706.8368,652.9473,1,2.8638,1,550.9477,572.8443,1,2.6511,1,628.8922,612.8958,2.7574,
438030889934,13406.9,718.9652,641.0471,1,2.8552,1,556.1343,564.6023,1,2.7194,1,637.5498,602.8247,2.7873,
438030893935,13410.9,712.7373,632.3527,1,2.8214,1,553.9859,556.9778,1,2.712,1,633.3616,594.6652,2.7667,
438030897935,13414.9,715.6141,608.6552,1,2.8855,1,564.3187,551.4306,1,2.7095,1,639.9664,580.0429,2.7975,
438030901934,13418.9,712.9201,628.3518,1,2.8387,1,551.8695,554.2641,1,2.7053,1,632.3948,591.3079,2.772,
438030905934,13422.9,699.5704,653.7717,1,2.7981,1,553.8478,564.0707,1,2.6924,1,626.7091,608.9212,2.7452,
438030909934,13426.9,712.0509,644.9688,1,2.8562,1,557.1778,563.3535,1,2.6664,1,634.6144,604.1612,2.7613,
438030913934,13430.9,720.8744,654.8883,1,2.8502,1,556.2099,560.0872,1,2.6899,1,638.5422,607.4877,2.7701,
438030917934,13434.9,700.1548,636.9955,1,2.8253,1,549.8147,547.6835,1,2.724,1,624.9847,592.3395,2.7747,
438030921935,13438.9,714.1144,622.1181,1,2.8571,1,545.2167,561.8381,1,2.6674,1,629.6655,591.9781,2.7622,
438030925935,13442.9,723.4246,622.1265,1,2.8726,1,548.4676,555.4075,1,2.7006,1,635.9461,588.767,2.7866,
438030929934,13446.9,711.057,666.4899,1,2.7845,1,558.6613,558.6429,1,2.7047,1,634.8592,612.5664,2.7446,
438030933934,13450.9,707.6231,641.5339,1,2.8769,1,548.902,554.8711,1,2.7023,1,628.2626,598.2025,2.7896,
438030937934,13454.9,724.3695,643.3147,1,2.8611,1,562.8645,541.7127,1,2.7447,1,643.617,592.5137,2.8029,
438030941934,13458.9,713.2137,632.5835,1,2.8667,1,568.6591,554.747,1,2.7236,1,640.9364,593.6652,2.7952,
438030945934,13462.9,703.5049,618.4418,1,2.8703,1,564.4234,532.4724,1,2.7777,1,633.9641,575.4571,2.824,
438030949935,13466.9,692.8213,637.4571,1,2.8276,1,548.9563,553.6895,1,2.6907,1,620.8888,595.5733,2.7592,
438030953935,13470.9,705.0535,636.1621,1,2.8342,1,555.2936,557.3474,1,2.7159,1,630.1735,596.7547,2.775,
438030957934,13474.9,713.6213,649.4654,1,2.8099,1,550.2363,565.9317,1,2.6929,1,631.9288,607.6986,2.7514,
438030961934,13478.9,716.4844,635.3305,1,2.8895,1,548.4372,566.3527,1,2.683,1,632.4608,600.8416,2.7863,
438030965933,13482.9,717.2624,646.5067,1,2.8699,1,540.9336,550.2836,1,2.7678,1,629.098,598.3952,2.8188,
438030969933,13486.9,716.9672,635.0455,1,2.896,1,538.7956,568.6947,1,2.7132,1,627.8814,601.8701,2.8046,
438030973934,13490.9,719.8241,657.5614,1,2.8518,1,554.4899,552.0548,1,2.7245,1,637.157,604.8081,2.7882,
438030977934,13494.9,720.0403,638.9807,1,2.8822,1,561.4031,547.1248,1,2.7805,1,640.7217,593.0528,2.8313,
438030981933,13498.9,715.9719,666.6734,1,2.8233,1,558.9339,571.9702,1,2.7281,1,637.4529,619.3218,2.7757,
438030985933,13502.9,722.3787,650.6542,1,2.8376,1,549.6983,567.3854,1,2.713,1,636.0385,609.0198,2.7753,
438030989933,13506.9,716.0136,643.2575,1,2.8534,1,556.7243,560.4564,1,2.7437,1,636.3689,601.857,2.7985,
438030993933,13510.9,718.9935,628.1843,1,2.8676,1,569.1923,548.4896,1,2.738,1,644.0929,588.337,2.8028,
438030997934,13514.9,715.8707,629.2693,1,2.8195,1,550.0117,553.4705,1,2.7352,1,632.9412,591.3699,2.7773,
438031001934,13518.9,725.9332,614.1926,1,2.8797,1,539.4063,570.1864,1,2.6252,1,632.6698,592.1895,2.7525,
438031005933,13522.9,724.8905,612.9775,1,2.9261,1,549.7495,566.4968,1,2.6816,1,637.32,589.7372,2.8039,
438031009933,13526.9,725.1225,647.7912,1,2.8544,1,557.2111,552.5759,1,2.7002,1,641.1668,600.1836,2.7773,
438031013933,13530.9,721.8514,664.261,1,2.8344,1,539.9563,589.2423,1,2.6665,1,630.9038,626.7517,2.7504,
438031017932,13534.9,718.9106,644.0952,1,2.8472,1,559.6533,533.9495,1,2.7989,1,639.2819,589.0223,2.8231,
438031021933,13538.9,728.2576,613.3338,1,2.8662,1,551.5288,541.5767,1,2.7818,1,639.8932,577.4552,2.824,
438031025933,13542.9,712.8145,633.95,1,2.8876,1,549.9532,564.851,1,2.7015,1,631.3838,599.4005,2.7946,
438031029932,13546.9,715.8465,625.7092,1,2.8767,1,550.8683,583.2136,1,2.6682,1,633.3574,604.4614,2.7725,
438031033932,13550.9,718.4089,656.5765,1,2.8661,1,552.3683,550.5151,1,2.7641,1,635.3886,603.5458,2.8151,
438031037932,13554.9,714.8917,629.0132,1,2.8471,1,561.5497,561.5369,1,2.7177,1,638.2207,595.2751,2.7824,
438031041932,13558.9,721.8803,626.8961,1,2.8833,1,569.5444,538.9281,1,2.772,1,645.7123,582.9121,2.8277,
438031045933,13562.9,705.3067,649.9768,1,2.8675,1,562.3434,552.9975,1,2.7619,1,633.825,601.4871,2.8147,
438031049933,13566.9,718.1172,635.3228,1,2.8939,1,551.6494,573.3886,1,2.7356,1,634.8833,604.3557,2.8148,
438031053932,13570.9,711.9443,638.6174,1,2.8534,1,558.1348,554.7194,1,2.7406,1,635.0396,596.6684,2.797,
438031057932,13574.9,727.0507,620.2292,1,2.8633,1,563.601,544.5679,1,2.7427,1,645.3259,582.3985,2.803,
438031061932,13578.9,718.7696,645.7599,1,2.8578,1,559.459,560.3284,1,2.6836,1,639.1143,603.0441,2.7707,
438031065932,13582.9,715.539,646.1133,1,2.8304,1,564.4371,558.2949,1,2.7211,1,639.9881,602.2041,2.7758,
438031069933,13586.9,708.9773,638.0376,1,2.8812,1,563.0939,566.5673,1,2.7035,1,636.0356,602.3025,2.7923,
438031073933,13590.9,712.0066,631.0366,1,2.8989,1,561.9799,570.4906,1,2.7259,1,636.9933,600.7636,2.8124,
438031077932,13594.9,719.5014,606.7365,1,2.8943,1,568.2097,536.5163,1,2.792,1,643.8555,571.6264,2.8431,
438031081932,13598.9,704.8914,642.8246,1,2.8566,1,564.9056,547.6843,1,2.7738,1,634.8985,595.2545,2.8152,
438031085932,13602.9,719.2799,658.8306,1,2.8839,1,562.2894,544.9615,1,2.7786,1,640.7847,601.896,2.8313,
438031089932,13606.9,722.5126,617.6882,1,2.9073,1,565.7994,577.9773,1,2.7363,1,644.156,597.8328,2.8218,
438031093933,13610.9,728.4524,637.0932,1,2.8748,1,549.2855,513.7337,1,2.8228,1,638.8689,575.4135,2.8488,
438031097933,13614.9,714.3896,648.6905,1,2.8703,1,573.7168,561.9041,1,2.73,1,644.0532,605.2973,2.8002,
438031101932,13618.9,735.1466,618.1717,1,2.8671,1,584.4053,559.6999,1,2.7575,1,659.776,588.9358,2.8123,
438031105932,13622.9,738.5716,625.4611,1,2.879,1,582.768,533.08,1,2.792,1,660.6698,579.2706,2.8355,
438031109932,13626.9,736.8082,613.7546,1,2.9021,1,584.1336,541.1458,1,2.7559,1,660.4709,577.4502,2.829,
438031113932,13630.9,745.4507,640.6313,1,2.8476,1,574.4531,528.7632,1,2.8021,1,659.9519,584.6972,2.8249,
438031117932,13634.9,727.791,623.4556,1,2.8707,1,579.8455,554.0186,1,2.7364,1,653.8182,588.7371,2.8036,
438031121933,13638.9,738.491,643.6168,1,2.8882,1,585.0368,533.9687,1,2.8088,1,661.7639,588.7927,2.8485,
438031125933,13642.9,724.5192,619.2706,1,2.8949,1,578.4547,542.8133,1,2.7933,1,651.4869,581.0419,2.8441,
438031129932,13646.9,728.3169,618.4819,1,2.9009,1,566.8436,553.6052,1,2.7565,1,647.5803,586.0436,2.8287,
438031133932,13650.9,734.7329,632.7889,1,2.8655,1,572.2119,547.9486,1,2.7622,1,653.4724,590.3687,2.8138,
438031137932,13654.9,723.9617,610.3767,1,2.8836,1,573.0669,573.506,1,2.7256,1,648.5143,591.9413,2.8046,
438031141932,13658.9,731.2309,636.9642,1,2.8933,1,582.9997,543.4602,1,2.783,1,657.1153,590.2122,2.8382,
438031145932,13662.9,735.2233,624.2635,1,2.9011,1,578.1286,562.3461,1,2.7537,1,656.676,593.3048,2.8274,
438031149933,13666.9,730.7125,612.065,1,2.9048,1,576.8701,538.2391,1,2.7721,1,653.7913,575.1521,2.8384,
438031153933,13670.9,732.3973,643.1036,1,2.862,1,589.1073,538.9172,1,2.7893,1,660.7523,591.0104,2.8256,
438031157932,13674.9,742.4482,618.4481,1,2.9197,1,589.2878,540.8993,1,2.7816,1,665.868,579.6737,2.8507,
438031161932,13678.9,744.94,624.3531,1,2.9456,1,577.5983,565.3919,1,2.7496,1,661.2691,594.8725,2.8476,
438031165932,13682.9,742.1214,608.0807,1,2.9098,1,579.385,542.0512,1,2.7569,1,660.7532,575.066,2.8333,
438031169932,13686.9,736.5396,632.1193,1,2.9173,1,569.4208,568.097,1,2.743,1,652.9802,600.1082,2.8302,
438031173933,13690.9,736.7932,624.3155,1,2.9131,1,580.4739,543.9101,1,2.7423,1,658.6335,584.1128,2.8277,
438031177933,13694.9,729.7375,618.2739,1,2.9281,1,590.2772,530.7324,1,2.841,1,660.0074,574.5032,2.8845,
438031181932,13698.9,737.6811,652.0838,1,2.8928,1,575.7194,558.36,1,2.7523,1,656.7002,605.2219,2.8225,
438031185933,13702.9,743.5439,618.6115,1,2.9137,1,583.7185,545.8861,1,2.757,1,663.6312,582.2488,2.8353,
438031189933,13706.9,739.6467,623.8448,1,2.8975,1,578.2188,540.1227,1,2.7809,1,658.9328,581.9837,2.8392,
438031193933,13710.9,737.5936,644.6274,1,2.9073,1,578.0352,553.3548,1,2.7622,1,657.8144,598.9911,2.8348,
438031197934,13714.9,730.3554,637.7009,1,2.9032,1,588.0097,544.2095,1,2.8156,1,659.1825,590.9552,2.8594,
438031201934,13718.9,747.8915,609.3401,1,2.9404,1,581.5195,544.8836,1,2.7568,1,664.7055,577.1119,2.8486,
438031205933,13722.9,739.4868,615.7724,1,2.9169,1,564.8387,525.9662,1,2.7983,1,652.1628,570.8693,2.8576,
438031209933,13726.9,737.4038,612.0849,1,2.958,1,572.9523,548.3914,1,2.7715,1,655.178,580.2382,2.8647,
438031213933,13730.9,742.9657,637.4539,1,2.9237,1,582.7255,555.4356,1,2.7751,1,662.8456,596.4447,2.8494,
438031217933,13734.9,738.1876,634.1683,1,2.8909,1,585.7134,542.5034,1,2.8226,1,661.9505,588.3359,2.8567,
438031221934,13738.9,739.7258,592.3204,1,2.9679,1,583.3565,532.1702,1,2.8242,1,661.5412,562.2453,2.8961,
438031225934,13742.9,734.1472,609.8957,1,2.937,1,582.815,538.2307,1,2.7521,1,658.4811,574.0632,2.8445,
438031229933,13746.9,737.1545,635.7452,1,2.904,1,574.985,520.6997,1,2.8293,1,656.0698,578.2224,2.8666,
438031233933,13750.9,736.5257,635.0833,1,2.9218,1,589.956,535.0418,1,2.7994,1,663.2409,585.0625,2.8606,
438031237933,13754.9,737.3135,631.1308,1,2.8949,1,583.7007,560.3496,1,2.7375,1,660.5071,595.7402,2.8162,
438031241933,13758.9,733.1549,603.1483,1,2.893,1,590.698,572.74,1,2.7488,1,661.9264,587.9441,2.8209,
438031245934,13762.9,738.8523,613.3912,1,2.9389,1,581.7246,539.8701,1,2.7632,1,660.2884,576.6307,2.851,
438031249934,13766.9,744.0932,642.4947,1,2.8945,1,589.799,550.4303,1,2.7598,1,666.9461,596.4625,2.8271,
438031253931,13770.9,730.1542,628.7551,1,2.9316,1,588.0941,546.9709,1,2.7746,1,659.1242,587.863,2.8531,
438031257931,13774.9,740.141,610.4992,1,2.9437,1,591.9301,544.1242,1,2.7792,1,666.0356,577.3117,2.8615,
438031261931,13778.9,732.5589,595.8127,1,2.9409,1,583.7811,573.4703,1,2.7464,1,658.17,584.6415,2.8436,
438031265931,13782.9,745.7421,632.3763,1,2.8729,1,596.5279,565.4782,1,2.7771,1,671.135,598.9272,2.825,
438031269933,13786.9,734.1283,628.3355,1,2.9233,1,594.1491,530.312,1,2.8174,1,664.1387,579.3237,2.8703,
438031273933,13790.9,746.1402,642.6394,1,2.9091,1,581.3219,538.9403,1,2.8394,1,663.731,590.7898,2.8743,
438031277932,13794.9,742.4661,638.7641,1,2.909,1,585.8017,536.5409,1,2.764,1,664.1339,587.6525,2.8365,
438031281932,13798.9,727.3662,645.8074,1,2.8762,1,582.9638,537.1488,1,2.7973,1,655.165,591.4781,2.8367,
438031285932,13802.9,727.8299,635.4613,1,2.9507,1,587.8975,523.8201,1,2.8312,1,657.8637,579.6407,2.891,
438031289932,13806.9,734.2433,643.9373,1,2.8825,1,585.2644,566.0487,1,2.74,1,659.7538,604.993,2.8112,
438031293933,13810.9,736.1184,647.3354,1,2.9117,1,580.4966,532.195,1,2.8217,1,658.3075,589.7652,2.8667,
438031297933,13814.9,740.0652,635.6136,1,2.9415,1,589.5352,542.094,1,2.7596,1,664.8002,588.8538,2.8506,
438031301932,13818.9,736.2249,622.5121,1,2.9501,1,583.647,551.4634,1,2.7253,1,659.9359,586.9877,2.8377,
438031305932,13822.9,732.1012,623.3031,1,2.934,1,586.9345,552.1626,1,2.7899,1,659.5178,587.7328,2.862,
438031309932,13826.9,745.2311,605.4142,1,2.9529,1,595.2734,540.6485,1,2.8074,1,670.2523,573.0314,2.8801,
438031313932,13830.9,735.4251,586.7349,1,2.9341,1,591.4479,539.1961,1,2.7881,1,663.4365,562.9655,2.8611,
438031317933,13834.9,738.8972,598.1069,1,2.9398,1,591.0399,555.2287,1,2.7872,1,664.9685,576.6678,2.8635,
438031321933,13838.9,740.3495,614.1894,1,2.9499,1,592.4578,512.15,1,2.8633,1,666.4037,563.1697,2.9066,
438031325933,13842.9,743.7007,631.6334,1,2.915,1,593.248,532.047,1,2.786,1,668.4743,581.8402,2.8505,
438031329931,13846.9,744.0607,633.13,1,2.9798,1,592.5836,548.483,1,2.7576,1,668.3222,590.8065,2.8687,
438031333932,13850.9,735.6781,627.0545,1,2.9028,1,598.1536,552.884,1,2.7748,1,666.9158,589.9692,2.8388,
438031337931,13854.9,736.0236,614.8576,1,2.9474,1,589.0891,532.9015,1,2.7805,1,662.5563,573.8795,2.8639,
438031341931,13858.9,726.9202,602.3003,1,2.9547,1,580.1567,528.3952,1,2.7848,1,653.5384,565.3478,2.8697,
438031345933,13862.9,740.2805,615.1518,1,2.9328,1,593.4869,543.2472,1,2.7669,1,666.8837,579.1995,2.8499,
438031349932,13866.9,737.311,615.9653,1,2.893,1,577.1551,540.4802,1,2.7948,1,657.233,578.2227,2.8439,
438031353932,13870.9,743.5084,597.558,1,2.9407,1,585.8371,534.203,1,2.7617,1,664.6727,565.8805,2.8512,
438031357931,13874.9,747.2249,609.8977,1,2.9197,1,595.8703,532.9144,1,2.8132,1,671.5476,571.4061,2.8665,
438031361931,13878.9,756.5449,603.1415,1,2.9187,1,594.8462,534.9426,1,2.7794,1,675.6956,569.0421,2.8491,
438031365932,13882.9,738.4419,625.6622,1,2.8753,1,582.4599,541.1204,1,2.7445,1,660.4509,583.3913,2.8099,
438031369932,13886.9,741.5206,602.196,1,2.9074,1,583.6608,533.946,1,2.7565,1,662.5907,568.071,2.832,
438031373933,13890.9,750.5676,621.5714,1,2.8842,1,578.6818,526.2649,1,2.7773,1,664.6247,573.9182,2.8308,
438031377932,13894.9,748.3083,619.6907,1,2.9124,1,591.2474,516.1644,1,2.7959,1,669.7779,567.9276,2.8542,
438031381932,13898.9,736.374,612.9674,1,2.9339,1,592.7067,542.8874,1,2.7591,1,664.5404,577.9274,2.8465,
438031385932,13902.9,708.7953,631.3841,1,2.9078,1,572.0298,536.7067,1,2.7608,1,640.4125,584.0454,2.8343,
438031389931,13906.9,689.6591,605.936,1,2.9514,1,539.0984,519.2117,1,2.8029,1,614.3787,562.5739,2.8772,
438031393932,13910.9,687.4557,603.9869,1,2.9188,1,545.0107,512.6859,1,2.8198,1,616.2332,558.3364,2.8693,
438031397932,13914.9,704.568,590.8895,1,2.9381,1,553.8581,540.4595,1,2.7405,1,629.2131,565.6745,2.8393,
438031401932,13918.9,718.3224,605.3364,1,2.9273,1,557.7509,535.5311,1,2.7864,1,638.0366,570.4338,2.8568,
438031405932,13922.9,729.1277,607.0044,1,2.9117,1,573.3687,534.1372,1,2.7949,1,651.2482,570.5708,2.8533,
438031409931,13926.9,719.0257,615.4141,1,2.9106,1,564.679,541.6501,1,2.8086,1,641.8523,578.5321,2.8596,
438031413931,13930.9,718.992,600.7482,1,2.9089,1,566.3964,542.1491,1,2.7944,1,642.6942,571.4487,2.8517,
438031417933,13934.9,720.3987,636.8331,1,2.9053,1,561.2434,547.7421,1,2.7537,1,640.8211,592.2876,2.8295,
438031421933,13938.9,718.0578,635.4339,1,2.9054,1,562.9096,528.4375,1,2.7665,1,640.4837,581.9357,2.836,
438031425933,13942.9,712.5071,606.1508,1,2.9563,1,563.8441,522.6726,1,2.7562,1,638.1756,564.4117,2.8562,
438031429932,13946.9,718.3013,598.5521,1,2.9202,1,570.8376,517.1576,1,2.8164,1,644.5694,557.8549,2.8683,
438031433932,13950.9,714.0828,593.3378,1,2.917,1,563.7038,538.5138,1,2.7866,1,638.8933,565.9258,2.8518,
438031437932,13954.9,713.6458,600.0192,1,2.9202,1,572.3538,534.7454,1,2.7915,1,642.9998,567.3823,2.8558,
438031441933,13958.9,715.3559,612.5395,1,2.9221,1,555.6955,515.341,1,2.8002,1,635.5257,563.9402,2.8612,
438031445933,13962.9,721.2352,623.1609,1,2.9249,1,554.6459,528.7261,1,2.7717,1,637.9405,575.9435,2.8483,
438031449933,13966.9,725.3643,620.9255,1,2.9092,1,566.971,542.7423,1,2.7359,1,646.1677,581.8339,2.8225,
438031453931,13970.9,724.5519,607.7075,1,2.943,1,558.5401,530.0734,1,2.816,1,641.546,568.8904,2.8795,
438031457931,13974.9,713.9266,599.0403,1,2.9118,1,558.3796,529.29,1,2.8206,1,636.1531,564.1652,2.8662,
438031461931,13978.9,715.3822,605.2329,1,2.8893,1,556.6205,548.9372,1,2.7425,1,636.0013,577.085,2.8159,
438031465933,13982.9,716.5784,593.0507,1,2.9472,1,555.2479,520.0118,1,2.8014,1,635.9132,556.5313,2.8743,
438031469933,13986.9,718.535,590.8653,1,2.9441,1,547.8164,516.3898,1,2.823,1,633.1757,553.6275,2.8836,
438031473933,13990.9,721.8745,604.1739,1,2.9169,1,555.7009,531.9855,1,2.7454,1,638.7877,568.0797,2.8312,
438031477932,13994.9,713.7798,615.6701,1,2.8847,1,553.0129,527.0586,1,2.7591,1,633.3963,571.3644,2.8219,
438031481932,13998.9,722.0928,598.7847,1,2.9323,1,558.6003,515.7134,1,2.808,1,640.3466,557.2491,2.8702,
438031485932,14002.9,718.6926,606.9496,1,2.8868,1,552.3578,528.9536,1,2.7646,1,635.5252,567.9516,2.8257,
438031489933,14006.9,722.5683,590.9208,1,2.9181,1,567.1981,540.2979,1,2.7506,1,644.8832,565.6093,2.8344,
438031493933,14010.9,718.3923,594.8243,1,2.8997,1,571.2111,521.0148,1,2.8099,1,644.8017,557.9196,2.8548,
438031497933,14014.9,724.3894,595.6123,1,2.8962,1,570.5107,526.5553,1,2.7909,1,647.4501,561.0838,2.8436,
438031501932,14018.9,714.9949,598.0403,1,2.8884,1,565.309,535.1463,1,2.7919,1,640.152,566.5933,2.8401,
438031505932,14022.9,712.8829,619.1697,1,2.867,1,552.494,522.3397,1,2.7825,1,632.6884,570.7547,2.8248,
438031509932,14026.9,726.4121,610.6142,1,2.8996,1,568.3372,538.5631,1,2.7562,1,647.3746,574.5887,2.8279,
438031513933,14030.9,711.7801,622.0894,1,2.9122,1,570.2481,537.3739,1,2.755,1,641.0141,579.7316,2.8336,
438031517933,14034.9,722.8778,626.238,1,2.908,1,560.3489,510.1496,1,2.8067,1,641.6133,568.1938,2.8574,
438031521932,14038.9,722.4517,642.0528,1,2.8907,1,573.5172,513.0856,1,2.7824,1,647.9844,577.5692,2.8365,
438031525932,14042.9,715.7946,620.6166,1,2.9037,1,566.5003,517.3511,1,2.7818,1,641.1475,568.9838,2.8427,
438031529931,14046.9,719.4319,612.1752,1,2.8801,1,563.835,473.3178,1,2.8766,1,641.6334,542.7465,2.8784,
438031533931,14050.9,723.049,597.4237,1,2.9044,1,572.9849,501.0236,1,2.8277,1,648.0169,549.2237,2.8661,
438031537931,14054.9,719.7302,614.5316,1,2.8871,1,575.3877,512.402,1,2.7868,1,647.559,563.4668,2.8369,
438031541932,14058.9,725.3396,615.1652,1,2.9134,1,571.6088,517.9634,1,2.7777,1,648.4742,566.5643,2.8456,
438031545932,14062.9,716.901,629.7415,1,2.8473,1,558.088,500.0027,1,2.8247,1,637.4945,564.8721,2.836,
438031549932,14066.9,718.5179,631.7944,1,2.8464,1,576.9435,502.3069,1,2.8246,1,647.7307,567.0506,2.8355,
438031553932,14070.9,711.5073,628.667,1,2.8771,1,573.8552,512.3103,1,2.7998,1,642.6812,570.4886,2.8384,
438031557931,14074.9,721.4705,630.0044,1,2.853,1,568.9501,517.7805,1,2.8087,1,645.2103,573.8924,2.8308,
438031561931,14078.9,719.1445,618.8672,1,2.8831,1,567.0078,512.7759,1,2.76,1,643.0761,565.8216,2.8216,
438031565932,14082.9,722.4462,622.8874,1,2.8641,1,584.7834,527.4965,1,2.7962,1,653.6148,575.192,2.8302,
438031569932,14086.9,723.4991,622.3279,1,2.8808,1,568.0456,509.3919,1,2.8027,1,645.7723,565.8599,2.8417,
438031573932,14090.9,718.1811,625.3246,1,2.865,1,565.9678,519.6932,1,2.7469,1,642.0745,572.5089,2.8059,
438031577932,14094.9,717.395,625.8862,1,2.8766,1,569.3912,529.537,1,2.7342,1,643.3931,577.7116,2.8054,
438031581931,14098.9,719.3256,625.7957,1,2.8706,1,568.1215,529.1611,1,2.7327,1,643.7236,577.4784,2.8016,
438031585931,14102.9,727.2492,615.5031,1,2.8846,1,581.1969,503.4085,1,2.8244,1,654.2231,559.4558,2.8545,
438031589932,14106.9,725.0957,615.9407,1,2.9144,1,574.7088,509.3615,1,2.787,1,649.9022,562.6511,2.8507,
438031593932,14110.9,726.2941,642.0197,1,2.8179,1,563.0866,524.7396,1,2.7876,1,644.6904,583.3797,2.8027,
438031597932,14114.9,721.3109,622.5961,1,2.8708,1,572.5691,508.4375,1,2.8039,1,646.94,565.5168,2.8374,
438031601932,14118.9,715.7493,630.038,1,2.8634,1,560.5424,536.7042,1,2.7483,1,638.1459,583.3711,2.8059,
438031605931,14122.9,728.8983,644.2733,1,2.8313,1,565.5285,544.2244,1,2.7074,1,647.2134,594.2488,2.7693,
438031609931,14126.9,722.0032,629.9354,1,2.8656,1,564.068,536.1601,1,2.7338,1,643.0356,583.0478,2.7997,
438031613932,14130.9,714.2618,630.583,1,2.8659,1,554.7841,516.4284,1,2.7574,1,634.523,573.5057,2.8117,
438031617932,14134.9,724.9986,623.0195,1,2.8934,1,565.2478,512.0782,1,2.8053,1,645.1232,567.5488,2.8493,
438031621931,14138.9,719.3161,640.144,1,2.8259,1,564.7694,544.1257,1,2.6948,1,642.0427,592.1349,2.7604,
438031625931,14142.9,722.8664,615.2383,1,2.9139,1,570.7192,510.0507,1,2.7852,1,646.7928,562.6445,2.8495,
438031629930,14146.9,717.2159,613.2072,1,2.8983,1,565.0857,535.724,1,2.7242,1,641.1508,574.4656,2.8112,
438031633930,14150.9,723.4926,623.7206,1,2.8474,1,572.4082,526.7436,1,2.757,1,647.9504,575.2321,2.8022,
438031637931,14154.9,721.6591,615.4534,1,2.8606,1,569.3102,512.8589,1,2.8031,1,645.4847,564.1561,2.8318,
438031641931,14158.9,731.1375,601.9178,1,2.8814,1,564.6997,529.9416,1,2.733,1,647.9186,565.9297,2.8072,
438031645931,14162.9,730.884,612.0449,1,2.8915,1,575.1253,527.3974,1,2.7589,1,653.0046,569.7211,2.8252,
438031649931,14166.9,727.9421,617.5277,1,2.8769,1,585.9104,531.4939,1,2.7744,1,656.9263,574.5108,2.8256,
438031653931,14170.9,723.2827,618.4499,1,2.8753,1,580.3609,560.8676,1,2.6994,1,651.8218,589.6588,2.7873,
438031657931,14174.9,716.7868,629.5901,1,2.856,1,560.3824,516.0072,1,2.7824,1,638.5846,572.7987,2.8192,
438031661932,14178.9,714.0834,616.5646,1,2.8812,1,557.9376,512.4124,1,2.7734,1,636.0105,564.4885,2.8273,
438031665932,14182.9,720.2776,609.741,1,2.8639,1,573.0118,519.7003,1,2.7722,1,646.6447,564.7207,2.818,
438031669932,14186.9,723.901,589.0467,1,2.899,1,567.8507,518.689,1,2.7711,1,645.8759,553.8679,2.8351,
438031673932,14190.9,724.6793,614.0934,1,2.8674,1,558.1771,516.4946,1,2.7906,1,641.4282,565.294,2.829,
438031677931,14194.9,727.1413,617.3858,1,2.8689,1,575.4769,558.2334,1,2.7122,1,651.3091,587.8096,2.7906,
438031681931,14198.9,719.8852,626.0957,1,2.8571,1,565.7709,546.0962,1,2.7504,1,642.8281,586.096,2.8037,
438031685932,14202.9,726.3776,613.9594,1,2.8954,1,584.6779,531.8072,1,2.7642,1,655.5277,572.8833,2.8298,
438031689932,14206.9,731.4978,624.7995,1,2.8651,1,552.8085,522.1483,1,2.7591,1,642.1531,573.4739,2.8121,
438031693932,14210.9,730.3185,614.7131,1,2.8599,1,555.8484,535.2131,1,2.7108,1,643.0835,574.9631,2.7853,
438031697932,14214.9,714.2554,606.7087,1,2.8389,1,570.8814,549.7522,1,2.7088,1,642.5684,578.2305,2.7739,
438031701931,14218.9,724.0209,623.2551,1,2.8713,1,575.6833,507.93,1,2.8018,1,649.8521,565.5926,2.8365,
438031705931,14222.9,723.5644,597.0451,1,2.8908,1,573.3319,522.3313,1,2.748,1,648.4481,559.6882,2.8194,
438031709932,14226.9,730.475,607.8377,1,2.8661,1,566.4682,521.7236,1,2.7637,1,648.4716,564.7807,2.8149,
438031713932,14230.9,719.125,615.6893,1,2.8411,1,578.0984,524.7489,1,2.7882,1,648.6117,570.2191,2.8146,
438031717932,14234.9,729.9214,605.3253,1,2.888,1,577.2826,530.6682,1,2.7358,1,653.602,567.9967,2.8119,
438031721932,14238.9,727.1001,612.3019,1,2.8828,1,580.2937,526.7526,1,2.7698,1,653.6969,569.5272,2.8263,
438031725931,14242.9,732.3334,617.633,1,2.8639,1,566.8141,537.5462,1,2.778,1,649.5737,577.5896,2.821,
438031729929,14246.9,731.8482,620.5955,1,2.8372,1,573.2002,536.5658,1,2.763,1,652.5242,578.5806,2.8001,
438031733930,14250.9,729.9966,613.994,1,2.8903,1,567.741,535.9111,1,2.7578,1,648.8688,574.9525,2.8241,
438031737930,14254.9,719.1142,612.915,1,2.8707,1,569.1626,550.2812,1,2.6954,1,644.1384,581.5981,2.783,
438031741931,14258.9,743.9937,615.8658,1,2.8795,1,597.7435,513.9408,1,2.7889,1,670.8686,564.9033,2.8342,
438031745931,14262.9,760.8371,629.7415,1,2.8289,1,603.7515,525.9528,1,2.7534,1,682.2943,577.8472,2.7912,
438031749931,14266.9,766.3787,627.7669,1,2.8601,1,613.0367,549.7406,1,2.6941,1,689.7077,588.7537,2.7771,
438031753932,14270.9,759.3157,633.7279,1,2.8635,1,602.2256,521.2998,1,2.7962,1,680.7707,577.5138,2.8298,
438031757931,14274.9,746.8203,611.513,1,2.8835,1,584.2991,525.5661,1,2.7496,1,665.5597,568.5395,2.8165,
438031761932,14278.9,754.7747,624.0833,1,2.83,1,593.5938,527.6762,1,2.7786,1,674.1842,575.8797,2.8043,
438031765932,14282.9,754.4546,591.9555,1,2.8964,1,603.273,533.1418,1,2.7547,1,678.8638,562.5487,2.8256,
438031769932,14286.9,758.9464,590.4119,1,2.865,1,592.2539,534.7952,1,2.7529,1,675.6002,562.6035,2.8089,
438031773932,14290.9,754.4192,613.4974,1,2.8544,1,606.9824,523.5013,1,2.7711,1,680.7008,568.4993,2.8127,
438031777932,14294.9,754.7719,625.7082,1,2.8695,1,598.3644,517.3744,1,2.7931,1,676.5681,571.5413,2.8313,
438031781931,14298.9,763.1529,646.7826,1,2.8183,1,588.1021,527.6212,1,2.7316,1,675.6275,587.2019,2.775,
438031785932,14302.9,760.9365,627.0344,1,2.8743,1,598.8663,524.1595,1,2.7788,1,679.9014,575.597,2.8265,
438031789932,14306.9,767.0856,613.6026,1,2.8648,1,595.735,519.2041,1,2.7978,1,681.4103,566.4033,2.8313,
438031793932,14310.9,754.4425,596.0868,1,2.889,1,589.4516,521.2387,1,2.766,1,671.9471,558.6628,2.8275,
438031797932,14314.9,755.5288,596.3099,1,2.8978,1,599.1191,537.9525,1,2.724,1,677.3239,567.1312,2.8109,
438031801932,14318.9,757.0447,605.3209,1,2.9055,1,582.9666,511.8984,1,2.7584,1,670.0056,558.6097,2.832,
438031805932,14322.9,747.1885,617.2913,1,2.8819,1,608.8778,509.9171,1,2.7656,1,678.0331,563.6042,2.8238,
438031809933,14326.9,757.8939,639.7883,1,2.851,1,595.8299,515.4977,1,2.7454,1,676.8619,577.643,2.7982,
438031813933,14330.9,759.5351,605.7443,1,2.8964,1,612.1326,528.3742,1,2.7597,1,685.8338,567.0593,2.828,
438031817933,14334.9,770.5554,620.829,1,2.8586,1,597.0258,524.6315,1,2.7782,1,683.7906,572.7302,2.8184,
438031821933,14338.9,769.8462,610.9311,1,2.8804,1,604.2548,535.6647,1,2.7421,1,687.0505,573.2979,2.8112,
438031825933,14342.9,764.9325,596.3362,1,2.8966,1,602.8983,528.2125,1,2.7556,1,683.9154,562.2743,2.8261,
438031829932,14346.9,767.3963,603.555,1,2.8358,1,598.9188,543.6075,1,2.729,1,683.1576,573.5813,2.7824,
438031833933,14350.9,755.5096,607.1692,1,2.83,1,597.9819,548.3223,1,2.7256,1,676.7458,577.7458,2.7778,
438031837933,14354.9,768.077,596.6264,1,2.895,1,601.9722,524.3975,1,2.7573,1,685.0246,560.5119,2.8261,
438031841933,14358.9,760.1567,606.6719,1,2.8601,1,600.9518,517.8876,1,2.7632,1,680.5543,562.2797,2.8116,
438031845933,14362.9,759.6045,605.537,1,2.8415,1,595.6487,532.1855,1,2.7089,1,677.6266,568.8612,2.7752,
438031849933,14366.9,762.8806,604.3286,1,2.8935,1,598.9799,513.6171,1,2.752,1,680.9302,558.9728,2.8227,
438031853932,14370.9,762.4002,610.6037,1,2.8994,1,607.1574,512.1529,1,2.8075,1,684.7788,561.3783,2.8534,
438031857933,14374.9,758.1188,641.3352,1,2.8248,1,597.4849,522.6106,1,2.7797,1,677.8019,581.9729,2.8023,
438031861933,14378.9,761.3768,623.2181,1,2.8783,1,620.0645,513.8614,1,2.751,1,690.7206,568.5397,2.8146,
438031865933,14382.9,757.3513,623.6851,1,2.8404,1,602.4391,516.8547,1,2.7748,1,679.8952,570.2699,2.8076,
438031869933,14386.9,749.9161,608.5496,1,2.8661,1,622.8259,517.4274,1,2.7645,1,686.371,562.9885,2.8153,
438031873933,14390.9,759.24,583.114,1,2.8872,1,616.4799,498.1334,1,2.8241,1,687.86,540.6237,2.8557,
438031877932,14394.9,766.8854,600.7399,1,2.9094,1,616.087,494.6197,1,2.8195,1,691.4862,547.6798,2.8644,
438031881933,14398.9,757.7739,641.7823,1,2.8587,1,618.7586,521.9034,1,2.7549,1,688.2662,581.8429,2.8068,
438031885933,14402.9,752.9152,613.8615,1,2.8454,1,616.4838,521.5405,1,2.7253,1,684.6995,567.701,2.7854,
438031889933,14406.9,761.762,595.6537,1,2.8992,1,617.6808,521.7626,1,2.8126,1,689.7214,558.7081,2.8559,
438031893933,14410.9,763.4332,590.83,1,2.8907,1,612.5787,510.2717,1,2.7468,1,688.006,550.5508,2.8188,
438031897933,14414.9,757.0217,617.5646,1,2.8399,1,601.6434,523.8994,1,2.6939,1,679.3326,570.732,2.7669,
438031901932,14418.9,751.8444,625.8651,1,2.8547,1,612.1916,524.9552,1,2.7424,1,682.018,575.4102,2.7986,
438031905933,14422.9,764.3134,622.0524,1,2.8673,1,601.8249,534.529,1,2.7446,1,683.0691,578.2907,2.8059,
438031909933,14426.9,761.1159,607.7667,1,2.8485,1,624.1576,535.4961,1,2.7299,1,692.6368,571.6314,2.7892,
438031913933,14430.9,765.3151,610.9191,1,2.86,1,606.8005,522.3848,1,2.7129,1,686.0578,566.652,2.7864,
438031917933,14434.9,763.5035,607.4051,1,2.9014,1,611.7134,509.2263,1,2.752,1,687.6084,558.3157,2.8267,
438031921933,14438.9,751.094,626.8813,1,2.828,1,603.835,527.3949,1,2.7269,1,677.4645,577.1381,2.7774,
438031925933,14442.9,770.001,618.862,1,2.8592,1,601.4504,525.5801,1,2.7599,1,685.7257,572.2211,2.8095,
438031929932,14446.9,770.1743,589.651,1,2.8835,1,596.5525,544.646,1,2.7098,1,683.3634,567.1485,2.7966,
438031933933,14450.9,757.005,615.2988,1,2.8516,1,600.6969,532.7967,1,2.7244,1,678.8509,574.0478,2.788,
438031937933,14454.9,761.2691,603.4793,1,2.8645,1,599.7124,528.6858,1,2.7406,1,680.4907,566.0825,2.8025,
438031941933,14458.9,767.9357,605.3999,1,2.8866,1,608.0097,546.666,1,2.6551,1,687.9727,576.033,2.7708,
438031945933,14462.9,764.5123,606.1218,1,2.8835,1,602.9206,518.9718,1,2.7363,1,683.7164,562.5468,2.8099,
438031949933,14466.9,771.3605,627.0303,1,2.8645,1,604.97,516.5193,1,2.7318,1,688.1653,571.7748,2.7981,
438031953933,14470.9,765.1279,651.9133,1,2.7875,1,608.3619,524.5043,1,2.725,1,686.7449,588.2088,2.7562,
438031957931,14474.9,760.2268,625.7788,1,2.8602,1,605.1431,542.6533,1,2.6769,1,682.685,584.216,2.7686,
438031961932,14478.9,771.697,646.3353,1,2.8219,1,618.3831,509.2977,1,2.794,1,695.04,577.8165,2.808,
438031965932,14482.9,764.7158,622.5636,1,2.8282,1,605.0153,538.9405,1,2.7199,1,684.8656,580.7521,2.774,
438031969932,14486.9,757.7299,634.5953,1,2.8295,1,617.3262,529.0761,1,2.7366,1,687.528,581.8357,2.7831,
438031973932,14490.9,763.8997,610.5269,1,2.8668,1,630.515,531.327,1,2.7644,1,697.2073,570.9269,2.8156,
438031977932,14494.9,761.8712,613.6019,1,2.8561,1,615.1997,534.1568,1,2.7475,1,688.5355,573.8794,2.8018,
438031981931,14498.9,762.6936,609.5786,1,2.8563,1,614.81,545.6842,1,2.7143,1,688.7518,577.6314,2.7853,
438031985932,14502.9,774.8315,632.7196,1,2.8243,1,619.0716,537.8423,1,2.7028,1,696.9516,585.2809,2.7635,
438031989932,14506.9,764.8297,604.9807,1,2.8751,1,613.7723,522.3639,1,2.7839,1,689.301,563.6723,2.8295,
438031993932,14510.9,765.918,627.079,1,2.8277,1,634.7672,520.3257,1,2.794,1,700.3426,573.7024,2.8108,
438031997932,14514.9,770.1078,605.5727,1,2.8822,1,628.7153,514.8295,1,2.7872,1,699.4116,560.2011,2.8347,
438032001932,14518.9,764.9363,626.4053,1,2.8143,1,618.5311,539.3317,1,2.7399,1,691.7337,582.8685,2.7771,
438032005931,14522.9,764.3105,619.8575,1,2.8342,1,621.8864,531.3996,1,2.7425,1,693.0984,575.6286,2.7884,
438032009932,14526.9,770.2075,605.5764,1,2.8759,1,608.7466,531.7882,1,2.7465,1,689.4771,568.6823,2.8112,
438032013935,14530.9,770.4488,600.7545,1,2.9143,1,612.3145,539.8879,1,2.7122,1,691.3816,570.3212,2.8133,
438032017935,14534.9,773.0282,600.4634,1,2.9104,1,608.7724,517.6515,1,2.7309,1,690.9003,559.0575,2.8207,
438032021935,14538.9,770.7921,604.0046,1,2.868,1,615.6133,524.3989,1,2.77,1,693.2027,564.2018,2.819,
438032025935,14542.9,757.4553,607.9117,1,2.8571,1,623.8633,520.2499,1,2.7577,1,690.6593,564.0808,2.8074,
438032029934,14546.9,770.2831,600.4427,1,2.8411,1,618.2303,536.0543,1,2.7154,1,694.2567,568.2485,2.7782,
438032033935,14550.9,762.1764,598.6746,1,2.8831,1,615.1173,529.837,1,2.7795,1,688.6469,564.2558,2.8313,
438032037935,14554.9,764.2328,618.9691,1,2.832,1,628.7259,520.4567,1,2.7631,1,696.4794,569.7129,2.7975,
438032041935,14558.9,769.961,603.583,1,2.9143,1,618.4608,528.2051,1,2.7347,1,694.2109,565.8941,2.8245,
438032045935,14562.9,761.7429,613.0673,1,2.8834,1,629.5137,533.1818,1,2.7433,1,695.6283,573.1246,2.8134,
438032049935,14566.9,762.7961,630.783,1,2.844,1,626.7153,540.6959,1,2.7391,1,694.7557,585.7394,2.7916,
438032053934,14570.9,767.7459,632.7504,1,2.8677,1,628.2369,553.4419,1,2.7069,1,697.9914,593.0962,2.7873,
438032057935,14574.9,778.4241,617.1167,1,2.8906,1,616.3062,526.4706,1,2.7488,1,697.3652,571.7937,2.8197,
438032061935,14578.9,777.9506,634.024,1,2.8726,1,621.6275,549.7631,1,2.7369,1,699.789,591.8935,2.8047,
438032065935,14582.9,774.3569,621.2619,1,2.8796,1,623.2979,514.0604,1,2.7961,1,698.8274,567.6611,2.8379,
438032069935,14586.9,765.8624,631.9818,1,2.8403,1,626.1717,510.7136,1,2.7779,1,696.0171,571.3477,2.8091,
438032073935,14590.9,764.9299,628.7578,1,2.8433,1,611.7932,522.2385,1,2.7773,1,688.3615,575.4981,2.8103,
438032077933,14594.9,767.6129,620.8053,1,2.897,1,620.6081,521.8047,1,2.7913,1,694.1105,571.305,2.8441,
438032081934,14598.9,776.8675,624.4372,1,2.874,1,619.9112,549.4119,1,2.7354,1,698.3893,586.9245,2.8047,
438032085934,14602.9,777.0066,636.9277,1,2.8356,1,621.1746,533.1596,1,2.7411,1,699.0906,585.0437,2.7883,
438032089934,14606.9,769.4181,621.3855,1,2.9017,1,616.4047,533.2657,1,2.7176,1,692.9114,577.3256,2.8096,
438032093935,14610.9,762.1558,619.37,1,2.8882,1,624.1688,530.9585,1,2.7673,1,693.1623,575.1642,2.8278,
438032097934,14614.9,766.0098,617.2584,1,2.9044,1,614.2025,542.2523,1,2.7451,1,690.1062,579.7553,2.8247,
438032101934,14618.9,764.5988,629.241,1,2.8882,1,615.5423,536.8301,1,2.745,1,690.0706,583.0356,2.8166,
438032105935,14622.9,785.4317,616.2908,1,2.915,1,634.6103,521.8009,1,2.8048,1,710.021,569.0458,2.8599,
438032109935,14626.9,772.0239,632.0929,1,2.8464,1,615.479,559.7736,1,2.7468,1,693.7515,595.9332,2.7966,
438032113935,14630.9,770.0491,611.5623,1,2.9296,1,628.6061,537.4996,1,2.7232,1,699.3276,574.5309,2.8264,
438032117934,14634.9,779.3347,617.6867,1,2.9011,1,626.774,525.2081,1,2.7867,1,703.0543,571.4474,2.8439,
438032121935,14638.9,770.0349,641.5433,1,2.8722,1,632.1801,544.9933,1,2.7211,1,701.1075,593.2683,2.7966,
438032125935,14642.9,770.5238,651.3166,1,2.8475,1,628.4472,543.1318,1,2.741,1,699.4855,597.2242,2.7942,
438032129934,14646.9,774.7113,615.373,1,2.9082,1,617.9279,523.8694,1,2.7438,1,696.3196,569.6212,2.826,
438032133934,14650.9,774.3929,625.8086,1,2.8884,1,632.3978,513.7681,1,2.8207,1,703.3954,569.7884,2.8546,
438032137936,14654.9,764.2821,634.6854,1,2.8813,1,623.4357,529.3924,1,2.7639,1,693.8589,582.0389,2.8226,
438032141936,14658.9,774.32,642.5257,1,2.9084,1,623.6781,528.494,1,2.7631,1,698.999,585.5098,2.8357,
438032145929,14662.9,767.1133,632.8037,1,2.8828,1,628.5638,527.6783,1,2.7899,1,697.8385,580.241,2.8364,
438032149929,14666.9,781.6139,613.7424,1,2.8826,1,617.2751,527.718,1,2.7671,1,699.4445,570.7302,2.8248,
438032153930,14670.9,771.4739,639.7779,1,2.8477,1,620.7155,526.254,1,2.7816,1,696.0947,583.0159,2.8147,
438032157929,14674.9,779.9383,638.8569,1,2.8681,1,616.8357,533.079,1,2.7482,1,698.387,585.968,2.8082,
438032161929,14678.9,777.1225,625.4571,1,2.8754,1,628.1769,521.8967,1,2.7971,1,702.6497,573.6769,2.8362,
438032165929,14682.9,773.1783,626.7704,1,2.8575,1,623.9397,546.6056,1,2.7072,1,698.559,586.688,2.7823,
438032169929,14686.9,773.7864,626.9063,1,2.863,1,633.5203,550.3692,1,2.7329,1,703.6533,588.6378,2.7979,
438032173929,14690.9,773.305,618.0566,1,2.8548,1,629.1405,509.5326,1,2.8271,1,701.2228,563.7946,2.841,
438032177929,14694.9,764.3614,625.0228,1,2.8577,1,633.2088,514.7599,1,2.8152,1,698.7851,569.8914,2.8365,
438032181929,14698.9,775.097,613.1123,1,2.867,1,627.0415,548.7849,1,2.7667,1,701.0692,580.9486,2.8168,
438032185930,14702.9,777.0069,589.5928,1,2.9379,1,622.9235,543.7074,1,2.7652,1,699.9652,566.6501,2.8516,
438032189929,14706.9,773.1491,612.785,1,2.8812,1,628.8939,541.0362,1,2.7764,1,701.0215,576.9106,2.8288,
438032193928,14710.9,772.151,622.4737,1,2.8516,1,629.2802,529.1085,1,2.8395,1,700.7156,575.7911,2.8456,
438032197929,14714.9,779.4733,612.5672,1,2.9089,1,636.6401,513.7745,1,2.8554,1,708.0567,563.1708,2.8822,
438032201928,14718.9,767.03,628.9407,1,2.8735,1,642.6475,543.8202,1,2.7892,1,704.8388,586.3805,2.8314,
438032205928,14722.9,786.2236,615.348,1,2.8865,1,633.0128,542.4442,1,2.746,1,709.6182,578.8961,2.8162,
438032209929,14726.9,780.4368,629.104,1,2.9055,1,635.4938,523.1936,1,2.8128,1,707.9653,576.1488,2.8591,
438032213929,14730.9,778.5537,624.1593,1,2.9204,1,624.8014,530.9433,1,2.7742,1,701.6776,577.5513,2.8473,
438032217929,14734.9,797.355,630.9016,1,2.9035,1,633.3385,526.264,1,2.7777,1,715.3467,578.5828,2.8406,
438032221929,14738.9,783.7906,645.9489,1,2.8758,1,628.2156,503.4835,1,2.8866,1,706.0031,574.7162,2.8812,
438032225929,14742.9,784.4369,621.6764,1,2.9187,1,633.7151,538.7716,1,2.7605,1,709.076,580.224,2.8396,
438032229929,14746.9,779.8274,645.9714,1,2.8775,1,629.3275,538.1432,1,2.742,1,704.5775,592.0573,2.8097,
438032233929,14750.9,790.2423,621.6304,1,2.9318,1,631.6195,515.8542,1,2.8104,1,710.9309,568.7423,2.8711,
438032237929,14754.9,767.3448,626.1598,1,2.876,1,620.1733,532.4739,1,2.7649,1,693.759,579.3168,2.8205,
438032241929,14758.9,776.1214,626.7787,1,2.914,1,635.4487,525.1558,1,2.8011,1,705.7851,575.9673,2.8576,
438032245929,14762.9,767.2966,625.2683,1,2.9024,1,620.4543,519.4284,1,2.7614,1,693.8755,572.3483,2.8319,
438032249929,14766.9,768.8504,601.4108,1,2.9232,1,632.6866,501.079,1,2.8707,1,700.7685,551.2449,2.8969,
438032253929,14770.9,773.4964,607.6276,1,2.9129,1,632.9917,521.1475,1,2.8445,1,703.244,564.3875,2.8787,
438032257929,14774.9,762.6944,605.5699,1,2.9013,1,624.2533,551.2355,1,2.727,1,693.4739,578.4027,2.8142,
438032261929,14778.9,776.6315,618.9558,1,2.8788,1,627.8519,557.0091,1,2.7569,1,702.2417,587.9824,2.8178,
438032265929,14782.9,777.398,624.6701,1,2.8802,1,630.9489,525.3966,1,2.8111,1,704.1735,575.0334,2.8456,
438032269929,14786.9,788.4863,625.7447,1,2.9083,1,628.5876,530.9629,1,2.8106,1,708.5369,578.3538,2.8595,
438032273929,14790.9,788.0651,646.4445,1,2.8647,1,635.3131,533.8941,1,2.8148,1,711.6891,590.1693,2.8397,
438032277932,14794.9,774.0499,621.651,1,2.9002,1,617.3139,517.1426,1,2.8714,1,695.6819,569.3968,2.8858,
438032281932,14798.9,795.6886,630.8788,1,2.9016,1,607.9804,545.9007,1,2.7222,1,701.8345,588.3898,2.8119,
438032285932,14802.9,785.3664,618.2696,1,2.9171,1,629.9094,525.0271,1,2.8285,1,707.6379,571.6484,2.8728,
438032289932,14806.9,785.8197,627.7869,1,2.9121,1,630.6044,536.5226,1,2.7995,1,708.212,582.1547,2.8558,
438032293932,14810.9,777.6484,620.6209,1,2.9153,1,620.2722,556.555,1,2.7524,1,698.9603,588.588,2.8339,
438032297932,14814.9,771.8049,630.179,1,2.8951,1,627.3571,554.5943,1,2.7806,1,699.581,592.3867,2.8378,
438032301932,14818.9,793.9665,614.7607,1,2.966,1,641.8292,517.6879,1,2.8117,1,717.8979,566.2243,2.8889,
438032305932,14822.9,783.4067,622.9023,1,2.9033,1,633.594,515.5111,1,2.8286,1,708.5004,569.2067,2.8659,
438032309932,14826.9,782.6216,623.9531,1,2.9188,1,650.1779,543.7238,1,2.8146,1,716.3997,583.8384,2.8667,
438032313932,14830.9,778.2418,647.9314,1,2.8827,1,645.894,522.457,1,2.8589,1,712.0679,585.1942,2.8708,
438032317932,14834.9,775.2519,622.3326,1,2.8991,1,629.2823,528.8741,1,2.8078,1,702.2671,575.6033,2.8534,
438032321932,14838.9,773.8373,636.2613,1,2.8764,1,638.7523,536.8,1,2.7773,1,706.2948,586.5307,2.8269,
438032325932,14842.9,788.0198,619.0625,1,2.9111,1,630.9777,520.0818,1,2.85,1,709.4988,569.5722,2.8806,
438032329932,14846.9,784.9202,616.7235,1,2.946,1,640.7122,545.0184,1,2.7912,1,712.8162,580.8709,2.8686,
438032333932,14850.9,792.3965,619.8636,1,2.9206,1,630.5479,522.6316,1,2.8641,1,711.4722,571.2476,2.8924,
438032337932,14854.9,786.6898,635.0518,1,2.8925,1,640.2722,526.1914,1,2.8681,1,713.481,580.6216,2.8803,
438032341932,14858.9,788.6157,618.8025,1,2.9099,1,639.2253,536.2739,1,2.8546,1,713.9205,577.5382,2.8822,
438032345932,14862.9,791.8951,645.3311,1,2.9091,1,643.546,530.0109,1,2.8506,1,717.7206,587.671,2.8798,
438032349932,14866.9,796.3654,629.4415,1,2.9257,1,627.0986,557.9387,1,2.8089,1,711.732,593.6901,2.8673,
438032353932,14870.9,804.5558,624.3036,1,2.9487,1,629.2512,531.3291,1,2.8624,1,716.9035,577.8163,2.9056,
438032357932,14874.9,788.0703,627.182,1,2.9278,1,640.6939,542.1405,1,2.8358,1,714.3821,584.6612,2.8818,
438032361932,14878.9,797.6257,639.974,1,2.8982,1,632.04,543.0355,1,2.8263,1,714.8328,591.5047,2.8623,
438032365932,14882.9,792.1966,631.4514,1,2.9263,1,631.5142,535.2608,1,2.8237,1,711.8554,583.3561,2.875,
438032369932,14886.9,791.4607,640.2958,1,2.9068,1,639.9483,530.9963,1,2.8364,1,715.7045,585.6461,2.8716,
438032373932,14890.9,794.6418,628.6506,1,2.9368,1,635.9002,536.7911,1,2.8537,1,715.271,582.7208,2.8952,
438032377932,14894.9,786.3465,619.6902,1,2.9739,1,627.375,547.0424,1,2.8098,1,706.8608,583.3663,2.8918,
438032381932,14898.9,790.1486,631.2284,1,2.9209,1,636.5845,550.4128,1,2.8623,1,713.3665,590.8206,2.8916,
438032385932,14902.9,788.2008,617.6371,1,2.9386,1,634.2656,536.876,1,2.8597,1,711.2332,577.2566,2.8992,
438032389932,14906.9,793.5611,622.236,1,2.9294,1,631.9932,534.3739,1,2.8598,1,712.7771,578.3049,2.8946,
438032393932,14910.9,786.0699,618.8142,1,2.9481,1,638.6794,521.0803,1,2.8738,1,712.3747,569.9473,2.9109,
438032397932,14914.9,789.3515,621.2053,1,2.9227,1,651.0202,520.0332,1,2.8759,1,720.1859,570.6192,2.8993,
438032401932,14918.9,791.2295,613.0977,1,2.9402,1,638.8696,525.5667,1,2.8419,1,715.0495,569.3322,2.891,
438032405932,14922.9,794.368,611.9325,1,2.9553,1,645.2033,530.7299,1,2.8192,1,719.7857,571.3312,2.8872,
438032409932,14926.9,783.8078,647.4273,1,2.8601,1,643.0955,524.2119,1,2.8336,1,713.4517,585.8196,2.8469,
438032413932,14930.9,788.8556,647.0653,1,2.9265,1,645.2444,535.074,1,2.8287,1,717.05,591.0696,2.8776,
438032417932,14934.9,794.9961,635.947,1,2.9335,1,628.3237,535.1138,1,2.8401,1,711.6599,585.5304,2.8868,
438032421932,14938.9,785.9002,633.8859,1,2.9271,1,646.4145,535.5358,1,2.8506,1,716.1574,584.7109,2.8889,
438032425932,14942.9,785.5301,638.2501,1,2.9439,1,647.2883,535.51,1,2.8556,1,716.4092,586.8801,2.8998,
438032429932,14946.9,791.7527,644.1785,1,2.9547,1,641.3909,517.8715,1,2.9116,1,716.5718,581.025,2.9331,
438032433932,14950.9,786.1782,643.9525,1,2.9233,1,635.853,527.8669,1,2.8776,1,711.0156,585.9097,2.9004,
438032437932,14954.9,788.7943,641.5466,1,2.9767,1,638.4766,539.589,1,2.817,1,713.6355,590.5678,2.8969,
438032441932,14958.9,784.8443,655.5424,1,2.9512,1,644.743,513.7127,1,2.8822,1,714.7937,584.6276,2.9167,
438032445932,14962.9,802.2405,628.0426,1,3.0133,1,643.4248,545.2214,1,2.8427,1,722.8326,586.632,2.928,
438032449932,14966.9,786.792,658.1582,1,2.9158,1,644.7089,544.2643,1,2.836,1,715.7505,601.2113,2.8759,
438032453932,14970.9,788.3346,653.4452,1,2.9453,1,639.7093,566.7466,1,2.8091,1,714.0219,610.0959,2.8772,
438032457932,14974.9,787.6594,628.5499,1,3.0042,1,646.7821,542.5519,1,2.8452,1,717.2207,585.5509,2.9247,
438032461932,14978.9,783.3463,642.822,1,2.9288,1,651.9076,535.2769,1,2.8679,1,717.6269,589.0494,2.8983,
438032465932,14982.9,785.6263,640.3387,1,2.9363,1,647.8116,552.4179,1,2.847,1,716.719,596.3783,2.8916,
438032469932,14986.9,778.9005,639.4817,1,2.9571,1,642.773,538.5567,1,2.8795,1,710.8367,589.0192,2.9183,
438032473932,14990.9,783.1441,634.5419,1,2.9749,1,651.3725,541.4674,1,2.8826,1,717.2583,588.0046,2.9288,
438032477931,14994.9,792.1351,629.6079,1,3.0038,1,649.9916,551.9595,1,2.865,1,721.0634,590.7837,2.9344,
438032481932,14998.9,781.8254,642.9468,1,2.9352,1,651.2296,540.7797,1,2.8966,1,716.5275,591.8632,2.9159,
438032485932,15002.9,786.8634,619.822,1,2.9677,1,643.3561,534.8056,1,2.8485,1,715.1097,577.3138,2.9081,
438032489932,15006.9,793.6297,618.0431,1,2.9956,1,638.7874,546.6567,1,2.8031,1,716.2086,582.3499,2.8993,
438032493932,15010.9,783.9431,616.6809,1,2.948,1,648.0711,531.1924,1,2.8511,1,716.0071,573.9367,2.8996,
438032497931,15014.9,793.0741,615.2598,1,2.9786,1,641.9271,552.4928,1,2.8546,1,717.5006,583.8763,2.9166,
438032501931,15018.9,799.1079,639.7191,1,2.9484,1,628.9796,525.454,1,2.9175,1,714.0438,582.5866,2.933,
438032505932,15022.9,792.1292,641.0378,1,2.9879,1,643.8662,532.1838,1,2.8682,1,717.9977,586.6108,2.928,
438032509932,15026.9,786.3987,651.4696,1,2.9934,1,647.4778,550.2491,1,2.845,1,716.9382,600.8593,2.9192,
438032513932,15030.9,785.3363,669.2946,1,2.9686,1,650.9741,542.2087,1,2.8873,1,718.1552,605.7517,2.9279,
438032517932,15034.9,793.538,642.7835,1,2.9347,1,639.6432,538.7124,1,2.8853,1,716.5906,590.748,2.91,
438032521932,15038.9,792.1167,634.1156,1,2.998,1,632.932,546.2299,1,2.8576,1,712.5243,590.1727,2.9278,
438032525932,15042.9,800.3708,620.4875,1,2.9848,1,637.3129,537.2849,1,2.8765,1,718.8419,578.8862,2.9307,
438032529931,15046.9,811.3823,608.8567,1,3.0494,1,640.7042,538.3896,1,2.8726,1,726.0432,573.6231,2.961,
438032533932,15050.9,792.1037,595.9753,1,3.0479,1,645.0389,537.2395,1,2.8857,1,718.5713,566.6074,2.9668,
438032537931,15054.9,789.1827,644.2457,1,2.958,1,639.4928,528.6671,1,2.8944,1,714.3377,586.4564,2.9262,
438032541931,15058.9,799.6967,629.145,1,3.0044,1,633.2343,535.4926,1,2.8694,1,716.4655,582.3188,2.9369,
438032545931,15062.9,803.7158,633.6099,1,2.967,1,645.04,537.0281,1,2.9192,1,724.3779,585.319,2.9431,
438032549931,15066.9,799.3406,635.5711,1,3.0094,1,641.184,528.97,1,2.917,1,720.2623,582.2705,2.9632,
438032553931,15070.9,787.7026,648.9993,1,2.9613,1,649.7857,552.2809,1,2.8528,1,718.7442,600.6401,2.9071,
438032557930,15074.9,791.3277,630.1636,1,3.0074,1,636.743,546.5615,1,2.9205,1,714.0353,588.3626,2.9639,
438032561931,15078.9,787.3326,635.5485,1,2.9604,1,643.4938,539.983,1,2.8989,1,715.4132,587.7657,2.9296,
438032565931,15082.9,800.5669,617.5436,1,3.0205,1,625.5661,532.2446,1,2.9094,1,713.0665,574.8941,2.965,
438032569931,15086.9,786.6216,629.9345,1,2.9893,1,637.2284,538.9223,1,2.8803,1,711.925,584.4284,2.9348,
438032573931,15090.9,793.2016,633.9364,1,2.9808,1,656.3252,543.5813,1,2.887,1,724.7634,588.7588,2.9339,
438032577931,15094.9,789.6539,641.6788,1,2.9984,1,646.6364,531.3141,1,2.9048,1,718.1452,586.4964,2.9516,
438032581930,15098.9,782.6676,663.0986,1,2.9691,1,641.0785,520.8015,1,2.9637,1,711.873,591.95,2.9664,
438032585931,15102.9,793.8526,656.1422,1,2.9886,1,636.8958,552.8689,1,2.8779,1,715.3742,604.5056,2.9333,
438032589931,15106.9,774.8649,650.6335,1,2.9714,1,638.1731,538.0543,1,2.9253,1,706.519,594.3439,2.9483,
438032593931,15110.9,787.9939,651.2277,1,2.9943,1,636.8606,562.1078,1,2.913,1,712.4272,606.6677,2.9536,
438032597931,15114.9,786.269,620.7573,1,3.0135,1,655.7133,536.3701,1,2.952,1,720.9911,578.5637,2.9827,
438032601931,15118.9,808.6515,631.7109,1,2.9996,1,676.4981,537.2922,1,2.9144,1,742.5748,584.5016,2.957,
438032605929,15122.9,863.7956,618.3559,1,2.9942,1,753.3536,517.7517,1,2.9433,1,808.5746,568.0538,2.9688,
438032609931,15126.9,961.2265,595.3978,1,3.001,1,850.7972,482.2901,1,2.9554,1,906.0118,538.844,2.9782,
438032613930,15130.9,1051.5185,584.7198,1,3.0307,1,919.6744,480.6568,1,2.9739,1,985.5965,532.6883,3.0023,
438032617931,15134.9,1079.9058,590.7184,1,3.0224,1,959.0855,470.2968,1,2.9647,1,1019.4957,530.5076,2.9936,
438032621931,15138.9,1119.5966,590.0071,1,2.9977,1,1000.9727,470.5376,1,2.9381,1,1060.2846,530.2724,2.9679,
438032625931,15142.9,1167.034,569.6329,1,3.0211,1,1038.0999,469.9909,1,2.9338,1,1102.5669,519.8119,2.9774,
438032629929,15146.9,1197.3935,578.1343,1,2.9391,1,1031.3317,441.5631,1,2.9228,1,1114.3626,509.8487,2.931,
438032633930,15150.9,1179.2932,552.7751,1,2.9521,1,1011.1011,432.961,1,2.8988,1,1095.1971,492.868,2.9255,
438032637931,15154.9,1120.8926,565.2393,1,3.0034,1,1012.9024,441.151,1,2.8816,1,1066.8975,503.1951,2.9425,
438032641931,15158.9,1129.563,579.2988,1,3.047,1,984.1687,444.624,1,2.9218,1,1056.8658,511.9614,2.9844,
438032645931,15162.9,1149.6596,601.0235,1,3.0007,1,1016.9009,452.0195,1,2.9227,1,1083.2803,526.5215,2.9617,
438032649931,15166.9,1175.6303,595.0395,1,3.0072,1,1048.2127,455.386,1,2.8983,1,1111.9215,525.2128,2.9528,
438032653930,15170.9,1192.2939,579.4007,1,2.9693,1,1036.0695,443.0244,1,2.9397,1,1114.1817,511.2126,2.9545,
438032657930,15174.9,1199.3079,571.1332,1,2.9936,1,1042.8488,460.137,1,2.8887,1,1121.0783,515.6351,2.9412,
438032661930,15178.9,1197.7627,548.2083,1,3.0457,1,1032.1613,444.9444,1,2.9325,1,1114.962,496.5764,2.9891,
438032665930,15182.9,1181.7479,559.9142,1,2.9838,1,1027.9881,441.3883,1,2.98,1,1104.868,500.6513,2.9819,
438032669939,15186.9,1186.866,571.2739,1,2.9359,1,1033.9705,446.0187,1,2.9052,1,1110.4182,508.6463,2.9206,
438032673939,15190.9,1191.935,567.328,1,2.9774,1,1032.6021,450.4246,1,2.9377,1,1112.2686,508.8763,2.9576,
438032677938,15194.9,1197.1634,560.283,1,3.0047,1,1039.6272,430.2488,1,2.9671,1,1118.3953,495.2659,2.9859,
438032681939,15198.9,1207.3313,561.5095,1,2.9784,1,1039.0955,441.8045,1,2.9233,1,1123.2134,501.657,2.9509,
438032685939,15202.9,1189.7449,592.2014,1,2.941,1,1038.9063,440.3734,1,2.9423,1,1114.3256,516.2874,2.9417,
438032689939,15206.9,1175.6182,584.5407,1,2.97,1,1048.4366,447.1372,1,2.9323,1,1112.0274,515.8389,2.9511,
438032693939,15210.9,1179.8074,570.5312,1,3.031,1,1030.1497,451.1292,1,2.9015,1,1104.9785,510.8302,2.9663,
438032697939,15214.9,1176.4652,574.7914,1,2.995,1,1040.955,444.5646,1,2.9096,1,1108.7101,509.678,2.9523,
438032701938,15218.9,1178.0997,570.5491,1,2.973,1,1036.6077,460.0551,1,2.8951,1,1107.3537,515.3021,2.934,
438032705940,15222.9,1183.5457,572.276,1,2.9669,1,1036.3792,455.9001,1,2.9093,1,1109.9625,514.0881,2.9381,
438032709940,15226.9,1192.6989,558.6594,1,2.9713,1,1039.8343,472.5286,1,2.8771,1,1116.2666,515.594,2.9242,
438032713940,15230.9,1189.1819,551.6568,1,2.971,1,1047.3368,461.8488,1,2.9159,1,1118.2594,506.7528,2.9434,
438032717940,15234.9,1196.8746,572.3028,1,2.9766,1,1044.2935,445.6066,1,2.9386,1,1120.5841,508.9547,2.9576,
438032721940,15238.9,1189.2064,581.5366,1,2.9896,1,1031.3743,430.5657,1,2.97,1,1110.2903,506.0512,2.9798,
438032725940,15242.9,1185.7409,569.2244,1,3.0179,1,1031.0233,445.5184,1,2.9092,1,1108.3821,507.3714,2.9636,
438032729939,15246.9,1177.9673,569.2232,1,3.0101,1,1025.7358,446.7306,1,2.9219,1,1101.8515,507.9769,2.966,
438032733940,15250.9,1155.8389,559.2602,1,3.0224,1,1025.6773,444.6058,1,2.9261,1,1090.7581,501.933,2.9743,
438032737940,15254.9,1175.8754,577.1301,1,2.9741,1,1035.9037,460.4144,1,2.8963,1,1105.8896,518.7723,2.9352,
438032741940,15258.9,1165.2837,599.349,1,2.9614,1,1039.3943,460.1727,1,2.8747,1,1102.339,529.7609,2.9181,
438032745940,15262.9,1179.0428,584.3317,1,2.9793,1,1052.0249,459.3042,1,2.8679,1,1115.5338,521.8179,2.9236,
438032749940,15266.9,1200.1067,571.7033,1,2.9805,1,1031.3683,439.5391,1,2.9661,1,1115.7375,505.6212,2.9733,
438032753940,15270.9,1193.9629,568.3476,1,3.0179,1,1035.8968,447.175,1,2.8998,1,1114.9298,507.7613,2.9589,
438032757938,15274.9,1185.4084,570.4718,1,2.9894,1,1018.7339,437.1721,1,2.9579,1,1102.0712,503.822,2.9736,
438032761940,15278.9,1112.0816,582.5505,1,2.9863,1,991.1205,469.2302,1,2.8808,1,1051.601,525.8903,2.9336,
438032765939,15282.9,987.0728,613.7865,1,3.0152,1,895.4144,472.678,1,2.9468,1,941.2436,543.2323,2.981,
438032769939,15286.9,879.1287,635.0803,1,3.0392,1,797.3145,516.0024,1,2.9443,1,838.2216,575.5414,2.9917,
438032773939,15290.9,784.9781,644.6623,1,3.0891,1,718.7186,555.5487,1,2.9179,1,751.8484,600.1055,3.0035,
438032777939,15294.9,730.3388,648.9685,1,3.0986,1,672.8363,540.5658,1,2.9323,1,701.5875,594.7672,3.0154,
438032781938,15298.9,759.4547,639.783,1,3.0084,1,641.3496,541.7886,1,2.8615,1,700.4021,590.7858,2.9349,
438032785939,15302.9,814.3744,614.0044,1,3.0022,1,635.7882,516.0763,1,2.9146,1,725.0813,565.0404,2.9584,
438032789939,15306.9,839.8288,620.2584,1,2.9549,1,652.2863,504.8469,1,2.9369,1,746.0576,562.5527,2.9459,
438032793939,15310.9,839.8709,622.5114,1,3.0016,1,671.591,545.3765,1,2.8843,1,755.731,583.9439,2.9429,
438032797939,15314.9,818.0891,625.4716,1,3.022,1,678.4621,526.8121,1,2.9547,1,748.2756,576.1419,2.9884,
438032801930,15318.9,791.7757,637.1108,1,3.0135,1,658.429,542.0222,1,2.9315,1,725.1023,589.5665,2.9725,
438032805929,15322.9,752.1775,621.2842,1,3.0652,1,625.9251,553.0345,1,2.8795,1,689.0513,587.1594,2.9723,
438032809930,15326.9,756.2049,619.6611,1,3.0735,1,635.7261,527.8539,1,2.946,1,695.9655,573.7575,3.0097,
438032813930,15330.9,753.112,645.0069,1,2.9846,1,630.5019,519.8096,1,2.9429,1,691.807,582.4082,2.9637,
438032817930,15334.9,778.6992,640.3859,1,2.9768,1,648.482,530.4313,1,2.9206,1,713.5906,585.4086,2.9487,
438032821930,15338.9,775.9375,635.4676,1,2.9922,1,642.7572,527.9167,1,2.9546,1,709.3473,581.6922,2.9734,
438032825930,15342.9,795.585,617.8466,1,3.0299,1,648.7772,525.0778,1,2.9141,1,722.1811,571.4622,2.972,
438032829929,15346.9,793.0368,623.9496,1,2.9732,1,625.6604,563.0744,1,2.8309,1,709.3486,593.512,2.9021,
438032833930,15350.9,780.5759,611.9054,1,2.9631,1,646.4044,543.3815,1,2.8455,1,713.4901,577.6434,2.9043,
438032837930,15354.9,783.4892,613.5904,1,2.9925,1,630.8513,536.1478,1,2.8789,1,707.1703,574.8691,2.9357,
438032841930,15358.9,771.4641,626.5004,1,2.9485,1,625.7631,526.0114,1,2.8798,1,698.6136,576.2559,2.9142,
438032845930,15362.9,778.3467,624.9327,1,2.9576,1,642.4924,532.3752,1,2.8632,1,710.4195,578.654,2.9104,
438032849930,15366.9,786.2436,616.2029,1,2.9459,1,642.5986,535.6582,1,2.8566,1,714.4211,575.9306,2.9013,
438032853929,15370.9,771.8569,629.593,1,2.9063,1,621.5756,531.6972,1,2.8463,1,696.7163,580.6451,2.8763,
438032857930,15374.9,788.4297,629.7136,1,2.9674,1,642.1119,564.4432,1,2.8235,1,715.2708,597.0784,2.8955,
438032861930,15378.9,785.1605,617.1222,1,2.9803,1,619.0175,548.2951,1,2.8385,1,702.089,582.7087,2.9094,
438032865930,15382.9,774.5009,640.3011,1,2.9199,1,639.6298,537.8582,1,2.8763,1,707.0653,589.0796,2.8981,
438032869930,15386.9,776.9699,637.1625,1,2.9424,1,634.4641,548.8556,1,2.8285,1,705.717,593.0091,2.8854,
438032873930,15390.9,781.8011,627.1635,1,2.9264,1,634.5532,541.3878,1,2.8389,1,708.1771,584.2756,2.8827,
438032877929,15394.9,783.036,617.4452,1,2.9578,1,630.3415,523.9059,1,2.8427,1,706.6888,570.6756,2.9002,
438032881930,15398.9,777.0262,608.1483,1,2.9477,1,637.8418,539.6118,1,2.8107,1,707.434,573.8801,2.8792,
438032885930,15402.9,783.2962,625.8362,1,2.8851,1,630.4288,546.3902,1,2.8144,1,706.8625,586.1132,2.8498,
438032889930,15406.9,772.8092,634.4416,1,2.9013,1,641.7697,547.6851,1,2.8457,1,707.2894,591.0633,2.8735,
438032893930,15410.9,780.7625,646.2986,1,2.9051,1,642.6834,548.2255,1,2.8347,1,711.7229,597.262,2.8699,
438032897930,15414.9,798.0722,653.6316,1,2.8976,1,637.7577,556.9977,1,2.7838,1,717.9149,605.3146,2.8407,
438032901929,15418.9,785.9429,647.9406,1,2.8933,1,662.6823,550.2302,1,2.8412,1,724.3126,599.0854,2.8672,
438032905931,15422.9,780.9584,641.4264,1,2.9111,1,646.8874,556.8684,1,2.8061,1,713.9229,599.1474,2.8586,
438032909931,15426.9,785.5828,620.7297,1,2.9443,1,645.4162,567.8726,1,2.7358,1,715.4995,594.3011,2.84,
438032913931,15430.9,789.4953,640.9087,1,2.9136,1,647.7969,547.9395,1,2.8107,1,718.6461,594.4241,2.8621,
438032917931,15434.9,779.7314,647.7741,1,2.893,1,639.453,557.1174,1,2.7835,1,709.5922,602.4457,2.8382,
438032921931,15438.9,788.3002,651.3801,1,2.8924,1,649.9924,545.6315,1,2.7935,1,719.1463,598.5058,2.8429,
438032925931,15442.9,782.0427,649.8452,1,2.894,1,649.0221,558.0935,1,2.7751,1,715.5324,603.9693,2.8346,
438032929931,15446.9,788.164,647.3907,1,2.8795,1,649.7325,561.7423,1,2.7617,1,718.9483,604.5665,2.8206,
438032933932,15450.9,773.5426,643.8958,1,2.877,1,644.5499,544.3402,1,2.7939,1,709.0462,594.118,2.8354,
438032937932,15454.9,785.1054,634.629,1,2.8894,1,645.7284,552.8024,1,2.7684,1,715.4169,593.7157,2.8289,
438032941932,15458.9,793.2877,641.7317,1,2.8155,1,628.0707,536.1919,1,2.8325,1,710.6792,588.9618,2.824,
438032945932,15462.9,779.3797,615.6436,1,2.8644,1,636.7468,543.3405,1,2.777,1,708.0633,579.492,2.8207,
438032949932,15466.9,785.1225,630.571,1,2.8363,1,642.9468,537.1039,1,2.8097,1,714.0347,583.8375,2.823,
438032953932,15470.9,779.8384,643.0742,1,2.8586,1,660.9872,547.456,1,2.788,1,720.4128,595.2651,2.8233,
438032957930,15474.9,778.5828,634.8724,1,2.8692,1,642.3777,543.2804,1,2.769,1,710.4802,589.0764,2.8191,
438032961931,15478.9,783.1512,657.184,1,2.836,1,642.6287,535.2719,1,2.803,1,712.89,596.228,2.8195,
438032965931,15482.9,788.4635,644.0745,1,2.8498,1,625.3643,556.9141,1,2.7426,1,706.9139,600.4943,2.7962,
438032969931,15486.9,791.2461,647.5337,1,2.8372,1,637.2967,535.8644,1,2.7754,1,714.2714,591.6991,2.8063,
438032973931,15490.9,780.6741,632.0008,1,2.866,1,648.1854,551.6957,1,2.7657,1,714.4298,591.8483,2.8158,
438032977931,15494.9,788.2412,633.1758,1,2.8495,1,635.6458,548.8653,1,2.7506,1,711.9435,591.0206,2.8001,
438032981930,15498.9,781.2831,648.9358,1,2.8494,1,642.4404,527.5268,1,2.7826,1,711.8617,588.2313,2.816,
438032985931,15502.9,791.093,642.9505,1,2.8531,1,630.3192,529.3421,1,2.7926,1,710.7061,586.1463,2.8229,
438032989931,15506.9,788.965,654.8671,1,2.8019,1,632.5719,548.245,1,2.751,1,710.7685,601.5561,2.7765,
438032993931,15510.9,794.8757,633.5266,1,2.849,1,640.8965,533.4144,1,2.7991,1,717.8861,583.4705,2.8241,
438032997931,15514.9,812.2002,651.3822,1,2.8619,1,637.4249,561.1702,1,2.725,1,724.8126,606.2762,2.7934,
438033001931,15518.9,787.4942,640.2682,1,2.8251,1,648.9449,549.811,1,2.7491,1,718.2196,595.0396,2.7871,
438033005930,15522.9,786.5087,644.072,1,2.7805,1,644.4308,539.0943,1,2.7856,1,715.4697,591.5832,2.783,
438033009931,15526.9,791.0972,631.2187,1,2.8318,1,645.5412,556.5473,1,2.7545,1,718.3192,593.883,2.7931,
438033013931,15530.9,796.2994,625.0068,1,2.8252,1,630.0668,554.35,1,2.7141,1,713.1831,589.6784,2.7697,
438033017931,15534.9,779.0156,625.2843,1,2.8173,1,649.4353,545.515,1,2.7431,1,714.2254,585.3996,2.7802,
438033021931,15538.9,797.6449,620.182,1,2.8401,1,645.7154,552.9011,1,2.735,1,721.6802,586.5416,2.7876,
438033025931,15542.9,788.049,637.7153,1,2.8192,1,649.6255,550.7082,1,2.7077,1,718.8373,594.2118,2.7634,
438033029930,15546.9,791.197,631.4239,1,2.8229,1,644.5094,550.6089,1,2.7141,1,717.8532,591.0164,2.7685,
438033033931,15550.9,807.4599,634.277,1,2.8417,1,645.1084,533.5454,1,2.7501,1,726.2842,583.9112,2.7959,
438033037932,15554.9,790.5212,631.957,1,2.8305,1,647.2856,535.8888,1,2.7392,1,718.9034,583.9229,2.7848,
438033041932,15558.9,790.3461,631.4287,1,2.8281,1,645.1242,553.0806,1,2.7159,1,717.7352,592.2546,2.772,
438033045932,15562.9,788.7988,640.8883,1,2.8115,1,642.0931,554.3677,1,2.7049,1,715.446,597.628,2.7582,
438033049932,15566.9,790.5022,633.4099,1,2.7847,1,631.5503,551.0608,1,2.7133,1,711.0263,592.2353,2.749,
438033053930,15570.9,800.9771,626.9623,1,2.7979,1,631.7351,555.4553,1,2.6992,1,716.3561,591.2088,2.7485,
438033057931,15574.9,786.9059,622.232,1,2.8078,1,627.1654,531.9182,1,2.7769,1,707.0357,577.0751,2.7924,
438033061931,15578.9,795.818,644.5154,1,2.7753,1,637.1585,547.526,1,2.7714,1,716.4882,596.0207,2.7734,
438033065930,15582.9,785.2365,629.7722,1,2.7964,1,648.8351,543.8224,1,2.741,1,717.0358,586.7973,2.7687,
438033069931,15586.9,796.0775,619.4597,1,2.8035,1,646.1646,544.3125,1,2.7397,1,721.1211,581.8861,2.7716,
438033073930,15590.9,808.339,623.6727,1,2.8431,1,644.6629,534.3646,1,2.7391,1,726.501,579.0186,2.7911,
438033077929,15594.9,818.8578,619.7683,1,2.8234,1,665.4722,563.6365,1,2.7008,1,742.165,591.7024,2.7621,
438033081931,15598.9,821.1954,648.6705,1,2.7789,1,693.6584,538.0734,1,2.7808,1,757.4269,593.3719,2.7799,
438033085931,15602.9,822.4442,665.8318,1,2.8006,1,679.0075,551.0485,1,2.7508,1,750.7259,608.4401,2.7757,
438033089931,15606.9,825.1069,676.5368,1,2.7861,1,691.706,549.5743,1,2.7417,1,758.4064,613.0555,2.7639,
438033093930,15610.9,818.1377,660.4967,1,2.7779,1,680.9026,540.9074,1,2.745,1,749.5201,600.7021,2.7615,
438033097930,15614.9,818.8715,658.5981,1,2.7679,1,673.339,534.8881,1,2.7542,1,746.1052,596.7431,2.7611,
438033101929,15618.9,820.7862,642.4853,1,2.8186,1,678.2015,554.6968,1,2.709,1,749.4939,598.591,2.7638,
438033105931,15622.9,815.1498,641.8572,1,2.8032,1,654.1191,568.9691,1,2.66,1,734.6344,605.4131,2.7316,
438033109931,15626.9,824.3153,654.3035,1,2.7973,1,668.2602,568.2045,1,2.6783,1,746.2877,611.254,2.7378,
438033113931,15630.9,822.8947,647.4495,1,2.8333,1,668.1624,543.8986,1,2.7481,1,745.5286,595.674,2.7907,
438033117931,15634.9,827.0722,654.328,1,2.7979,1,678.2512,546.3742,1,2.7102,1,752.6617,600.3511,2.754,
438033121931,15638.9,833.7082,642.8298,1,2.7913,1,676.7864,547.807,1,2.7114,1,755.2473,595.3184,2.7513,
438033125931,15642.9,821.0891,640.6511,1,2.7745,1,675.0755,548.2048,1,2.7034,1,748.0823,594.428,2.739,
438033129930,15646.9,823.0748,629.9831,1,2.8238,1,673.705,546.1136,1,2.7208,1,748.3899,588.0484,2.7723,
438033133931,15650.9,816.3662,664.2452,1,2.7537,1,672.0121,560.8252,1,2.7076,1,744.1891,612.5352,2.7306,
438033137930,15654.9,822.4598,656.9675,1,2.7967,1,672.383,551.5347,1,2.7376,1,747.4214,604.2511,2.7672,
438033141930,15658.9,822.8068,653.3701,1,2.815,1,687.3174,567.749,1,2.6534,1,755.0621,610.5595,2.7342,
438033145930,15662.9,815.0186,653.2633,1,2.8243,1,661.3221,540.828,1,2.7267,1,738.1704,597.0456,2.7755,
438033149930,15666.9,818.1992,663.2131,1,2.7573,1,677.3483,561.1099,1,2.6991,1,747.7737,612.1615,2.7282,
438033153931,15670.9,815.1121,646.539,1,2.8173,1,679.7512,555.4054,1,2.6861,1,747.4317,600.9722,2.7517,
438033157930,15674.9,818.1818,657.8546,1,2.7959,1,680.5028,544.2483,1,2.7159,1,749.3423,601.0515,2.7559,
438033161931,15678.9,825.1467,658.8467,1,2.7551,1,679.8629,560.709,1,2.6926,1,752.5048,609.7778,2.7239,
438033165931,15682.9,825.7964,650.358,1,2.7718,1,679.5675,548.8352,1,2.725,1,752.6819,599.5966,2.7484,
438033169931,15686.9,826.6361,650.7674,1,2.821,1,680.0431,554.3828,1,2.6991,1,753.3396,602.5751,2.7601,
438033173931,15690.9,828.7728,643.0726,1,2.8241,1,676.1266,564.158,1,2.6738,1,752.4497,603.6153,2.7489,
438033177931,15694.9,830.6592,644.229,1,2.8168,1,662.1051,554.3781,1,2.6766,1,746.3821,599.3036,2.7467,
438033181930,15698.9,821.2982,642.2133,1,2.7738,1,673.5746,552.3015,1,2.6852,1,747.4364,597.2574,2.7295,
438033185931,15702.9,833.6637,631.1687,1,2.8133,1,682.0813,532.6592,1,2.7477,1,757.8725,581.914,2.7805,
438033189931,15706.9,830.7008,643.1316,1,2.7933,1,688.1524,536.6614,1,2.7353,1,759.4266,589.8965,2.7643,
438033193930,15710.9,826.8627,628.8287,1,2.8301,1,689.1177,547.517,1,2.7051,1,757.9902,588.1728,2.7676,
438033197930,15714.9,835.8671,627.4005,1,2.7844,1,677.6525,548.5948,1,2.7268,1,756.7598,587.9976,2.7556,
438033201930,15718.9,818.0798,647.1631,1,2.7812,1,688.6039,559.3826,1,2.6967,1,753.3418,603.2729,2.7389,
438033205929,15722.9,821.1709,651.243,1,2.7826,1,691.2305,564.3294,1,2.6752,1,756.2007,607.7862,2.7289,
438033209930,15726.9,833.1894,642.2772,1,2.8013,1,691.6894,552.314,1,2.7066,1,762.4394,597.2956,2.754,
438033213930,15730.9,819.8939,676.9684,1,2.7357,1,681.4675,560.9728,1,2.678,1,750.6807,618.9706,2.7069,
438033217930,15734.9,817.4032,652.2306,1,2.8038,1,682.0176,547.9272,1,2.7489,1,749.7104,600.0789,2.7764,
438033221930,15738.9,832.7709,648.4037,1,2.8118,1,680.1816,558.8781,1,2.7291,1,756.4762,603.6409,2.7704,
438033225930,15742.9,824.0571,658.7597,1,2.7859,1,670.6443,571.0288,1,2.6975,1,747.3507,614.8942,2.7417,
438033229929,15746.9,816.024,654.8232,1,2.8037,1,677.8288,559.5802,1,2.7042,1,746.9264,607.2017,2.7539,
438033233930,15750.9,827.2779,641.1641,1,2.8423,1,680.9163,521.5859,1,2.7786,1,754.0971,581.375,2.8104,
438033237930,15754.9,831.3791,624.0201,1,2.8365,1,685.9118,549.1535,1,2.7219,1,758.6454,586.5868,2.7792,
438033241930,15758.9,827.9002,654.7595,1,2.7677,1,687.3039,554.4601,1,2.6814,1,757.6021,604.6098,2.7245,
438033245929,15762.9,820.5972,649.6306,1,2.7729,1,685.6562,549.2689,1,2.7117,1,753.1267,599.4498,2.7423,
438033249930,15766.9,824.0095,640.5199,1,2.8083,1,680.1148,552.065,1,2.6994,1,752.0622,596.2925,2.7538,
438033253929,15770.9,823.2306,641.6329,1,2.8323,1,679.4753,545.8427,1,2.7025,1,751.353,593.7378,2.7674,
438033257930,15774.9,825.138,651.8816,1,2.8057,1,688.1575,559.574,1,2.6892,1,756.6478,605.7278,2.7475,
438033261930,15778.9,832.8502,659.79,1,2.8211,1,673.5571,561.304,1,2.6983,1,753.2037,610.547,2.7597,
438033265930,15782.9,835.3024,653.0691,1,2.7825,1,686.4282,570.8186,1,2.6858,1,760.8653,611.9438,2.7342,
438033269930,15786.9,828.0319,658.6066,1,2.7828,1,673.0707,547.6742,1,2.7434,1,750.5513,603.1404,2.7631,
438033273930,15790.9,824.3191,654.9709,1,2.7897,1,681.2231,565.9613,1,2.7109,1,752.7711,610.4661,2.7503,
438033277929,15794.9,841.5366,645.262,1,2.7786,1,689.5093,540.2236,1,2.7465,1,765.5229,592.7428,2.7626,
438033281930,15798.9,827.7018,648.9828,1,2.7959,1,676.1122,553.6,1,2.7088,1,751.907,601.2914,2.7523,
438033285930,15802.9,836.2909,631.2926,1,2.8392,1,689.2687,538.3307,1,2.735,1,762.7798,584.8117,2.7871,
438033289929,15806.9,835.1046,647.9035,1,2.7926,1,683.2763,543.7283,1,2.7115,1,759.1904,595.8159,2.752,
438033293930,15810.9,833.3891,647.1295,1,2.812,1,692.5862,533.6936,1,2.7912,1,762.9876,590.4115,2.8016,
438033297930,15814.9,832.4381,653.4039,1,2.8523,1,689.6077,566.1904,1,2.7364,1,761.0229,609.7971,2.7944,
438033301929,15818.9,825.3359,668.1324,1,2.7526,1,686.7026,555.4441,1,2.7127,1,756.0192,611.7882,2.7327,
438033305930,15822.9,826.6474,652.2859,1,2.8197,1,691.2282,545.927,1,2.7732,1,758.9378,599.1064,2.7964,
438033309930,15826.9,818.3953,655.9139,1,2.7818,1,671.2415,563.1887,1,2.7284,1,744.8184,609.5513,2.7551,
438033313928,15830.9,831.5192,636.8252,1,2.8124,1,670.6502,538.1018,1,2.7966,1,751.0847,587.4635,2.8045,
438033317930,15834.9,823.3214,639.0429,1,2.8411,1,683.6484,554.3872,1,2.7364,1,753.4849,596.715,2.7887,
438033321930,15838.9,824.1923,632.1083,1,2.8717,1,686.055,564.0215,1,2.7534,1,755.1236,598.0649,2.8125,
438033325930,15842.9,833.5351,643.3319,1,2.8202,1,682.6744,562.8124,1,2.6922,1,758.1048,603.0722,2.7562,
438033329930,15846.9,823.0789,640.2845,1,2.8514,1,694.935,561.2281,1,2.7599,1,759.0069,600.7563,2.8057,
438033333930,15850.9,824.3303,649.5223,1,2.8531,1,690.104,550.2455,1,2.7339,1,757.2172,599.8839,2.7935,
438033337930,15854.9,837.0576,656.9979,1,2.8365,1,688.9515,555.5133,1,2.7214,1,763.0046,606.2556,2.779,
438033341929,15858.9,832.341,643.3759,1,2.8802,1,685.5663,543.7551,1,2.7805,1,758.9536,593.5655,2.8304,
438033345931,15862.9,823.5098,645.0405,1,2.8549,1,695.4094,548.9926,1,2.7121,1,759.4596,597.0166,2.7835,
438033349931,15866.9,825.0893,625.1092,1,2.8682,1,680.0739,549.99,1,2.765,1,752.5816,587.5496,2.8166,
438033353929,15870.9,836.5697,636.0709,1,2.8787,1,684.8293,551.5926,1,2.7224,1,760.6995,593.8317,2.8006,
438033357930,15874.9,828.9445,634.9998,1,2.8438,1,687.0376,540.2631,1,2.7769,1,757.9911,587.6314,2.8104,
438033361931,15878.9,835.3381,632.1667,1,2.8812,1,677.5776,543.5246,1,2.7644,1,756.4578,587.8457,2.8228,
438033365930,15882.9,841.8936,621.8704,1,2.9113,1,690.9568,546.8292,1,2.8093,1,766.4252,584.3498,2.8603,
438033369930,15886.9,838.1437,652.3451,1,2.8182,1,686.6691,537.4608,1,2.8221,1,762.4064,594.9029,2.8201,
438033373930,15890.9,838.266,643.6781,1,2.8899,1,678.7458,562.2409,1,2.7641,1,758.5059,602.9595,2.827,
438033377929,15894.9,847.5934,626.3878,1,2.9249,1,688.6514,552.0189,1,2.7959,1,768.1224,589.2033,2.8604,
438033381929,15898.9,832.9922,634.1062,1,2.9066,1,700.6724,556.0915,1,2.778,1,766.8323,595.0988,2.8423,
438033385930,15902.9,837.3199,643.0192,1,2.9209,1,689.4596,551.5937,1,2.8065,1,763.3898,597.3065,2.8637,
438033389929,15906.9,843.8898,666.4789,1,2.8172,1,688.4371,532.5846,1,2.8282,1,766.1635,599.5318,2.8227,
438033393930,15910.9,839.1241,614.5079,1,2.9467,1,702.5068,541.0775,1,2.8071,1,770.8155,577.7927,2.8769,
438033397930,15914.9,841.2181,633.446,1,2.9168,1,687.0119,529.5431,1,2.8784,1,764.115,581.4945,2.8976,
438033401929,15918.9,833.1723,624.8558,1,2.907,1,708.2524,540.6731,1,2.8374,1,770.7124,582.7644,2.8722,
438033405929,15922.9,834.3341,646.6838,1,2.8849,1,696.3322,514.4616,1,2.8918,1,765.3332,580.5727,2.8883,
438033409930,15926.9,837.0698,620.9458,1,2.8992,1,688.3605,565.7745,1,2.7678,1,762.7151,593.3601,2.8335,
438033413930,15930.9,844.0851,612.3217,1,2.924,1,682.5314,544.4594,1,2.8578,1,763.3082,578.3906,2.8909,
438033417930,15934.9,850.1284,611.4712,1,2.9706,1,692.1839,558.3477,1,2.7941,1,771.1561,584.9094,2.8824,
438033421931,15938.9,837.922,616.9783,1,2.9455,1,696.5279,558.2045,1,2.7902,1,767.2249,587.5914,2.8678,
438033425930,15942.9,842.7063,634.0141,1,2.8964,1,695.0218,547.5228,1,2.7995,1,768.8641,590.7684,2.848,
438033429930,15946.9,833.9129,645.2952,1,2.8836,1,689.4311,551.8843,1,2.8254,1,761.672,598.5897,2.8545,
438033433931,15950.9,834.452,619.3457,1,2.9348,1,699.0668,565.4808,1,2.8147,1,766.7594,592.4133,2.8748,
438033437930,15954.9,840.9712,625.7719,1,2.9091,1,692.242,576.9391,1,2.7957,1,766.6066,601.3555,2.8524,
438033441931,15958.9,835.0301,628.9735,1,2.91,1,686.1207,550.1837,1,2.8604,1,760.5754,589.5786,2.8852,
438033445931,15962.9,841.1667,623.8873,1,2.8948,1,695.87,564.4663,1,2.8027,1,768.5183,594.1768,2.8488,
438033449930,15966.9,842.3868,622.4931,1,2.9694,1,697.1994,540.2616,1,2.8908,1,769.7931,581.3773,2.9301,
438033453930,15970.9,846.6201,639.9393,1,2.9365,1,695.1941,540.77,1,2.8977,1,770.9071,590.3546,2.9171,
438033457930,15974.9,832.0705,641.0584,1,2.9637,1,685.2904,551.6878,1,2.8544,1,758.6805,596.3731,2.9091,
438033461929,15978.9,833.4114,647.5134,1,2.9357,1,694.0763,554.4454,1,2.838,1,763.7439,600.9794,2.8868,
438033465930,15982.9,837.6983,648.3356,1,2.9106,1,699.0864,556.4768,1,2.836,1,768.3923,602.4062,2.8733,
438033469930,15986.9,837.3054,629.128,1,2.9754,1,695.1149,551.8829,1,2.8599,1,766.2102,590.5054,2.9177,
438033473929,15990.9,839.4879,614.648,1,2.9846,1,697.0874,549.7156,1,2.8444,1,768.2877,582.1818,2.9145,
438033477928,15994.9,847.4586,632.1332,1,2.9642,1,684.0947,546.2294,1,2.9161,1,765.7767,589.1813,2.9401,
438033481929,15998.9,835.8789,640.7643,1,2.9854,1,688.9954,550.8947,1,2.8661,1,762.4372,595.8295,2.9258,
438033485929,16002.9,835.5237,646.0467,1,2.9869,1,692.5124,532.192,1,2.9056,1,764.018,589.1194,2.9462,
438033489930,16006.9,845.052,636.8411,1,2.9734,1,698.4808,532.0848,1,2.8934,1,771.7664,584.4629,2.9334,
438033493930,16010.9,832.7669,631.367,1,2.9929,1,699.7222,532.975,1,2.8916,1,766.2446,582.171,2.9422,
438033497929,16014.9,844.6711,642.0151,1,2.9818,1,687.8042,535.9704,1,2.9173,1,766.2376,588.9928,2.9495,
438033501929,16018.9,847.2326,625.5438,1,3.0156,1,688.6513,542.7587,1,2.8967,1,767.9419,584.1513,2.9562,
438033505930,16022.9,845.4867,638.8097,1,3.0081,1,687.0373,535.7591,1,2.9437,1,766.262,587.2844,2.9759,
438033509929,16026.9,842.7294,638.0863,1,3.0014,1,689.3583,546.6075,1,2.8752,1,766.0439,592.3469,2.9383,
438033513930,16030.9,835.0448,643.5759,1,2.9994,1,695.2873,557.9062,1,2.8853,1,765.1661,600.7411,2.9423,
438033517930,16034.9,843.0634,632.8609,1,3.0454,1,702.3783,550.1979,1,2.8986,1,772.7208,591.5294,2.972,
438033521930,16038.9,864.7097,631.4127,1,3.0179,1,707.8336,532.5072,1,2.9323,1,786.2716,581.9599,2.9751,
438033525929,16042.9,910.9153,656.9989,1,2.9743,1,791.7253,508.7076,1,2.968,1,851.3203,582.8533,2.9712,
438033529929,16046.9,1012.8962,633.9671,1,2.9924,1,884.2893,521.3077,1,2.9059,1,948.5928,577.6374,2.9492,
438033533930,16050.9,1078.6575,595.1466,1,2.9881,1,942.8917,467.0714,1,2.9698,1,1010.7746,531.109,2.9789,
438033537929,16054.9,1156.542,572.4898,1,3.017,1,1004.023,458.9962,1,2.9602,1,1080.2825,515.743,2.9886,
438033541930,16058.9,1198.4996,537.3989,1,3.0469,1,1058.8196,456.9108,1,2.9175,1,1128.6596,497.1548,2.9822,
438033545930,16062.9,1213.0062,570.484,1,2.9489,1,1051.6595,454.5098,1,2.9104,1,1132.3329,512.4969,2.9296,
438033549930,16066.9,1220.0378,548.1472,1,3.0237,1,1032.7687,436.0317,1,2.9246,1,1126.4033,492.0895,2.9742,
438033553929,16070.9,1241.5822,558.9088,1,2.937,1,1035.4745,435.0692,1,2.8927,1,1138.5283,496.989,2.9148,
438033557929,16074.9,1225.1464,563.6596,1,2.9628,1,1050.7479,423.3814,1,2.9276,1,1137.9472,493.5205,2.9452,
438033561930,16078.9,1186.1971,570.3944,1,3.0079,1,1046.6874,422.3516,1,2.9557,1,1116.4422,496.373,2.9818,
438033565928,16082.9,1212.9142,562.8795,1,3.0317,1,1057.18,434.1248,1,2.9284,1,1135.0471,498.5021,2.98,
438033569929,16086.9,1242.7571,541.3613,1,2.9795,1,1072.7868,430.5071,1,2.9635,1,1157.7719,485.9342,2.9715,
438033573929,16090.9,1255.9496,561.2055,1,2.9339,1,1085.546,435.2732,1,2.8746,1,1170.7478,498.2394,2.9043,
438033577929,16094.9,1247.6626,565.5164,1,2.955,1,1080.3398,434.8467,1,2.8626,1,1164.0012,500.1816,2.9088,
438033581929,16098.9,1227.0379,581.0078,1,2.9414,1,1074.1631,437.9104,1,2.9257,1,1150.6005,509.4591,2.9335,
438033585931,16102.9,1228.0164,558.1852,1,2.9591,1,1081.6403,446.5936,1,2.8652,1,1154.8283,502.3894,2.9121,
438033589930,16106.9,1222.0001,536.8702,1,2.9999,1,1074.7778,429.1401,1,2.9586,1,1148.389,483.0052,2.9793,
438033593931,16110.9,1224.7038,549.3748,1,2.9503,1,1071.2192,438.7159,1,2.9022,1,1147.9615,494.0453,2.9263,
438033597931,16114.9,1230.8084,544.2259,1,2.9722,1,1064.3201,427.9914,1,2.9217,1,1147.5643,486.1086,2.9469,
438033601931,16118.9,1220.6647,540.0992,1,2.9844,1,1064.8519,438.3153,1,2.911,1,1142.7583,489.2072,2.9477,
438033605930,16122.9,1218.271,544.9815,1,3.0078,1,1076.3824,451.5375,1,2.854,1,1147.3267,498.2595,2.9309,
438033609931,16126.9,1232.4096,555.9787,1,2.9376,1,1065.081,419.3567,1,2.9519,1,1148.7453,487.6677,2.9448,
438033613930,16130.9,1248.9553,568.9734,1,2.8808,1,1081.8064,459.4522,1,2.8227,1,1165.3809,514.2128,2.8518,
438033617931,16134.9,1217.834,564.6196,1,2.9298,1,1068.587,429.4753,1,2.8901,1,1143.2105,497.0474,2.9099,
438033621930,16138.9,1244.9771,549.8609,1,2.9225,1,1065.9145,422.0434,1,2.9145,1,1155.4458,485.9522,2.9185,
438033625930,16142.9,1250.2716,560.1462,1,2.9356,1,1068.6055,429.0111,1,2.8799,1,1159.4385,494.5786,2.9078,
438033629929,16146.9,1231.4033,554.4278,1,2.9318,1,1067.0582,420.1099,1,2.9339,1,1149.2307,487.2689,2.9329,
438033633930,16150.9,1241.1348,569.831,1,2.9029,1,1081.2753,461.4904,1,2.8079,1,1161.205,515.6607,2.8554,
438033637929,16154.9,1232.7914,575.3428,1,2.9652,1,1065.9272,457.5916,1,2.8514,1,1149.3593,516.4672,2.9083,
438033641930,16158.9,1228.8274,590.6993,1,2.9186,1,1070.5203,444.3739,1,2.89,1,1149.6739,517.5366,2.9043,
438033645930,16162.9,1259.7541,584.2511,1,2.8087,1,1077.1354,448.0174,1,2.8671,1,1168.4447,516.1343,2.8379,
438033649930,16166.9,1224.7478,566.829,1,2.9505,1,1073.7361,429.8911,1,2.9116,1,1149.242,498.36,2.931,
438033653929,16170.9,1238.6673,552.2861,1,2.9851,1,1074.311,426.2188,1,2.8978,1,1156.4892,489.2524,2.9414,
438033657930,16174.9,1236.4984,564.5236,1,2.9429,1,1071.3337,447.2043,1,2.8545,1,1153.9161,505.8639,2.8987,
438033661929,16178.9,1221.0987,528.7035,1,3.0336,1,1069.9617,428.5948,1,2.901,1,1145.5302,478.6492,2.9673,
438033665930,16182.9,1239.905,566.6528,1,2.9356,1,1072.8303,445.6439,1,2.854,1,1156.3676,506.1484,2.8948,
438033669930,16186.9,1235.8747,562.9416,1,2.9265,1,1054.5981,443.5525,1,2.8471,1,1145.2364,503.2471,2.8868,
438033673930,16190.9,1228.9375,586.0158,1,2.8936,1,1063.8152,429.9873,1,2.9133,1,1146.3764,508.0016,2.9034,
438033677929,16194.9,1237.4268,555.4595,1,2.9394,1,1054.6955,424.0927,1,2.9332,1,1146.0611,489.7761,2.9363,
438033681930,16198.9,1209.2511,543.315,1,2.9635,1,1076.6404,449.8798,1,2.849,1,1142.9457,496.5974,2.9063,
438033685929,16202.9,1211.963,547.3848,1,2.9197,1,1074.3718,448.1154,1,2.8574,1,1143.1674,497.7501,2.8885,
438033689930,16206.9,1261.6149,587.9522,1,2.7959,1,1079.6752,434.2162,1,2.8919,1,1170.645,511.0842,2.8439,
438033693930,16210.9,1250.362,544.8939,1,2.9263,1,1062.8357,423.3946,1,2.91,1,1156.5989,484.1442,2.9181,
438033697930,16214.9,1228.6309,578.1328,1,2.8769,1,1072.593,429.5056,1,2.8958,1,1150.612,503.8192,2.8864,
438033701929,16218.9,1188.0536,557.7609,1,2.9545,1,1063.8191,433.0743,1,2.8612,1,1125.9364,495.4176,2.9079,
438033705931,16222.9,1088.9243,579.3357,1,2.957,1,971.7559,428.81,1,2.9328,1,1030.3401,504.0728,2.9449,
438033709930,16226.9,968.6267,581.6294,1,2.9745,1,889.7546,470.8216,1,2.8537,1,929.1906,526.2255,2.9141,
438033713931,16230.9,859.3177,580.5063,1,2.9816,1,797.0082,498.5452,1,2.8603,1,828.1629,539.5258,2.9209,
438033717928,16234.9,820.6457,587.6467,1,2.9977,1,737.9367,500.4913,1,2.8792,1,779.2912,544.069,2.9385,
438033721928,16238.9,797.8782,617.3974,1,2.923,1,703.0828,516.9647,1,2.8435,1,750.4805,567.181,2.8832,
438033725927,16242.9,852.8082,577.9349,1,2.9694,1,706.1762,511.1085,1,2.8303,1,779.4922,544.5217,2.8999,
438033729927,16246.9,902.5519,583.3387,1,2.8766,1,733.153,504.9005,1,2.838,1,817.8525,544.1196,2.8573,
438033733928,16250.9,905.542,544.0549,1,2.9854,1,747.4121,478.9109,1,2.8911,1,826.477,511.4829,2.9382,
438033737927,16254.9,884.3956,579.0365,1,2.9728,1,750.3568,496.647,1,2.846,1,817.3762,537.8417,2.9094,
438033741928,16258.9,833.8891,599.1874,1,2.8986,1,727.8758,495.023,1,2.8777,1,780.8825,547.1052,2.8881,
438033745928,16262.9,806.0941,608.522,1,2.9412,1,693.2116,500.3094,1,2.8866,1,749.6528,554.4157,2.9139,
438033749928,16266.9,815.5951,608.9994,1,2.9345,1,690.8947,510.3692,1,2.8756,1,753.2449,559.6843,2.9051,
438033753927,16270.9,826.9486,620.0638,1,2.9106,1,703.1996,519.9318,1,2.8333,1,765.0741,569.9978,2.8719,
438033757927,16274.9,852.7295,617.7716,1,2.9211,1,701.6206,509.2388,1,2.8481,1,777.175,563.5052,2.8846,
438033761928,16278.9,841.4491,606.6047,1,2.9281,1,696.7787,533.8918,1,2.7927,1,769.1139,570.2483,2.8604,
438033765927,16282.9,839.2566,590.0297,1,2.9596,1,711.5097,517.0838,1,2.846,1,775.3832,553.5567,2.9028,
438033769928,16286.9,834.2073,611.8949,1,2.9162,1,707.5588,510.3976,1,2.8648,1,770.8831,561.1463,2.8905,
438033773928,16290.9,839.8032,591.6736,1,2.9748,1,692.6547,516.6114,1,2.8101,1,766.229,554.1425,2.8925,
438033777927,16294.9,848.2946,604.8977,1,2.9298,1,709.4147,516.4033,1,2.8211,1,778.8546,560.6505,2.8754,
438033781927,16298.9,835.2915,589.4227,1,2.9378,1,704.2303,502.3801,1,2.8796,1,769.7609,545.9014,2.9087,
438033785928,16302.9,834.4744,615.1323,1,2.8432,1,710.6185,511.0772,1,2.802,1,772.5465,563.1047,2.8226,
438033789927,16306.9,845.704,589.2497,1,2.9281,1,714.711,504.4811,1,2.8519,1,780.2075,546.8654,2.89,
438033793928,16310.9,852.3471,566.9871,1,2.9556,1,711.7687,481.2897,1,2.8975,1,782.0579,524.1384,2.9266,
438033797928,16314.9,850.9896,571.0827,1,2.9367,1,705.4366,494.7681,1,2.8554,1,778.2131,532.9254,2.8961,
438033801927,16318.9,837.0002,600.7816,1,2.8794,1,704.5849,510.3578,1,2.8326,1,770.7926,555.5697,2.856,
438033805927,16322.9,841.423,606.8511,1,2.8734,1,695.2413,513.0129,1,2.8364,1,768.3321,559.932,2.8549,
438033809928,16326.9,839.6518,611.0493,1,2.8753,1,720.1095,529.1031,1,2.809,1,779.8806,570.0762,2.8422,
438033813927,16330.9,849.5957,615.2211,1,2.8444,1,704.0366,510.3267,1,2.8152,1,776.8161,562.7739,2.8298,
438033817928,16334.9,842.1645,609.7082,1,2.8854,1,699.4322,512.0308,1,2.842,1,770.7983,560.8695,2.8637,
438033821928,16338.9,838.632,605.3516,1,2.922,1,701.6242,496.733,1,2.8515,1,770.1281,551.0423,2.8867,
438033825927,16342.9,847.5123,608.8334,1,2.842,1,695.0237,496.6541,1,2.8506,1,771.268,552.7438,2.8463,
438033829927,16346.9,852.9874,596.5567,1,2.8986,1,708.8203,510.5937,1,2.8099,1,780.9038,553.5752,2.8543,
438033833928,16350.9,836.9675,581.3874,1,2.9106,1,706.1799,516.9989,1,2.7699,1,771.5737,549.1931,2.8402,
438033837927,16354.9,852.1436,588.7138,1,2.8972,1,711.0243,492.4967,1,2.847,1,781.5839,540.6053,2.8721,
438033841928,16358.9,846.7344,574.584,1,2.9375,1,709.8572,501.8394,1,2.8608,1,778.2958,538.2117,2.8992,
438033845928,16362.9,849.3573,595.9798,1,2.9186,1,703.5782,500.3045,1,2.8681,1,776.4678,548.1421,2.8934,
438033849928,16366.9,851.5288,598.9903,1,2.8656,1,702.981,516.9017,1,2.7705,1,777.2549,557.946,2.8181,
438033853928,16370.9,853.3371,609.2344,1,2.892,1,712.4935,482.1403,1,2.8544,1,782.9153,545.6874,2.8732,
438033857929,16374.9,839.2636,613.4547,1,2.8567,1,716.2334,504.9646,1,2.816,1,777.7485,559.2097,2.8363,
438033861928,16378.9,841.7476,595.7803,1,2.9246,1,701.1762,519.7755,1,2.763,1,771.4619,557.7779,2.8438,
438033865929,16382.9,842.6213,595.6632,1,2.8956,1,711.1623,512.2024,1,2.8369,1,776.8918,553.9328,2.8663,
438033869929,16386.9,842.7151,597.995,1,2.8534,1,704.1595,512.1675,1,2.8275,1,773.4373,555.0813,2.8404,
438033873928,16390.9,841.1032,594.2657,1,2.846,1,697.0061,494.5808,1,2.8266,1,769.0547,544.4232,2.8363,
438033877928,16394.9,844.4134,590.7575,1,2.9116,1,703.5111,501.2738,1,2.7948,1,773.9622,546.0156,2.8532,
438033881929,16398.9,854.6412,612.0844,1,2.8537,1,700.5336,499.8476,1,2.8049,1,777.5874,555.966,2.8293,
438033885928,16402.9,847.5213,588.1381,1,2.9248,1,706.0364,520.2841,1,2.7819,1,776.7788,554.2111,2.8533,
438033889929,16406.9,847.191,609.0556,1,2.8594,1,725.4411,487.7041,1,2.8742,1,786.3161,548.3799,2.8668,
438033893929,16410.9,834.4639,624.5438,1,2.8039,1,709.6496,491.2011,1,2.8658,1,772.0567,557.8724,2.8348,
438033897928,16414.9,856.6223,593.9728,1,2.877,1,722.8414,517.2103,1,2.8007,1,789.7318,555.5916,2.8389,
438033901928,16418.9,848.0249,580.2038,1,2.8893,1,716.2827,523.4829,1,2.7791,1,782.1538,551.8434,2.8342,
438033905929,16422.9,849.615,590.2848,1,2.8447,1,712.8068,503.7339,1,2.8308,1,781.2109,547.0093,2.8378,
438033909928,16426.9,843.9923,589.1188,1,2.8652,1,697.6309,513.7344,1,2.7554,1,770.8116,551.4266,2.8103,
438033913929,16430.9,854.9122,589.8374,1,2.8736,1,716.6449,501.4569,1,2.8141,1,785.7786,545.6472,2.8438,
438033917929,16434.9,857.247,601.3253,1,2.8375,1,695.7995,511.8349,1,2.7861,1,776.5233,556.5801,2.8118,
438033921929,16438.9,852.5632,575.386,1,2.8826,1,712.3544,518.07,1,2.7903,1,782.4588,546.728,2.8364,
438033925928,16442.9,844.5441,579.9923,1,2.8731,1,719.9374,497.7701,1,2.8487,1,782.2408,538.8812,2.8609,
438033929928,16446.9,851.7431,579.3425,1,2.8852,1,706.6102,522.4875,1,2.785,1,779.1766,550.915,2.8351,
438033933929,16450.9,847.8375,593.2142,1,2.8644,1,708.7458,505.5245,1,2.7738,1,778.2917,549.3694,2.8191,
438033937928,16454.9,846.9372,591.4262,1,2.8375,1,712.9301,512.0884,1,2.7673,1,779.9337,551.7573,2.8024,
438033941929,16458.9,847.7635,587.4274,1,2.8608,1,711.5904,498.6684,1,2.8005,1,779.6769,543.0479,2.8307,
438033945928,16462.9,842.4385,583.118,1,2.8483,1,695.9935,490.5694,1,2.8221,1,769.216,536.8437,2.8352,
438033949928,16466.9,840.6271,584.7608,1,2.8461,1,700.4107,506.7288,1,2.784,1,770.5189,545.7448,2.8151,
438033953927,16470.9,842.0815,601.3694,1,2.8395,1,703.9307,514.3084,1,2.7461,1,773.0061,557.8389,2.7928,
438033957927,16474.9,855.1746,595.0629,1,2.8442,1,695.309,511.4476,1,2.7814,1,775.2418,553.2553,2.8128,
438033961928,16478.9,850.0088,587.917,1,2.8737,1,698.4903,505.9507,1,2.7735,1,774.2496,546.9339,2.8236,
438033965927,16482.9,850.4898,597.9958,1,2.8266,1,713.671,494.4057,1,2.8018,1,782.0804,546.2008,2.8142,
438033969928,16486.9,848.2986,599.229,1,2.8389,1,705.1212,515.6089,1,2.75,1,776.7099,557.4189,2.7945,
438033973928,16490.9,846.3883,602.4729,1,2.876,1,709.8444,509.5591,1,2.7746,1,778.1163,556.016,2.8253,
438033977927,16494.9,841.7783,624.7701,1,2.8158,1,699.7292,515.3499,1,2.7978,1,770.7537,570.06,2.8068,
438033981925,16498.9,862.2526,613.4266,1,2.8325,1,694.8072,502.8234,1,2.801,1,778.5299,558.125,2.8167,
438033985926,16502.9,849.0939,615.2102,1,2.8302,1,702.2993,493.8596,1,2.828,1,775.6966,554.5349,2.8291,
438033989925,16506.9,849.2465,615.8331,1,2.839,1,715.3042,504.5157,1,2.7731,1,782.2753,560.1744,2.806,
438033993926,16510.9,855.8878,582.2692,1,2.8686,1,703.66,505.5802,1,2.7972,1,779.7739,543.9247,2.8329,
438033997926,16514.9,861.8659,586.2689,1,2.8391,1,716.3378,499.6445,1,2.7645,1,789.1019,542.9567,2.8018,
438034001926,16518.9,840.108,596.0732,1,2.8373,1,703.0968,507.2759,1,2.8216,1,771.6024,551.6745,2.8294,
438034005926,16522.9,841.8773,607.9521,1,2.8212,1,700.5935,534.3028,1,2.731,1,771.2354,571.1274,2.7761,
438034009927,16526.9,851.28,605.6893,1,2.8402,1,707.258,500.0846,1,2.8138,1,779.269,552.887,2.827,
438034013926,16530.9,841.6922,607.5452,1,2.8096,1,718.0381,490.0289,1,2.8194,1,779.8652,548.787,2.8145,
438034017927,16534.9,843.0529,618.1759,1,2.8275,1,712.1178,514.8473,1,2.7666,1,777.5854,566.5116,2.7971,
438034021927,16538.9,853.1665,592.1818,1,2.8693,1,719.114,499.9383,1,2.7935,1,786.1402,546.0601,2.8314,
438034025926,16542.9,846.1216,607.6421,1,2.8105,1,714.1509,497.6174,1,2.773,1,780.1362,552.6298,2.7917,
438034029926,16546.9,840.3484,620.5088,1,2.8072,1,716.0201,523.2269,1,2.7253,1,778.1843,571.8678,2.7663,
438034033927,16550.9,837.8135,610.2315,1,2.7879,1,720.1483,509.0931,1,2.7972,1,778.9809,559.6623,2.7926,
438034037926,16554.9,856.7095,603.8118,1,2.8336,1,708.3679,520.762,1,2.7391,1,782.5387,562.2869,2.7864,
438034041927,16558.9,835.0965,590.6657,1,2.8606,1,704.6971,515.0062,1,2.7882,1,769.8968,552.8359,2.8244,
438034045927,16562.9,850.4439,589.2157,1,2.8641,1,721.0591,523.4387,1,2.7444,1,785.7515,556.3272,2.8042,
438034049926,16566.9,856.5025,597.5156,1,2.8496,1,724.0866,517.2604,1,2.7589,1,790.2945,557.388,2.8042,
438034053926,16570.9,846.5536,596.7631,1,2.8265,1,724.1778,502.5242,1,2.821,1,785.3657,549.6437,2.8237,
438034057927,16574.9,849.8113,582.6099,1,2.8806,1,721.5572,483.1176,1,2.8528,1,785.6843,532.8638,2.8667,
438034061926,16578.9,859.4242,574.8373,1,2.8757,1,739.5776,505.1934,1,2.8298,1,799.5009,540.0153,2.8528,
438034065927,16582.9,863.1628,597.7361,1,2.8293,1,712.9856,542.3664,1,2.7001,1,788.0742,570.0512,2.7647,
438034069927,16586.9,864.4417,586.4319,1,2.8856,1,704.9722,504.853,1,2.7704,1,784.7069,545.6425,2.828,
438034073925,16590.9,847.9372,587.5252,1,2.8814,1,734.7981,518.0218,1,2.7923,1,791.3676,552.7735,2.8368,
438034077925,16594.9,846.2465,585.4253,1,2.8739,1,724.9199,526.9863,1,2.7519,1,785.5832,556.2058,2.8129,
438034081927,16598.9,863.5324,579.8969,1,2.89,1,714.6804,512.092,1,2.8062,1,789.1064,545.9944,2.8481,
438034085926,16602.9,859.6993,605.7546,1,2.8479,1,723.4131,483.6578,1,2.8511,1,791.5562,544.7062,2.8495,
438034089927,16606.9,860.589,589.0167,1,2.8651,1,722.2078,504.1996,1,2.8189,1,791.3984,546.6081,2.842,
438034093927,16610.9,866.4474,614.9064,1,2.8462,1,716.0663,516.0007,1,2.8173,1,791.2569,565.4536,2.8317,
438034097926,16614.9,861.4081,626.8806,1,2.8394,1,720.0665,520.2526,1,2.7402,1,790.7373,573.5666,2.7898,
438034101926,16618.9,855.8314,577.0372,1,2.9319,1,712.2306,506.3149,1,2.7808,1,784.031,541.676,2.8564,
438034105927,16622.9,865.9629,589.5579,1,2.9133,1,713.8626,519.4719,1,2.7641,1,789.9127,554.5149,2.8387,
438034109926,16626.9,865.5757,606.3093,1,2.8664,1,707.1691,494.6426,1,2.8275,1,786.3724,550.476,2.847,
438034113929,16630.9,856.7928,618.0043,1,2.879,1,705.5404,511.7766,1,2.7798,1,781.1666,564.8905,2.8294,
438034117929,16634.9,882.8066,611.6349,1,2.8761,1,706.4139,510.7168,1,2.8143,1,794.6102,561.1759,2.8452,
438034121929,16638.9,864.4567,616.0275,1,2.8999,1,704.5445,519.2732,1,2.7967,1,784.5006,567.6503,2.8483,
438034125928,16642.9,870.7477,603.6972,1,2.8925,1,756.568,500.3777,1,2.8189,1,813.6578,552.0374,2.8557,
438034129928,16646.9,948.0765,614.6948,1,2.9152,1,829.8887,514.1722,1,2.8286,1,888.9826,564.4335,2.8719,
438034133929,16650.9,1034.7589,599.717,1,2.8568,1,886.7647,488.8332,1,2.8062,1,960.7618,544.2751,2.8315,
438034137928,16654.9,1075.2913,616.3539,1,2.8531,1,964.3953,477.5674,1,2.8485,1,1019.8433,546.9607,2.8508,
438034141929,16658.9,1118.1885,593.8046,1,2.8875,1,993.2348,483.3524,1,2.8106,1,1055.7116,538.5785,2.849,
438034145929,16662.9,1127.9054,605.3742,1,2.8726,1,1017.0773,486.4716,1,2.8095,1,1072.4914,545.9229,2.841,
438034149929,16666.9,1146.7623,573.0187,1,2.8811,1,1007.2338,471.7127,1,2.8053,1,1076.998,522.3657,2.8432,
438034153928,16670.9,1140.9538,563.8115,1,2.89,1,991.8113,468.7762,1,2.7698,1,1066.3825,516.2938,2.8299,
438034157928,16674.9,1114.4429,570.1555,1,2.8974,1,979.8275,453.0816,1,2.8136,1,1047.1352,511.6185,2.8555,
438034161929,16678.9,1091.5385,577.6649,1,2.8757,1,991.0205,463.4088,1,2.7696,1,1041.2795,520.5368,2.8226,
438034165928,16682.9,1126.6846,569.0439,1,2.9308,1,1009.0088,467.6719,1,2.8198,1,1067.8467,518.3579,2.8753,
438034169929,16686.9,1151.7567,594.926,1,2.8838,1,1015.7251,467.4799,1,2.8018,1,1083.7409,531.203,2.8428,
438034173929,16690.9,1162.7903,546.1121,1,2.9542,1,1014.5923,451.6688,1,2.8508,1,1088.6913,498.8904,2.9025,
438034177928,16694.9,1148.2124,579.164,1,2.8947,1,1013.6088,471.6937,1,2.8205,1,1080.9106,525.4288,2.8576,
438034181928,16698.9,1151.0782,585.7633,1,2.8996,1,1014.0668,471.4643,1,2.8145,1,1082.5725,528.6138,2.857,
438034185929,16702.9,1154.3763,580.0787,1,2.8896,1,1025.624,490.7201,1,2.7741,1,1090.0001,535.3994,2.8319,
438034189928,16706.9,1151.6227,606.3919,1,2.8372,1,1006.9433,476.8759,1,2.7965,1,1079.283,541.6339,2.8169,
438034193929,16710.9,1141.2301,580.5337,1,2.8865,1,1012.121,481.7645,1,2.7996,1,1076.6755,531.1491,2.8431,
438034197929,16714.9,1141.4675,593.3907,1,2.8801,1,1008.5924,468.1937,1,2.8316,1,1075.0299,530.7922,2.8558,
438034201928,16718.9,1151.3612,594.4805,1,2.9078,1,1014.2579,451.4712,1,2.8637,1,1082.8096,522.9759,2.8857,
438034205928,16722.9,1149.3664,583.5643,1,2.8934,1,1014.0356,481.2975,1,2.834,1,1081.701,532.4309,2.8637,
438034209929,16726.9,1143.1162,584.3424,1,2.9272,1,1010.4284,471.5806,1,2.8361,1,1076.7723,527.9615,2.8817,
438034213928,16730.9,1145.8572,594.0299,1,2.8808,1,999.8748,457.7291,1,2.8766,1,1072.866,525.8795,2.8787,
438034217929,16734.9,1158.9795,593.979,1,2.904,1,1013.9227,467.0166,1,2.8237,1,1086.4511,530.4978,2.8638,
438034221929,16738.9,1151.7573,606.0393,1,2.8882,1,1018.1733,486.1698,1,2.8082,1,1084.9653,546.1046,2.8482,
438034225928,16742.9,1151.6421,600.4413,1,2.9175,1,1018.7129,453.7822,1,2.8701,1,1085.1775,527.1117,2.8938,
438034229928,16746.9,1147.0071,601.9584,1,2.8906,1,1012.3425,479.5078,1,2.8141,1,1079.6748,540.7331,2.8524,
438034233929,16750.9,1137.164,585.8018,1,2.9148,1,1016.4974,468.1972,1,2.8651,1,1076.8307,526.9995,2.89,
438034237928,16754.9,1138.26,591.6112,1,2.8972,1,1007.1362,494.815,1,2.7846,1,1072.6981,543.2131,2.8409,
438034241932,16758.9,1147.0992,602.4499,1,2.9134,1,1011.9642,475.387,1,2.862,1,1079.5317,538.9184,2.8877,
438034245932,16762.9,1148.7029,576.8128,1,2.981,1,1008.1589,463.4327,1,2.8606,1,1078.4309,520.1227,2.9208,
438034249931,16766.9,1143.8923,599.0599,1,2.8892,1,1002.5237,468.8569,1,2.8599,1,1073.208,533.9584,2.8745,
438034253931,16770.9,1148.1151,600.2476,1,2.9211,1,1022.4673,476.2856,1,2.859,1,1085.2912,538.2666,2.8901,
438034257932,16774.9,1156.5071,595.9191,1,2.9071,1,1015.6928,480.5824,1,2.8148,1,1086.0999,538.2508,2.8609,
438034261931,16778.9,1154.4459,591.311,1,2.943,1,1002.8481,466.5926,1,2.8414,1,1078.647,528.9518,2.8922,
438034265932,16782.9,1159.4516,582.28,1,2.9164,1,993.8356,464.9951,1,2.8809,1,1076.6436,523.6375,2.8987,
438034269931,16786.9,1169.5831,590.4224,1,2.8794,1,1005.2211,442.1632,1,2.9261,1,1087.4021,516.2928,2.9027,
438034273930,16790.9,1152.9239,576.7734,1,2.9179,1,1001.2633,445.8805,1,2.9214,1,1077.0936,511.3269,2.9196,
438034277930,16794.9,1158.0796,574.2581,1,2.9232,1,1005.1574,471.2187,1,2.8622,1,1081.6185,522.7384,2.8927,
438034281931,16798.9,1154.8262,573.851,1,2.9279,1,996.4731,460.5884,1,2.8809,1,1075.6496,517.2197,2.9044,
438034285930,16802.9,1173.0593,569.0539,1,2.9466,1,1006.3059,466.621,1,2.8571,1,1089.6826,517.8374,2.9019,
438034289931,16806.9,1153.2558,567.4638,1,2.9297,1,1004.9107,456.7298,1,2.9,1,1079.0833,512.0968,2.9148,
438034293931,16810.9,1162.2518,580.2074,1,2.9131,1,1015.5222,480.9482,1,2.8267,1,1088.887,530.5778,2.8699,
438034297931,16814.9,1158.4797,584.8064,1,2.9332,1,1014.1047,461.6838,1,2.9018,1,1086.2922,523.2451,2.9175,
438034301931,16818.9,1158.4172,585.5622,1,2.9245,1,1012.1235,464.2292,1,2.8797,1,1085.2703,524.8957,2.9021,
438034305932,16822.9,1152.0052,593.4199,1,2.9529,1,1015.0707,472.0789,1,2.9117,1,1083.5379,532.7494,2.9323,
438034309930,16826.9,1143.5406,594.3197,1,2.9664,1,1008.7954,469.7752,1,2.9122,1,1076.168,532.0475,2.9393,
438034313931,16830.9,1154.9287,601.6662,1,2.9032,1,998.259,458.8542,1,2.9129,1,1076.5938,530.2602,2.908,
438034317931,16834.9,1149.0777,596.0433,1,2.9219,1,1016.958,456.5517,1,2.9426,1,1083.0179,526.2975,2.9322,
438034321931,16838.9,1153.4278,597.3706,1,2.929,1,1017.61,470.995,1,2.8671,1,1085.5189,534.1828,2.898,
438034325930,16842.9,1152.0457,577.8191,1,2.9897,1,1006.0216,479.6917,1,2.8372,1,1079.0337,528.7554,2.9134,
438034329930,16846.9,1156.1806,605.2389,1,2.8995,1,1004.8952,464.7984,1,2.8844,1,1080.5379,535.0187,2.892,
438034333931,16850.9,1149.0808,577.2096,1,2.9689,1,1013.8978,456.3873,1,2.898,1,1081.4893,516.7984,2.9334,
438034337930,16854.9,1138.7856,589.1921,1,2.924,1,1010.3247,454.9883,1,2.9172,1,1074.5551,522.0902,2.9206,
438034341931,16858.9,1144.9693,583.6139,1,2.9547,1,1019.4787,466.877,1,2.8781,1,1082.224,525.2455,2.9164,
438034345931,16862.9,1152.2419,589.672,1,2.9548,1,999.6268,461.8685,1,2.9134,1,1075.9343,525.7702,2.9341,
438034349931,16866.9,1155.3312,581.3299,1,2.9581,1,1016.3381,473.7858,1,2.8958,1,1085.8347,527.5579,2.9269,
438034353930,16870.9,1149.3434,575.4936,1,2.9818,1,1009.5992,469.3379,1,2.8783,1,1079.4713,522.4157,2.93,
438034357930,16874.9,1143.2294,601.8405,1,2.9265,1,1002.8574,463.1826,1,2.9073,1,1073.0434,532.5116,2.9169,
438034361932,16878.9,1151.2679,579.5342,1,2.9742,1,1021.0939,470.0965,1,2.9033,1,1086.1809,524.8154,2.9388,
438034365931,16882.9,1146.504,581.2133,1,2.9801,1,1012.487,452.6036,1,2.9471,1,1079.4955,516.9085,2.9636,
438034369932,16886.9,1143.4598,593.1426,1,2.9357,1,1018.6107,465.2929,1,2.9056,1,1081.0352,529.2178,2.9206,
438034373929,16890.9,1123.6323,573.8336,1,2.9518,1,978.4806,451.3279,1,2.9187,1,1051.0565,512.5808,2.9352,
438034377928,16894.9,1029.9219,592.3968,1,2.9172,1,916.7674,447.3109,1,2.9659,1,973.3447,519.8538,2.9415,
438034381928,16898.9,921.1061,563.9398,1,2.9646,1,802.1637,445.4422,1,2.9708,1,861.6349,504.691,2.9677,
438034385929,16902.9,830.2812,555.5805,1,2.9705,1,745.2382,477.2412,1,2.8779,1,787.7597,516.4108,2.9242,
438034389928,16906.9,804.9683,543.0877,1,3.0172,1,690.176,486.5102,1,2.8994,1,747.5721,514.799,2.9583,
438034393929,16910.9,824.146,543.4685,1,2.9656,1,691.8538,459.6432,1,2.9193,1,757.9999,501.5558,2.9424,
438034397929,16914.9,879.021,539.9443,1,2.9883,1,719.0686,428.3831,1,2.9782,1,799.0448,484.1637,2.9833,
438034401928,16918.9,909.7967,540.8298,1,2.9535,1,760.0143,441.2633,1,2.932,1,834.9055,491.0466,2.9427,
438034405928,16922.9,914.5406,551.9196,1,2.9908,1,767.709,452.558,1,2.9701,1,841.1248,502.2388,2.9804,
438034409929,16926.9,880.2732,564.0868,1,2.947,1,748.0291,458.706,1,2.9463,1,814.1511,511.3964,2.9467,
438034413928,16930.9,841.1525,570.7362,1,2.9691,1,731.0914,459.6468,1,2.9105,1,786.122,515.1915,2.9398,
438034417929,16934.9,824.3034,554.226,1,2.9434,1,704.4296,448.4169,1,2.934,1,764.3665,501.3214,2.9387,
438034421929,16938.9,841.6688,547.9631,1,2.9698,1,705.2237,460.7429,1,2.8852,1,773.4462,504.353,2.9275,
438034425928,16942.9,832.8702,535.0102,1,3.0251,1,710.6147,451.7962,1,2.9185,1,771.7424,493.4032,2.9718,
438034429928,16946.9,847.3848,530.5639,1,2.9707,1,715.1689,471.145,1,2.878,1,781.2768,500.8544,2.9244,
438034433929,16950.9,851.9838,546.6519,1,2.958,1,726.2082,477.9297,1,2.8527,1,789.096,512.2908,2.9053,
438034437928,16954.9,857.7186,536.9388,1,2.9853,1,724.9521,463.3038,1,2.9144,1,791.3354,500.1213,2.9498,
438034441929,16958.9,850.2524,520.788,1,3.0238,1,730.0371,446.661,1,2.9565,1,790.1448,483.7245,2.9901,
438034445929,16962.9,845.9691,524.5223,1,2.9934,1,722.5651,445.5433,1,2.946,1,784.2671,485.0328,2.9697,
438034449928,16966.9,844.4424,533.433,1,2.9637,1,731.0615,479.1301,1,2.8658,1,787.7519,506.2816,2.9148,
438034453928,16970.9,852.8984,549.0794,1,2.9514,1,721.4361,464.7072,1,2.9088,1,787.1673,506.8933,2.9301,
438034457929,16974.9,856.7663,530.3918,1,3.0068,1,715.6281,452.7188,1,2.9645,1,786.1972,491.5553,2.9857,
438034461928,16978.9,842.9064,532.0318,1,3.004,1,716.0874,448.8997,1,2.9131,1,779.4969,490.4657,2.9586,
438034465929,16982.9,840.3284,559.6809,1,2.9242,1,705.0195,467.9133,1,2.8603,1,772.674,513.7971,2.8922,
438034469929,16986.9,842.9622,534.4981,1,2.9864,1,718.4888,461.5813,1,2.8994,1,780.7255,498.0397,2.9429,
438034473928,16990.9,843.8052,544.4553,1,2.9719,1,,,0,,0,843.8052,544.4553,2.9719,
438034477928,16994.9,854.7751,520.9333,1,3.0464,1,718.279,457.052,1,2.9182,1,786.527,488.9927,2.9823,
438034481929,16998.9,853.4829,545.7579,1,2.9689,1,707.8455,442.2842,1,2.9432,1,780.6642,494.021,2.9561,
438034485928,17002.9,848.0588,552.3751,1,2.9917,1,719.6276,464.7279,1,2.9151,1,783.8432,508.5515,2.9534,
438034489929,17006.9,843.0503,555.1235,1,2.9902,1,703.6875,432.7927,1,2.9709,1,773.3689,493.9581,2.9805,
438034493929,17010.9,837.9691,541.4507,1,3.0071,1,728.8069,437.8256,1,2.9694,1,783.388,489.6381,2.9883,
438034497928,17014.9,848.3018,547.0109,1,3.0123,1,711.3176,442.4581,1,2.9384,1,779.8097,494.7345,2.9753,
438034501928,17018.9,843.3434,548.5757,1,2.9986,1,721.8266,432.0519,1,2.992,1,782.585,490.3138,2.9953,
438034505929,17022.9,857.0028,535.5331,1,3.0199,1,712.7178,446.3533,1,2.941,1,784.8603,490.9432,2.9804,
438034509928,17026.9,857.3171,562.9957,1,2.9708,1,731.8069,455.5031,1,2.8887,1,794.562,509.2494,2.9298,
438034513929,17030.9,851.9705,557.512,1,2.9729,1,722.7025,437.3112,1,2.984,1,787.3365,497.4116,2.9784,
438034517929,17034.9,856.2498,552.1963,1,3.0288,1,729.6772,440.2842,1,2.9594,1,792.9635,496.2402,2.9941,
438034521929,17038.9,851.2336,554.6127,1,2.9626,1,717.5856,459.6984,1,2.9104,1,784.4096,507.1556,2.9365,
438034525928,17042.9,858.1807,547.0124,1,2.9934,1,722.9036,413.9171,1,3.0692,1,790.5422,480.4647,3.0313,
438034529928,17046.9,858.0397,543.5983,1,2.9624,1,720.3842,459.3379,1,2.9115,1,789.212,501.4681,2.937,
438034533929,17050.9,860.4373,528.1198,1,3.0329,1,702.8092,470.1247,1,2.8932,1,781.6233,499.1223,2.9631,
438034537928,17054.9,845.9732,545.7145,1,3.002,1,726.6816,459.3498,1,2.9607,1,786.3274,502.5322,2.9814,
438034541929,17058.9,847.3281,563.1736,1,2.9476,1,725.0577,442.3153,1,2.9585,1,786.1929,502.7445,2.9531,
438034545929,17062.9,842.2451,548.6613,1,2.9808,1,721.4099,463.5365,1,2.9138,1,781.8275,506.0989,2.9473,
438034549929,17066.9,870.5483,549.2792,1,3.0212,1,720.9279,465.7931,1,2.9494,1,795.7381,507.5361,2.9853,
438034553928,17070.9,866.198,573.8346,1,2.9909,1,720.9974,466.3182,1,2.9449,1,793.5977,520.0764,2.9679,
438034557928,17074.9,856.6663,569.1521,1,3.0206,1,721.5985,469.4937,1,2.9165,1,789.1324,519.3229,2.9686,
438034561929,17078.9,853.9267,565.3729,1,3.0048,1,720.9916,462.5204,1,2.9218,1,787.4592,513.9467,2.9633,
438034565928,17082.9,860.9787,559.8563,1,3.0018,1,726.6975,444.8356,1,2.9711,1,793.8381,502.3459,2.9864,
438034569929,17086.9,857.9392,575.1691,1,2.9956,1,724.6999,454.9066,1,2.9592,1,791.3196,515.0378,2.9774,
438034573929,17090.9,844.7029,564.6299,1,2.9839,1,721.9436,458.9943,1,2.964,1,783.3233,511.8121,2.9739,
438034577929,17094.9,846.9511,572.0073,1,2.9553,1,737.1051,450.0182,1,2.961,1,792.0281,511.0127,2.9582,
438034581928,17098.9,837.437,554.3243,1,3.0278,1,727.2621,469.0839,1,2.9308,1,782.3495,511.7041,2.9793,
438034585929,17102.9,859.4464,558.5657,1,3.0069,1,712.3117,452.454,1,2.925,1,785.879,505.5099,2.966,
438034589928,17106.9,855.0009,546.4944,1,3.0266,1,718.0249,470.759,1,2.9527,1,786.5129,508.6267,2.9896,
438034593928,17110.9,854.8393,560.0028,1,3.022,1,721.1954,470.5911,1,2.9624,1,788.0173,515.2969,2.9922,
438034597928,17114.9,853.4873,561.8591,1,3.0288,1,719.7873,463.3501,1,2.9628,1,786.6373,512.6046,2.9958,
438034601928,17118.9,855.2244,566.3039,1,2.9618,1,721.3112,476.1658,1,2.9394,1,788.2678,521.2349,2.9506,
438034605927,17122.9,857.8267,563.3602,1,2.9667,1,713.5783,475.5257,1,2.9321,1,785.7025,519.4429,2.9494,
438034609928,17126.9,863.6444,556.1446,1,3.0094,1,710.9334,472.4503,1,2.9359,1,787.2889,514.2974,2.9726,
438034613927,17130.9,849.1548,559.2872,1,2.9962,1,722.3713,462.608,1,2.96,1,785.763,510.9476,2.9781,
438034617928,17134.9,856.499,580.4632,1,2.9617,1,715.3455,455.3571,1,2.9882,1,785.9222,517.9102,2.975,
438034621928,17138.9,859.8554,564.7879,1,2.9893,1,716.0643,477.2176,1,2.916,1,787.9598,521.0027,2.9527,
438034625928,17142.9,862.4852,566.9407,1,3.0101,1,733.5574,467.5311,1,2.9292,1,798.0213,517.2359,2.9696,
438034629927,17146.9,869.4285,553.7766,1,3.0376,1,720.9842,466.8757,1,2.9317,1,795.2063,510.3262,2.9846,
438034633928,17150.9,858.2023,570.0921,1,2.9681,1,714.2299,462.165,1,2.9621,1,786.2161,516.1285,2.9651,
438034637929,17154.9,860.687,574.1355,1,2.9825,1,727.896,448.399,1,2.9781,1,794.2915,511.2672,2.9803,
438034641930,17158.9,862.7082,547.6233,1,3.0237,1,716.6675,473.8,1,2.944,1,789.6879,510.7116,2.9838,
438034645930,17162.9,863.4754,576.5752,1,3.0151,1,724.1205,472.466,1,2.9342,1,793.7979,524.5206,2.9746,
438034649930,17166.9,865.0846,564.7984,1,2.983,1,720.4436,458.9353,1,2.9596,1,792.7641,511.8668,2.9713,
438034653929,17170.9,863.4014,553.0611,1,2.9919,1,729.129,477.7271,1,2.9403,1,796.2652,515.3941,2.9661,
438034657930,17174.9,865.3785,543.0006,1,3.015,1,715.7506,453.0144,1,2.9781,1,790.5646,498.0075,2.9966,
438034661929,17178.9,865.7353,533.2934,1,3.0316,1,727.2297,442.2333,1,2.985,1,796.4825,487.7634,3.0083,
438034665930,17182.9,858.5617,536.7521,1,2.9971,1,732.0129,433.2357,1,3.0183,1,795.2873,484.9939,3.0077,
438034669930,17186.9,853.5223,544.4413,1,3.0119,1,730.2485,457.2361,1,2.9216,1,791.8854,500.8387,2.9667,
438034673930,17190.9,857.4906,564.1157,1,2.9679,1,740.0214,463.7976,1,2.9596,1,798.756,513.9566,2.9638,
438034677929,17194.9,862.5198,540.8544,1,3.0648,1,716.8215,457.823,1,2.9751,1,789.6707,499.3387,3.0199,
438034681930,17198.9,869.0191,564.8755,1,3.0161,1,738.6154,468.9195,1,2.9247,1,803.8172,516.8975,2.9704,
438034685929,17202.9,859.9876,561.2591,1,2.9709,1,713.3024,475.0604,1,2.9214,1,786.645,518.1598,2.9462,
438034689930,17206.9,865.7028,558.2236,1,3.0249,1,718.0677,465.3244,1,2.9499,1,791.8853,511.774,2.9874,
438034693930,17210.9,858.7954,552.6256,1,3.0338,1,724.8756,445.6356,1,3.0075,1,791.8355,499.1306,3.0206,
438034697930,17214.9,857.3747,558.7207,1,3.0535,1,728.1845,477.2445,1,2.9099,1,792.7796,517.9826,2.9817,
438034701929,17218.9,844.5301,565.2208,1,2.9823,1,718.1055,469.7994,1,2.9402,1,781.3178,517.5101,2.9613,
438034705930,17222.9,860.0943,562.3273,1,2.9799,1,716.9477,466.8288,1,2.935,1,788.521,514.5781,2.9575,
438034709929,17226.9,865.1417,570.113,1,2.9897,1,714.9914,467.9951,1,2.9323,1,790.0666,519.054,2.961,
438034713930,17230.9,852.4635,571.5377,1,2.9795,1,729.9827,477.273,1,2.9206,1,791.2231,524.4053,2.95,
438034717930,17234.9,866.2289,563.048,1,3.0242,1,719.9106,435.2662,1,3.0183,1,793.0697,499.1571,3.0212,
438034721930,17238.9,853.803,552.0557,1,3.0127,1,711.2498,448.6909,1,2.9815,1,782.5264,500.3733,2.9971,
438034725930,17242.9,864.4646,567.902,1,2.9963,1,725.2577,472.4376,1,2.9197,1,794.8612,520.1698,2.958,
438034729929,17246.9,867.5578,575.3916,1,3.04,1,719.1996,491.7541,1,2.9561,1,793.3787,533.5728,2.998,
438034733930,17250.9,847.7961,612.0291,1,3.0157,1,731.9104,508.8567,1,2.9559,1,789.8532,560.4429,2.9858,
438034737929,17254.9,867.5436,591.9432,1,3.0807,1,728.7321,514.7171,1,2.9643,1,798.1379,553.3302,3.0225,
438034741930,17258.9,866.4212,584.4197,1,3.1048,1,739.5316,513.3767,1,2.9494,1,802.9764,548.8982,3.0271,
438034745930,17262.9,874.5973,617.0979,1,2.9891,1,739.8094,501.684,1,2.9739,1,807.2034,559.3909,2.9815,
438034749930,17266.9,872.2778,612.0062,1,3.0143,1,728.6417,527.5048,1,2.9676,1,800.4597,569.7555,2.9909,
438034753930,17270.9,884.6544,594.131,1,3.0488,1,732.0574,501.0085,1,3.0229,1,808.3559,547.5698,3.0359,
438034757929,17274.9,875.7143,611.8702,1,2.9823,1,733.907,510.8992,1,2.9403,1,804.8106,561.3847,2.9613,
438034761930,17278.9,882.6819,598.6243,1,3.0408,1,730.9388,503.8346,1,2.9933,1,806.8104,551.2295,3.0171,
438034765928,17282.9,867.7919,599.8396,1,3.0379,1,732.6409,511.3711,1,2.9615,1,800.2164,555.6053,2.9997,
438034769929,17286.9,878.1041,583.3556,1,3.0905,1,729.544,515.5816,1,2.9207,1,803.8241,549.4686,3.0056,
438034773929,17290.9,865.8529,623.9018,1,2.9787,1,744.9904,499.0301,1,3.0008,1,805.4217,561.466,2.9898,
438034777929,17294.9,883.407,604.7783,1,3.0273,1,736.5484,514.6729,1,2.9595,1,809.9777,559.7256,2.9934,
438034781928,17298.9,882.21,596.9099,1,3.0489,1,737.8852,521.0468,1,2.9454,1,810.0476,558.9783,2.9972,
438034785929,17302.9,878.9117,616.0185,1,3.0015,1,745.006,521.3729,1,2.9323,1,811.9589,568.6957,2.9669,
438034789928,17306.9,880.4799,613.9669,1,2.9949,1,747.1071,519.0413,1,2.9369,1,813.7935,566.5041,2.9659,
438034793929,17310.9,864.235,594.1962,1,3.0301,1,737.7473,505.9502,1,2.9438,1,800.9912,550.0732,2.9869,
438034797929,17314.9,871.3324,624.7656,1,2.9871,1,750.6703,516.1504,1,2.9375,1,811.0014,570.458,2.9623,
438034801929,17318.9,876.8695,620.19,1,3.0143,1,748.3451,524.8796,1,2.8893,1,812.6073,572.5348,2.9518,
438034805928,17322.9,876.9281,611.2897,1,3.0621,1,743.9497,503.3449,1,2.9895,1,810.4389,557.3173,3.0258,
438034809929,17326.9,888.7018,613.4016,1,3.0395,1,726.876,504.8846,1,2.9282,1,807.7889,559.1431,2.9839,
438034813928,17330.9,884.4146,620.6833,1,3.0138,1,744.1682,520.1041,1,2.8966,1,814.2914,570.3937,2.9552,
438034817929,17334.9,880.1235,634.9799,1,3.0113,1,738.7093,505.6313,1,2.9683,1,809.4164,570.3056,2.9898,
438034821929,17338.9,887.8138,620.0986,1,3.0471,1,738.147,514.1152,1,2.9329,1,812.9804,567.1069,2.99,
438034825929,17342.9,876.6507,628.4425,1,3.0455,1,741.0776,521.8327,1,2.9339,1,808.8641,575.1376,2.9897,
438034829928,17346.9,881.8518,626.9272,1,3.0384,1,739.0057,520.309,1,2.9597,1,810.4287,573.6181,2.999,
438034833929,17350.9,875.0176,625.6835,1,3.0266,1,741.8082,543.4007,1,2.8956,1,808.4129,584.5421,2.9611,
438034837928,17354.9,882.9057,609.616,1,3.0383,1,742.3237,529.6106,1,2.9283,1,812.6147,569.6133,2.9833,
438034841929,17358.9,878.5367,612.6897,1,3.0591,1,752.1093,513.2476,1,2.9385,1,815.323,562.9686,2.9988,
438034845929,17362.9,883.943,597.2452,1,3.0694,1,745.1872,503.5321,1,2.9969,1,814.5651,550.3886,3.0331,
438034849929,17366.9,890.0819,588.8912,1,3.0894,1,744.1001,518.16,1,2.9333,1,817.091,553.5256,3.0114,
438034853928,17370.9,880.7676,626.6075,1,3.0275,1,747.6131,509.0514,1,2.9421,1,814.1903,567.8295,2.9848,
438034857929,17374.9,885.14,601.152,1,3.0953,1,751.4565,506.142,1,2.9722,1,818.2983,553.647,3.0338,
438034861928,17378.9,876.7779,628.5309,1,3.0266,1,743.0146,521.7321,1,2.9263,1,809.8963,575.1315,2.9765,
438034865929,17382.9,895.1305,613.9872,1,3.0724,1,728.0107,514.4684,1,2.9229,1,811.5706,564.2278,2.9977,
438034869929,17386.9,882.1643,615.1283,1,3.0452,1,744.3375,518.8739,1,2.9418,1,813.2509,567.0011,2.9935,
438034873929,17390.9,872.1695,622.4537,1,2.9941,1,746.5556,523.7429,1,2.9295,1,809.3625,573.0983,2.9618,
438034877928,17394.9,885.5721,607.7758,1,3.0636,1,755.2281,532.0925,1,2.9216,1,820.4001,569.9341,2.9926,
438034881929,17398.9,877.0639,617.6313,1,3.0032,1,747.7122,514.9518,1,2.9414,1,812.388,566.2916,2.9723,
438034885928,17402.9,880.0321,618.5478,1,3.0043,1,759.4822,533.0739,1,2.9027,1,819.7571,575.8109,2.9535,
438034889929,17406.9,871.3376,627.8887,1,2.9639,1,731.7254,522.6814,1,2.9379,1,801.5315,575.285,2.9509,
438034893929,17410.9,880.7122,619.5966,1,3.0051,1,738.6999,521.6873,1,2.9293,1,809.7061,570.642,2.9672,
438034897930,17414.9,882.4408,619.6921,1,3.004,1,755.2874,511.2336,1,2.9364,1,818.8641,565.4629,2.9702,
438034901929,17418.9,874.4539,620.589,1,2.9887,1,736.5926,539.3536,1,2.9043,1,805.5232,579.9713,2.9465,
438034905930,17422.9,896.2055,607.6425,1,3.035,1,739.1002,534.3656,1,2.8857,1,817.6529,571.004,2.9603,
438034909929,17426.9,885.3311,611.7696,1,3.0013,1,737.0955,522.1457,1,2.9244,1,811.2133,566.9577,2.9629,
438034913930,17430.9,883.2224,611.1851,1,3.0302,1,760.9254,530.8845,1,2.8593,1,822.0739,571.0348,2.9447,
438034917930,17434.9,875.9036,621.2636,1,2.9927,1,745.2896,514.2061,1,2.9589,1,810.5966,567.7348,2.9758,
438034921930,17438.9,905.3016,602.9215,1,3.05,1,739.6595,515.6211,1,2.9262,1,822.4805,559.2713,2.9881,
438034925929,17442.9,873.1325,616.4221,1,2.9934,1,752.7842,494.6159,1,2.9659,1,812.9583,555.519,2.9797,
438034929929,17446.9,879.8837,624.0968,1,2.9993,1,756.0728,503.763,1,2.9524,1,817.9782,563.9299,2.9759,
438034933930,17450.9,890.4487,613.7946,1,3.0281,1,732.8248,524.2468,1,2.8649,1,811.6367,569.0207,2.9465,
438034937929,17454.9,882.8583,626.636,1,2.9742,1,741.3272,508.9283,1,2.9583,1,812.0927,567.7822,2.9662,
438034941930,17458.9,891.0579,619.4701,1,3.0124,1,749.3036,505.3413,1,2.9592,1,820.1807,562.4057,2.9858,
438034945930,17462.9,886.2122,614.5657,1,3.025,1,758.7988,512.7561,1,2.9258,1,822.5055,563.6609,2.9754,
438034949930,17466.9,890.1526,642.5854,1,2.9582,1,742.8438,519.1148,1,2.8966,1,816.4982,580.8501,2.9274,
438034953929,17470.9,895.8399,606.3186,1,3.0482,1,741.6268,505.0395,1,2.9637,1,818.7333,555.6791,3.0059,
438034957929,17474.9,880.4862,651.1727,1,2.9739,1,738.9814,527.168,1,2.9209,1,809.7338,589.1704,2.9474,
438034961929,17478.9,894.9799,624.0069,1,3.0209,1,741.517,533.5741,1,2.934,1,818.2484,578.7905,2.9775,
438034965930,17482.9,880.3814,618.3527,1,3.0279,1,744.154,520.0107,1,2.9292,1,812.2677,569.1817,2.9786,
438034969930,17486.9,889.6704,623.7258,1,2.9958,1,757.9854,533.1498,1,2.8781,1,823.8279,578.4378,2.9369,
438034973930,17490.9,882.1719,634.8543,1,2.9781,1,741.8387,505.8102,1,2.9735,1,812.0053,570.3322,2.9758,
438034977929,17494.9,883.2305,612.7769,1,3.0078,1,743.5162,520.5538,1,2.9074,1,813.3733,566.6653,2.9576,
438034981929,17498.9,897.8679,603.1631,1,3.0158,1,747.4128,525.8647,1,2.8969,1,822.6403,564.5139,2.9563,
438034985929,17502.9,885.0921,613.3209,1,3.0093,1,747.8279,517.9483,1,2.9363,1,816.46,565.6346,2.9728,
438034989930,17506.9,896.3788,624.5225,1,2.9417,1,779.6057,518.6547,1,2.9303,1,837.9922,571.5886,2.936,
438034993930,17510.9,968.6044,606.9054,1,2.9892,1,864.5782,517.0951,1,2.9204,1,916.5913,562.0002,2.9548,
438034997930,17514.9,1080.0459,624.1188,1,2.9652,1,943.4934,494.3074,1,2.9588,1,1011.7697,559.2131,2.962,
438035001929,17518.9,1137.2745,623.0036,1,2.9895,1,1013.4774,511.792,1,2.9057,1,1075.376,567.3978,2.9476,
438035005929,17522.9,1175.906,596.35,1,3.0043,1,1040.0414,505.9066,1,2.9189,1,1107.9737,551.1283,2.9616,
438035009929,17526.9,1207.0375,617.8661,1,2.9763,1,1079.6932,489.5559,1,2.9119,1,1143.3654,553.711,2.9441,
438035013930,17530.9,1195.9283,607.003,1,2.9989,1,1048.5839,478.3429,1,2.9142,1,1122.2561,542.673,2.9565,
438035017930,17534.9,1166.8492,596.3897,1,3.0422,1,1002.2884,465.5349,1,2.9192,1,1084.5688,530.9623,2.9807,
438035021930,17538.9,1139.0451,599.9813,1,3.065,1,995.065,484.5038,1,2.9033,1,1067.0551,542.2425,2.9842,
438035025929,17542.9,1149.1339,616.5392,1,3.0066,1,1030.5428,472.9055,1,2.9661,1,1089.8383,544.7223,2.9863,
438035029928,17546.9,1174.2953,605.0467,1,3.0362,1,1034.598,486.1547,1,2.9422,1,1104.4466,545.6007,2.9892,
438035033928,17550.9,1198.8218,619.8823,1,2.9527,1,1062.7572,487.6583,1,2.9141,1,1130.7895,553.7703,2.9334,
438035037929,17554.9,1199.9208,613.7873,1,2.9556,1,1052.2974,488.2772,1,2.8926,1,1126.1091,551.0323,2.9241,
438035041929,17558.9,1192.5261,629.4038,1,2.9785,1,1058.9583,487.694,1,2.9058,1,1125.7422,558.5489,2.9421,
438035045929,17562.9,1192.7046,607.2893,1,2.9853,1,1056.4756,483.101,1,2.927,1,1124.5901,545.1952,2.9561,
438035049928,17566.9,1190.0262,619.9217,1,2.9478,1,1051.4077,485.4597,1,2.9143,1,1120.717,552.6907,2.9311,
438035053928,17570.9,1185.585,586.6091,1,3.074,1,1052.6915,475.4051,1,2.919,1,1119.1383,531.0071,2.9965,
438035057928,17574.9,1182.3864,602.8804,1,3.0075,1,1041.3511,484.456,1,2.9199,1,1111.8688,543.6682,2.9637,
438035061929,17578.9,1196.1508,603.2825,1,3.0386,1,1042.4095,494.6854,1,2.9061,1,1119.2801,548.984,2.9724,
438035065928,17582.9,1197.2145,619.0088,1,2.9962,1,1042.9233,484.5755,1,2.9389,1,1120.0689,551.7922,2.9676,
438035069929,17586.9,1202.9719,597.3805,1,3.0405,1,1054.6565,491.8699,1,2.9005,1,1128.8142,544.6252,2.9705,
438035073928,17590.9,1204.7086,625.0287,1,2.9498,1,1052.3515,467.0292,1,2.9799,1,1128.53,546.0289,2.9648,
438035077928,17594.9,1198.2552,609.9142,1,3.0233,1,1041.4161,486.4393,1,2.93,1,1119.8357,548.1768,2.9767,
438035081928,17598.9,1194.8259,616.8663,1,2.9842,1,1050.0269,484.4199,1,2.9272,1,1122.4264,550.6431,2.9557,
438035085929,17602.9,1195.3736,614.6892,1,3.0008,1,1056.194,477.8421,1,2.9392,1,1125.7838,546.2657,2.97,
438035089928,17606.9,1189.6505,608.8918,1,3.0244,1,1038.1586,472.4638,1,2.9593,1,1113.9046,540.6778,2.9918,
438035093929,17610.9,1195.4148,605.7809,1,3.0169,1,1041.5021,462.776,1,3.0305,1,1118.4584,534.2784,3.0237,
438035097928,17614.9,1203.2308,600.4355,1,3.021,1,1035.0877,486.2869,1,2.9545,1,1119.1592,543.3612,2.9877,
438035101928,17618.9,1194.7028,618.0349,1,2.9839,1,1042.8678,478.5699,1,2.9502,1,1118.7853,548.3024,2.967,
438035105928,17622.9,1195.2695,613.7392,1,2.9999,1,1046.8078,502.6169,1,2.8969,1,1121.0386,558.178,2.9484,
438035109929,17626.9,1203.1739,585.6781,1,3.0519,1,1042.1808,474.9246,1,2.9583,1,1122.6774,530.3013,3.0051,
438035113928,17630.9,1200.3054,581.592,1,3.015,1,1051.2273,490.3841,1,2.9153,1,1125.7664,535.988,2.9652,
438035117929,17634.9,1193.0907,593.1813,1,2.9786,1,1036.7927,491.8067,1,2.9232,1,1114.9417,542.494,2.9509,
438035121929,17638.9,1189.1486,581.4174,1,3.0124,1,1036.5932,478.5195,1,2.9312,1,1112.8709,529.9685,2.9718,
438035125928,17642.9,1198.0013,577.071,1,3.0366,1,1033.652,480.1003,1,2.9643,1,1115.8266,528.5857,3.0005,
438035129928,17646.9,1194.1063,587.16,1,3.0267,1,1051.7936,490.6357,1,2.8841,1,1122.95,538.8978,2.9554,
438035133928,17650.9,1198.5498,593.2117,1,3.0125,1,1036.6546,493.8824,1,2.9192,1,1117.6022,543.547,2.9658,
438035137928,17654.9,1188.6463,607.5269,1,3.0149,1,1031.8433,490.4903,1,2.9491,1,1110.2448,549.0086,2.982,
438035141928,17658.9,1192.3792,607.7224,1,2.9982,1,1044.2331,495.9648,1,2.9064,1,1118.3061,551.8436,2.9523,
438035145929,17662.9,1199.4787,597.8261,1,3.056,1,1037.8638,482.982,1,2.9594,1,1118.6712,540.404,3.0077,
438035149929,17666.9,1182.3816,598.8519,1,3.0343,1,1037.7105,485.2502,1,2.9676,1,1110.0461,542.051,3.0009,
438035153928,17670.9,1195.0557,605.1015,1,3.0388,1,1039.3959,488.4358,1,2.9403,1,1117.2258,546.7686,2.9895,
438035157928,17674.9,1183.9897,599.0875,1,3.0548,1,1047.2714,494.0402,1,2.9143,1,1115.6306,546.5638,2.9845,
438035161927,17678.9,1217.2602,602.4688,1,3.0227,1,1052.5043,490.3456,1,2.9544,1,1134.8823,546.4072,2.9885,
438035165927,17682.9,1201.7435,617.8203,1,2.9896,1,1043.7104,476.5208,1,2.966,1,1122.727,547.1705,2.9778,
438035169928,17686.9,1210.07,612.1152,1,3.0099,1,1040.6805,482.4527,1,2.9272,1,1125.3753,547.284,2.9686,
438035173928,17690.9,1209.0246,610.5087,1,3.0473,1,1046.7944,460.8045,1,2.976,1,1127.9095,535.6566,3.0117,
438035177927,17694.9,1205.332,620.9041,1,3.0296,1,1050.0555,486.9747,1,2.9279,1,1127.6938,553.9394,2.9788,
438035181927,17698.9,1203.8491,627.4112,1,3.0172,1,1038.136,482.1624,1,2.9661,1,1120.9926,554.7868,2.9917,
438035185927,17702.9,1203.2516,615.0587,1,2.9744,1,1033.2394,487.2198,1,2.9684,1,1118.2455,551.1393,2.9714,
438035189927,17706.9,1214.1249,582.9723,1,3.0312,1,1041.4427,489.7478,1,2.9293,1,1127.7838,536.3601,2.9802,
438035193928,17710.9,1197.8276,609.8916,1,2.9964,1,1039.4828,478.4545,1,2.9674,1,1118.6552,544.173,2.9819,
438035197928,17714.9,1200.4793,604.1226,1,3.038,1,1041.098,467.2694,1,2.98,1,1120.7886,535.696,3.009,
438035201927,17718.9,1205.8975,612.8668,1,3.0049,1,1037.9704,470.8941,1,2.9621,1,1121.934,541.8804,2.9835,
438035205927,17722.9,1197.3491,611.3771,1,3.0181,1,1041.4437,486.8172,1,2.9257,1,1119.3964,549.0972,2.9719,
438035209928,17726.9,1200.4983,595.9494,1,3.0037,1,1036.6493,471.0074,1,2.9495,1,1118.5738,533.4784,2.9766,
438035213928,17730.9,1204.5572,594.6422,1,3.0722,1,1048.1575,480.2468,1,2.9024,1,1126.3573,537.4445,2.9873,
438035217929,17734.9,1194.5748,616.4786,1,2.9673,1,1047.7661,479.9481,1,2.9579,1,1121.1705,548.2134,2.9626,
438035221929,17738.9,1184.5064,610.1684,1,3.0008,1,1045.6542,480.8566,1,2.9473,1,1115.0803,545.5125,2.974,
438035225928,17742.9,1195.6435,586.8658,1,3.0636,1,1052.7413,479.7261,1,2.9757,1,1124.1924,533.296,3.0196,
438035229928,17746.9,1198.4825,602.0141,1,3.0444,1,1041.2699,484.3819,1,2.9836,1,1119.8762,543.198,3.014,
438035233928,17750.9,1191.5192,589.1187,1,3.0315,1,1046.8255,489.8777,1,2.9401,1,1119.1724,539.4982,2.9858,
438035237928,17754.9,1191.4188,583.0092,1,3.0299,1,1048.4691,496.9057,1,2.9266,1,1119.9439,539.9574,2.9783,
438035241928,17758.9,1186.456,597.7716,1,3.0285,1,1058.7096,479.4014,1,2.9529,1,1122.5828,538.5865,2.9907,
438035245928,17762.9,1189.3152,585.7514,1,3.0598,1,1056.4476,480.262,1,2.9216,1,1122.8814,533.0067,2.9907,
438035249927,17766.9,1184.6769,587.0227,1,3.0219,1,1049.8127,488.0173,1,2.9263,1,1117.2448,537.52,2.9741,
438035253927,17770.9,1189.2563,595.7133,1,2.9798,1,1053.9043,481.4755,1,2.9581,1,1121.5803,538.5944,2.9689,
438035257927,17774.9,1191.7022,586.5664,1,3.012,1,1044.6952,472.2206,1,2.9443,1,1118.1987,529.3935,2.9782,
438035261927,17778.9,1195.0975,597.129,1,2.9767,1,1052.6062,486.5819,1,2.9196,1,1123.8518,541.8554,2.9482,
438035265928,17782.9,1187.5578,586.6211,1,2.9768,1,1052.993,470.6093,1,2.9357,1,1120.2754,528.6152,2.9563,
438035269928,17786.9,1200.8826,594.0455,1,2.9979,1,1038.8888,482.0911,1,2.9197,1,1119.8857,538.0683,2.9588,
438035273927,17790.9,1190.5404,571.0405,1,3.0231,1,1043.3822,482.0014,1,2.9379,1,1116.9613,526.521,2.9805,
438035277927,17794.9,1187.676,581.2561,1,3.0215,1,1051.6814,479.4341,1,2.912,1,1119.6787,530.3451,2.9667,
438035281927,17798.9,1183.3582,599.2217,1,2.983,1,1051.8566,504.4565,1,2.8423,1,1117.6074,551.8391,2.9126,
438035285927,17802.9,1199.8513,587.8926,1,3.017,1,1042.4665,491.6355,1,2.897,1,1121.1589,539.764,2.957,
438035289927,17806.9,1196.7968,571.9392,1,3.02,1,1028.7698,477.351,1,2.945,1,1112.7833,524.6451,2.9825,
438035293926,17810.9,1193.1761,589.2636,1,2.9891,1,1038.344,492.6355,1,2.9201,1,1115.76,540.9495,2.9546,
438035297926,17814.9,1192.2449,581.2724,1,3.013,1,1042.557,475.0739,1,2.9492,1,1117.401,528.1731,2.9811,
438035301926,17818.9,1202.915,585.2894,1,2.9941,1,1062.3458,490.3832,1,2.9053,1,1132.6304,537.8363,2.9497,
438035305926,17822.9,1205.8161,579.2627,1,2.9972,1,1055.3363,483.6767,1,2.9264,1,1130.5762,531.4697,2.9618,
438035309926,17826.9,1193.9825,581.0457,1,2.9723,1,1046.8435,485.3339,1,2.9225,1,1120.413,533.1898,2.9474,
438035313927,17830.9,1162.3081,595.3091,1,2.9942,1,1022.9672,485.5239,1,2.9162,1,1092.6377,540.4165,2.9552,
438035317926,17834.9,1079.212,613.3113,1,2.9556,1,974.2817,489.4093,1,2.9811,1,1026.7468,551.3603,2.9684,
438035321926,17838.9,972.9857,626.2112,1,2.9824,1,865.7718,492.1152,1,2.948,1,919.3787,559.1632,2.9652,
438035325926,17842.9,881.9126,610.7434,1,3.021,1,787.1407,509.0913,1,2.9637,1,834.5266,559.9173,2.9923,
438035329926,17846.9,841.9888,638.0927,1,3.0148,1,739.8057,513.3169,1,2.9734,1,790.8973,575.7048,2.9941,
438035333926,17850.9,822.723,627.7299,1,3.0252,1,720.6363,535.7087,1,2.9088,1,771.6797,581.7193,2.967,
438035337926,17854.9,869.6171,615.2446,1,3.0221,1,724.2206,545.5679,1,2.8582,1,796.9188,580.4063,2.9402,
438035341927,17858.9,903.2743,613.6183,1,2.953,1,731.58,513.0354,1,2.9141,1,817.4272,563.3268,2.9336,
438035345926,17862.9,906.5971,607.1946,1,2.9708,1,740.6746,499.1905,1,2.9601,1,823.6358,553.1926,2.9654,
438035349926,17866.9,901.2705,610.56,1,2.9888,1,747.2208,515.5062,1,2.9199,1,824.2456,563.0331,2.9544,
438035353926,17870.9,856.1099,624.3535,1,2.9808,1,735.0755,507.5154,1,2.9344,1,795.5927,565.9344,2.9576,
438035357926,17874.9,847.7723,612.7167,1,3.0113,1,711.5168,533.364,1,2.8779,1,779.6445,573.0403,2.9446,
438035361926,17878.9,840.0483,604.1278,1,3.0225,1,701.0387,513.1866,1,2.9044,1,770.5435,558.6572,2.9635,
438035365927,17882.9,831.3684,612.5638,1,2.9784,1,705.0743,536.4056,1,2.8851,1,768.2213,574.4847,2.9318,
438035369926,17886.9,851.3242,619.7673,1,3.0018,1,717.5868,515.4119,1,2.9199,1,784.4555,567.5896,2.9608,
438035373926,17890.9,856.2155,616.2451,1,2.9583,1,712.3758,520.6626,1,2.9284,1,784.2957,568.4538,2.9434,
438035377926,17894.9,855.7424,629.196,1,2.9933,1,711.8612,530.5312,1,2.8567,1,783.8018,579.8636,2.925,
438035381926,17898.9,854.7525,626.5633,1,2.9314,1,709.3306,494.8807,1,2.986,1,782.0415,560.722,2.9587,
438035385926,17902.9,850.4302,623.8207,1,2.9557,1,700.7227,508.4556,1,2.9378,1,775.5765,566.1382,2.9468,
438035389927,17906.9,859.9246,594.4523,1,3.0099,1,714.2564,537.5841,1,2.8747,1,787.0905,566.0182,2.9423,
438035393926,17910.9,865.4923,601.3796,1,2.9558,1,716.9446,527.7172,1,2.8917,1,791.2185,564.5484,2.9238,
438035397926,17914.9,860.9287,589.1957,1,2.97,1,723.5818,524.9778,1,2.9138,1,792.2553,557.0867,2.9419,
438035401926,17918.9,858.4696,609.3379,1,2.9482,1,713.5506,520.9037,1,2.9103,1,786.0101,565.1208,2.9293,
438035405926,17922.9,867.0396,609.9071,1,2.955,1,722.9002,509.8827,1,2.9035,1,794.9699,559.8949,2.9292,
438035409926,17926.9,870.0465,607.8612,1,2.9608,1,708.9986,507.1493,1,2.9038,1,789.5226,557.5052,2.9323,
438035413927,17930.9,868.4468,631.1556,1,2.9325,1,714.4171,500.7291,1,2.9296,1,791.4319,565.9423,2.9311,
438035417926,17934.9,871.3425,617.5754,1,2.9637,1,716.2055,503.7487,1,2.9129,1,793.774,560.662,2.9383,
438035421928,17938.9,864.5645,610.6252,1,2.964,1,711.123,518.5558,1,2.8874,1,787.8438,564.5905,2.9257,
438035425928,17942.9,864.6354,626.8095,1,2.9222,1,700.532,510.5744,1,2.9101,1,782.5837,568.692,2.9162,
438035429928,17946.9,855.1333,624.1536,1,2.9264,1,714.6977,532.0302,1,2.8108,1,784.9155,578.0919,2.8686,
438035433928,17950.9,858.2023,648.6752,1,2.8909,1,716.9531,508.4147,1,2.9117,1,787.5777,578.545,2.9013,
438035437929,17954.9,853.8367,630.8227,1,2.912,1,721.67,527.1475,1,2.8539,1,787.7533,578.9851,2.8829,
438035441928,17958.9,847.8511,621.4795,1,2.937,1,723.5734,517.7083,1,2.8849,1,785.7122,569.5939,2.9109,
438035445928,17962.9,864.6909,617.4826,1,2.9419,1,715.5997,525.9716,1,2.8315,1,790.1453,571.7271,2.8867,
438035449928,17966.9,863.3513,612.8169,1,2.9599,1,716.0349,520.0485,1,2.875,1,789.6931,566.4327,2.9175,
438035453928,17970.9,857.529,620.7868,1,2.9322,1,718.6767,517.6359,1,2.8479,1,788.1029,569.2114,2.8901,
438035457928,17974.9,844.5507,620.5771,1,2.8889,1,709.3271,518.4769,1,2.8739,1,776.9389,569.527,2.8814,
438035461929,17978.9,847.1179,632.2094,1,2.8737,1,720.5569,531.184,1,2.8519,1,783.8374,581.6967,2.8628,
438035465928,17982.9,862.6989,632.2405,1,2.8836,1,722.0651,517.0832,1,2.8504,1,792.382,574.6619,2.867,
438035469928,17986.9,860.0722,620.0197,1,2.8972,1,726.7834,534.732,1,2.8142,1,793.4278,577.3758,2.8557,
438035473929,17990.9,859.4398,601.788,1,2.932,1,712.2874,516.7638,1,2.8821,1,785.8636,559.2759,2.9071,
438035477929,17994.9,852.317,615.2003,1,2.8895,1,703.9226,513.6955,1,2.8816,1,778.1198,564.4479,2.8856,
438035481929,17998.9,868.3769,591.9492,1,2.9331,1,722.4275,538.6379,1,2.8538,1,795.4022,565.2935,2.8934,
438035485930,18002.9,851.6373,608.6786,1,2.8824,1,711.3315,522.6738,1,2.8964,1,781.4844,565.6762,2.8894,
438035489929,18006.9,853.9502,613.0071,1,2.9057,1,723.8801,523.8906,1,2.8081,1,788.9152,568.4489,2.8569,
438035493929,18010.9,855.3966,590.2484,1,2.9458,1,723.0189,535.7919,1,2.8448,1,789.2077,563.0201,2.8953,
438035497929,18014.9,859.9551,599.876,1,2.9182,1,727.2569,519.6227,1,2.8533,1,793.606,559.7494,2.8857,
438035501929,18018.9,864.5342,597.6612,1,2.9048,1,712.853,514.3666,1,2.8886,1,788.6936,556.0139,2.8967,
438035505929,18022.9,869.616,609.5907,1,2.9056,1,716.1162,530.5218,1,2.8561,1,792.8661,570.0563,2.8808,
438035509930,18026.9,858.4076,630.0997,1,2.8348,1,724.2093,530.9275,1,2.8419,1,791.3085,580.5136,2.8384,
438035513929,18030.9,852.295,599.0747,1,2.9096,1,712.9314,534.6941,1,2.8195,1,782.6132,566.8844,2.8646,
438035517929,18034.9,856.9605,635.8504,1,2.8061,1,731.9369,513.0092,1,2.8362,1,794.4487,574.4298,2.8211,
438035521929,18038.9,858.0251,629.604,1,2.8472,1,735.309,533.4632,1,2.8132,1,796.667,581.5336,2.8302,
438035525929,18042.9,860.5548,610.0081,1,2.895,1,722.731,521.3269,1,2.8373,1,791.6429,565.6675,2.8662,
438035529929,18046.9,860.8501,618.2095,1,2.831,1,710.5014,510.0507,1,2.8642,1,785.6758,564.1301,2.8476,
438035533929,18050.9,879.4504,599.9994,1,2.8822,1,712.3355,514.6435,1,2.867,1,795.893,557.3214,2.8746,
438035537930,18054.9,866.163,601.3927,1,2.8722,1,725.8295,532.1058,1,2.8071,1,795.9963,566.7492,2.8397,
438035541929,18058.9,864.5796,583.5649,1,2.935,1,732.377,534.2359,1,2.8296,1,798.4783,558.9004,2.8823,
438035545929,18062.9,865.6915,591.0028,1,2.9438,1,728.9349,556.8239,1,2.7729,1,797.3132,573.9133,2.8584,
438035549929,18066.9,865.6269,610.8763,1,2.861,1,734.3426,523.6912,1,2.8501,1,799.9848,567.2837,2.8556,
438035553929,18070.9,874.4814,616.458,1,2.8877,1,722.6284,526.5007,1,2.8055,1,798.5549,571.4794,2.8466,
438035557929,18074.9,869.4156,625.6162,1,2.8487,1,730.7437,519.9483,1,2.8117,1,800.0797,572.7822,2.8302,
438035561929,18078.9,862.8979,639.4398,1,2.8378,1,721.8,501.3551,1,2.8589,1,792.3489,570.3975,2.8484,
438035565929,18082.9,864.4216,608.8047,1,2.9254,1,721.8913,527.2071,1,2.7341,1,793.1565,568.0059,2.8297,
438035569928,18086.9,875.4064,626.4836,1,2.8478,1,711.1635,520.1387,1,2.7976,1,793.2849,573.3111,2.8227,
438035573928,18090.9,868.6684,603.143,1,2.8769,1,724.1121,503.4785,1,2.8326,1,796.3903,553.3107,2.8547,
438035577928,18094.9,860.8133,603.5403,1,2.8258,1,705.476,530.2234,1,2.7584,1,783.1446,566.8819,2.7921,
438035581928,18098.9,842.1664,636.2128,1,2.7731,1,720.4373,530.8363,1,2.8131,1,781.3019,583.5245,2.7931,
438035585928,18102.9,865.6618,613.7532,1,2.8865,1,729.8318,509.1366,1,2.8534,1,797.7468,561.4449,2.87,
438035589929,18106.9,867.3727,610.9503,1,2.8899,1,740.6241,528.1639,1,2.7855,1,803.9984,569.5571,2.8377,
438035593928,18110.9,909.1246,630.9307,1,2.8225,1,763.2804,506.9473,1,2.7938,1,836.2025,568.939,2.8081,
438035597928,18114.9,987.6874,604.3944,1,2.9088,1,849.2619,514.6204,1,2.7958,1,918.4746,559.5074,2.8523,
438035601928,18118.9,1023.2581,619.9142,1,2.8689,1,893.6679,491.7624,1,2.8252,1,958.463,555.8383,2.8471,
438035605928,18122.9,1043.6904,622.4137,1,2.8272,1,911.549,510.0976,1,2.7962,1,977.6197,566.2557,2.8117,
438035609928,18126.9,1035.2828,603.0333,1,2.8606,1,897.6917,486.8964,1,2.807,1,966.4872,544.9649,2.8338,
438035613929,18130.9,1027.1658,606.8313,1,2.9274,1,877.2837,501.7548,1,2.8055,1,952.2248,554.2931,2.8664,
438035617928,18134.9,1009.4286,598.4089,1,2.8998,1,872.5554,495.1323,1,2.7828,1,940.992,546.7706,2.8413,
438035621928,18138.9,1010.8361,619.332,1,2.8421,1,866.791,496.9859,1,2.7889,1,938.8136,558.1589,2.8155,
438035625928,18142.9,1024.7083,588.1103,1,2.8792,1,896.8899,498.1919,1,2.7755,1,960.7991,543.1511,2.8274,
438035629928,18146.9,1028.1778,604.2154,1,2.8795,1,898.3261,469.6466,1,2.8295,1,963.252,536.931,2.8545,
438035633928,18150.9,1038.5382,622.2774,1,2.8295,1,904.978,504.8304,1,2.7351,1,971.7581,563.5539,2.7823,
438035637929,18154.9,1038.0337,620.8431,1,2.8328,1,902.9701,499.1946,1,2.7537,1,970.5019,560.0189,2.7932,
438035641928,18158.9,1018.1239,603.9028,1,2.8831,1,917.7461,501.1526,1,2.7903,1,967.935,552.5277,2.8367,
438035645928,18162.9,1027.299,632.9517,1,2.8243,1,899.8228,498.5261,1,2.7826,1,963.5609,565.7389,2.8035,
438035649928,18166.9,1032.3247,608.0587,1,2.8642,1,900.1662,480.7882,1,2.8436,1,966.2454,544.4234,2.8539,
438035653928,18170.9,1047.7922,627.7165,1,2.817,1,893.4456,493.1412,1,2.8301,1,970.6189,560.4288,2.8235,
438035657928,18174.9,1028.4004,611.5012,1,2.8615,1,900.3956,485.4989,1,2.7926,1,964.398,548.5001,2.8271,
438035661929,18178.9,1021.6898,619.3614,1,2.828,1,896.6305,499.7353,1,2.8046,1,959.1601,559.5484,2.8163,
438035665928,18182.9,1019.5036,613.0398,1,2.8204,1,893.6878,486.3551,1,2.7986,1,956.5957,549.6975,2.8095,
438035669928,18186.9,1028.8735,605.8977,1,2.8885,1,889.1777,504.0201,1,2.7859,1,959.0256,554.9589,2.8372,
438035673928,18190.9,1034.7404,620.1887,1,2.8055,1,902.4361,499.8026,1,2.7564,1,968.5883,559.9957,2.7809,
438035677928,18194.9,1022.1613,591.1165,1,2.8494,1,901.4507,495.7845,1,2.7879,1,961.806,543.4505,2.8187,
438035681928,18198.9,1036.419,613.3406,1,2.8078,1,908.5691,514.5466,1,2.7537,1,972.494,563.9436,2.7807,
438035685927,18202.9,1034.0643,609.3275,1,2.8208,1,903.7554,494.798,1,2.7925,1,968.9099,552.0628,2.8067,
438035689926,18206.9,1036.3007,615.6983,1,2.8183,1,900.8719,498.119,1,2.792,1,968.5863,556.9086,2.8051,
438035693926,18210.9,1034.547,604.7911,1,2.8137,1,897.5174,494.0296,1,2.808,1,966.0322,549.4103,2.8109,
438035697926,18214.9,1031.5275,583.9503,1,2.8569,1,899.3629,486.1201,1,2.8162,1,965.4452,535.0352,2.8366,
438035701926,18218.9,1039.1359,588.2875,1,2.8479,1,895.4718,486.298,1,2.8258,1,967.3038,537.2928,2.8368,
438035705926,18222.9,1031.566,609.632,1,2.8331,1,889.771,486.6317,1,2.8088,1,960.6685,548.1318,2.821,
438035709927,18226.9,1041.6013,570.317,1,2.8787,1,901.0902,500.3573,1,2.7576,1,971.3457,535.3371,2.8182,
438035713926,18230.9,1030.0529,580.1054,1,2.866,1,894.7174,479.0462,1,2.8328,1,962.3851,529.5758,2.8494,
438035717926,18234.9,1021.6306,594.2764,1,2.8515,1,888.8307,490.8375,1,2.8113,1,955.2306,542.557,2.8314,
438035721926,18238.9,1021.7749,593.7199,1,2.8531,1,902.0065,516.4456,1,2.7451,1,961.8907,555.0828,2.7991,
438035725926,18242.9,1031.7629,598.8297,1,2.8389,1,905.3088,509.3433,1,2.7538,1,968.5359,554.0865,2.7964,
438035729926,18246.9,1027.1318,608.0942,1,2.8274,1,892.9004,488.4039,1,2.83,1,960.0161,548.249,2.8287,
438035733926,18250.9,1039.8905,595.4024,1,2.8935,1,899.5099,514.7353,1,2.7569,1,969.7002,555.0689,2.8252,
438035737927,18254.9,1041.6171,602.0824,1,2.8605,1,888.9253,499.3662,1,2.7985,1,965.2712,550.7243,2.8295,
438035741926,18258.9,1031.4466,595.4875,1,2.8806,1,896.469,501.0353,1,2.7788,1,963.9578,548.2614,2.8297,
438035745926,18262.9,1035.22,627.0357,1,2.8146,1,899.6281,517.3395,1,2.7344,1,967.424,572.1876,2.7745,
438035749926,18266.9,1034.717,605.4839,1,2.8484,1,903.8644,510.7088,1,2.7496,1,969.2907,558.0963,2.799,
438035753926,18270.9,1036.6786,586.0986,1,2.8994,1,912.1372,504.4448,1,2.7664,1,974.4079,545.2717,2.8329,
438035757926,18274.9,1033.5772,618.4903,1,2.8165,1,903.8556,519.8399,1,2.7418,1,968.7164,569.1651,2.7792,
438035761927,18278.9,1033.7519,599.7281,1,2.8956,1,896.1904,497.0201,1,2.8199,1,964.9712,548.3741,2.8577,
438035765926,18282.9,1027.5365,603.797,1,2.8866,1,905.2781,509.7904,1,2.7999,1,966.4073,556.7937,2.8432,
438035769926,18286.9,1036.2511,618.5589,1,2.8407,1,913.8098,498.1914,1,2.8124,1,975.0304,558.3751,2.8265,
438035773926,18290.9,1039.9849,621.1749,1,2.8496,1,891.0053,478.9928,1,2.863,1,965.4951,550.0839,2.8563,
438035777926,18294.9,1033.9288,595.5023,1,2.9248,1,899.8953,492.6846,1,2.8343,1,966.9121,544.0935,2.8796,
438035781926,18298.9,1035.3389,618.2619,1,2.8364,1,909.8131,511.5596,1,2.7749,1,972.576,564.9108,2.8056,
438035785927,18302.9,1027.5975,621.818,1,2.8634,1,879.8621,503.2137,1,2.8194,1,953.7298,562.5158,2.8414,
438035789926,18306.9,1036.3574,624.9619,1,2.8234,1,905.3221,514.1053,1,2.7654,1,970.8397,569.5336,2.7944,
438035793926,18310.9,1016.4629,614.2885,1,2.8315,1,900.8778,499.9222,1,2.7771,1,958.6703,557.1054,2.8043,
438035797926,18314.9,1040.2946,608.2987,1,2.8884,1,887.7341,492.4879,1,2.8209,1,964.0143,550.3933,2.8546,
438035801926,18318.9,1032.5497,609.5536,1,2.8698,1,895.0905,510.6289,1,2.8221,1,963.8201,560.0913,2.846,
438035805926,18322.9,1036.4607,629.7161,1,2.8443,1,901.4802,496.9284,1,2.7918,1,968.9705,563.3222,2.818,
438035809927,18326.9,1028.9682,593.3816,1,2.9041,1,913.4625,496.4054,1,2.803,1,971.2153,544.8935,2.8536,
438035813926,18330.9,1037.0126,601.1645,1,2.9028,1,915.4138,502.1022,1,2.8136,1,976.2132,551.6334,2.8582,
438035817927,18334.9,1032.8822,629.656,1,2.8504,1,898.6194,505.8377,1,2.7973,1,965.7508,567.7469,2.8238,
438035821927,18338.9,1038.025,608.2173,1,2.8867,1,896.7941,510.0256,1,2.8221,1,967.4096,559.1215,2.8544,
438035825927,18342.9,1048.4585,612.7721,1,2.8485,1,900.6608,503.0406,1,2.8186,1,974.5597,557.9063,2.8336,
438035829927,18346.9,1039.3469,633.1501,1,2.8076,1,892.2416,500.3789,1,2.8294,1,965.7943,566.7645,2.8185,
438035833928,18350.9,1037.566,630.0878,1,2.8516,1,909.5153,500.3486,1,2.8259,1,973.5406,565.2182,2.8388,
438035837927,18354.9,1041.7819,621.1387,1,2.8846,1,895.759,510.0247,1,2.7723,1,968.7704,565.5817,2.8284,
438035841927,18358.9,1041.6806,611.7512,1,2.8378,1,897.373,501.2385,1,2.8143,1,969.5268,556.4948,2.8261,
438035845927,18362.9,1036.5698,590.5508,1,2.9279,1,908.4772,506.5163,1,2.8018,1,972.5235,548.5336,2.8649,
438035849927,18366.9,1028.5583,610.4068,1,2.8401,1,895.1501,509.0101,1,2.7932,1,961.8542,559.7084,2.8167,
438035853927,18370.9,1029.9944,605.642,1,2.9232,1,878.0094,516.5272,1,2.7792,1,954.0019,561.0846,2.8512,
438035857928,18374.9,1029.2657,618.7373,1,2.839,1,900.8557,507.8623,1,2.7526,1,965.0607,563.2998,2.7958,
438035861927,18378.9,1011.9586,604.9605,1,2.8741,1,879.3662,498.474,1,2.791,1,945.6624,551.7173,2.8326,
438035865927,18382.9,946.7511,577.824,1,2.8965,1,831.2813,484.1625,1,2.864,1,889.0162,530.9932,2.8803,
438035869927,18386.9,891.2557,582.8369,1,2.8838,1,763.8617,493.1391,1,2.8178,1,827.5587,537.988,2.8508,
438035873927,18390.9,858.6483,574.6827,1,2.9194,1,732.0369,492.3014,1,2.7922,1,795.3426,533.4921,2.8558,
438035877927,18394.9,859.445,570.2527,1,2.8646,1,739.8869,469.7574,1,2.8271,1,799.6659,520.0051,2.8459,
438035881928,18398.9,910.1904,568.9771,1,2.8644,1,751.4306,481.7184,1,2.7882,1,830.8105,525.3478,2.8263,
438035885927,18402.9,944.4999,558.5162,1,2.8842,1,777.6114,469.5603,1,2.812,1,861.0556,514.0383,2.8481,
438035889926,18406.9,935.8261,577.6139,1,2.883,1,771.979,495.9209,1,2.7948,1,853.9026,536.7674,2.8389,
438035893926,18410.9,915.1158,578.3478,1,2.8617,1,776.4358,486.866,1,2.7864,1,845.7758,532.6069,2.824,
438035897926,18414.9,903.6263,572.6903,1,2.8961,1,759.6375,497.4045,1,2.7824,1,831.6319,535.0474,2.8393,
438035901926,18418.9,893.9881,600.2675,1,2.8163,1,746.9031,473.99,1,2.8517,1,820.4456,537.1288,2.834,
438035905927,18422.9,880.0929,576.0564,1,2.8996,1,760.9329,480.6389,1,2.8046,1,820.5129,528.3476,2.8521,
438035909926,18426.9,900.4713,608.234,1,2.8135,1,752.4051,492.5697,1,2.8013,1,826.4382,550.4018,2.8074,
438035913926,18430.9,890.729,598.2761,1,2.8133,1,763.8844,488.1474,1,2.8309,1,827.3067,543.2118,2.8221,
438035917926,18434.9,882.5653,594.2267,1,2.805,1,746.2391,494.7403,1,2.7847,1,814.4022,544.4835,2.7948,
438035921926,18438.9,910.2805,576.688,1,2.8851,1,753.4829,486.3146,1,2.7899,1,831.8817,531.5013,2.8375,
438035925926,18442.9,895.9249,570.9771,1,2.8912,1,763.3542,498.2494,1,2.7905,1,829.6395,534.6133,2.8408,
438035929926,18446.9,912.6311,559.0003,1,2.9465,1,758.4688,488.5037,1,2.8303,1,835.55,523.752,2.8884,
438035933927,18450.9,898.5982,599.0615,1,2.7876,1,759.6247,519.0044,1,2.7038,1,829.1115,559.033,2.7457,
438035937926,18454.9,892.4901,562.1354,1,2.9286,1,746.869,512.0197,1,2.7257,1,819.6795,537.0775,2.8272,
438035941926,18458.9,893.5951,591.1837,1,2.8401,1,753.5505,478.4509,1,2.8059,1,823.5728,534.8173,2.823,
438035945926,18462.9,911.45,559.5485,1,2.9213,1,759.5634,477.6187,1,2.8403,1,835.5067,518.5836,2.8808,
438035949926,18466.9,902.2534,579.1749,1,2.8734,1,760.4208,475.7058,1,2.8392,1,831.3371,527.4403,2.8563,
438035953926,18470.9,901.4093,577.4878,1,2.8296,1,754.7365,485.1987,1,2.8038,1,828.0729,531.3432,2.8167,
438035957926,18474.9,902.5329,561.6604,1,2.9184,1,765.7788,484.1169,1,2.7746,1,834.1558,522.8886,2.8465,
438035961927,18478.9,904.3102,568.6264,1,2.8932,1,762.3914,469.1257,1,2.8473,1,833.3508,518.876,2.8703,
438035965926,18482.9,901.6631,592.2064,1,2.8316,1,749.3393,482.9151,1,2.7977,1,825.5012,537.5607,2.8146,
438035969926,18486.9,910.4768,560.3992,1,2.88,1,766.3166,501.0143,1,2.7572,1,838.3967,530.7067,2.8186,
438035973926,18490.9,902.4509,546.3196,1,2.9461,1,761.6086,490.0502,1,2.808,1,832.0298,518.1849,2.877,
438035977926,18494.9,919.4931,562.9402,1,2.8938,1,763.6639,517.3661,1,2.6808,1,841.5785,540.1532,2.7873,
438035981926,18498.9,906.0794,580.3317,1,2.8257,1,762.0194,473.3615,1,2.805,1,834.0494,526.8466,2.8154,
438035985927,18502.9,898.3534,556.831,1,2.9038,1,761.726,486.6534,1,2.7959,1,830.0397,521.7422,2.8498,
438035989926,18506.9,910.2243,559.2429,1,2.8936,1,752.128,488.5443,1,2.7694,1,831.1761,523.8936,2.8315,
438035993926,18510.9,893.352,569.2782,1,2.8456,1,749.1902,492.3743,1,2.7757,1,821.2711,530.8263,2.8106,
438035997926,18514.9,894.9861,568.8252,1,2.8721,1,764.7031,490.213,1,2.7688,1,829.8446,529.5191,2.8204,
438036001926,18518.9,892.1852,570.2442,1,2.8655,1,757.6368,482.179,1,2.7692,1,824.911,526.2116,2.8174,
438036005926,18522.9,901.4832,572.7879,1,2.8693,1,760.4253,496.4746,1,2.7621,1,830.9542,534.6312,2.8157,
438036009927,18526.9,913.3493,572.1902,1,2.8681,1,755.0453,467.3304,1,2.8054,1,834.1973,519.7603,2.8368,
438036013926,18530.9,902.7261,578.7598,1,2.84,1,767.6945,478.9263,1,2.7753,1,835.2103,528.8431,2.8077,
438036017926,18534.9,896.7379,581.8873,1,2.8141,1,759.9434,484.008,1,2.7762,1,828.3406,532.9477,2.7952,
438036021926,18538.9,901.3571,575.4132,1,2.8545,1,757.7089,500.997,1,2.7644,1,829.533,538.2051,2.8095,
438036025926,18542.9,904.2617,562.48,1,2.9015,1,761.403,501.3532,1,2.7647,1,832.8323,531.9166,2.8331,
438036029926,18546.9,898.3519,561.4031,1,2.8894,1,756.7954,485.1703,1,2.7758,1,827.5737,523.2867,2.8326,
438036033927,18550.9,915.2351,553.9429,1,2.896,1,770.624,486.0008,1,2.814,1,842.9295,519.9719,2.855,
438036037926,18554.9,891.6325,555.3126,1,2.9077,1,758.8274,472.1236,1,2.8091,1,825.2299,513.7181,2.8584,
438036041926,18558.9,906.1229,571.8352,1,2.8733,1,754.1422,476.5707,1,2.7723,1,830.1326,524.203,2.8228,
438036045926,18562.9,906.8528,575.4056,1,2.882,1,748.2988,498.0323,1,2.7605,1,827.5758,536.7189,2.8213,
438036049926,18566.9,891.834,579.5491,1,2.8523,1,753.2354,474.9097,1,2.8351,1,822.5347,527.2294,2.8437,
438036053926,18570.9,906.2922,573.4569,1,2.8911,1,755.6525,470.8682,1,2.8408,1,830.9724,522.1626,2.866,
438036057927,18574.9,910.4132,582.7594,1,2.9001,1,767.9947,487.663,1,2.81,1,839.2039,535.2112,2.8551,
438036061926,18578.9,916.8277,570.7754,1,2.9256,1,764.0534,506.5472,1,2.7279,1,840.4405,538.6613,2.8268,
438036065926,18582.9,896.0172,572.8769,1,2.8759,1,770.843,498.4923,1,2.7735,1,833.4301,535.6846,2.8247,
438036069926,18586.9,911.7721,588.202,1,2.8722,1,775.9409,499.5545,1,2.7822,1,843.8565,543.8782,2.8272,
438036073926,18590.9,912.3676,595.7937,1,2.8796,1,768.1733,482.1357,1,2.7964,1,840.2704,538.9647,2.838,
438036077925,18594.9,905.2066,585.5514,1,2.8618,1,759.2916,502.1059,1,2.8034,1,832.2491,543.8286,2.8326,
438036081926,18598.9,901.6892,596.6618,1,2.8428,1,762.7358,480.2826,1,2.8358,1,832.2125,538.4722,2.8393,
438036085925,18602.9,903.2826,599.9335,1,2.8455,1,764.4962,504.8169,1,2.7527,1,833.8894,552.3752,2.7991,
438036089925,18606.9,910.7814,575.8186,1,2.9004,1,770.265,476.8052,1,2.7874,1,840.5232,526.3119,2.8439,
438036093925,18610.9,902.096,592.2959,1,2.8571,1,757.2434,509.806,1,2.7422,1,829.6697,551.051,2.7996,
438036097925,18614.9,908.7197,568.0696,1,2.8936,1,768.2536,480.1609,1,2.8256,1,838.4866,524.1152,2.8596,
438036101925,18618.9,914.4783,575.86,1,2.9082,1,769.527,478.5486,1,2.8173,1,842.0027,527.2043,2.8628,
438036105926,18622.9,910.8719,584.0689,1,2.8464,1,750.0403,486.6743,1,2.7841,1,830.4561,535.3716,2.8152,
438036109925,18626.9,917.354,556.4448,1,2.9144,1,765.3139,493.7259,1,2.7875,1,841.3339,525.0853,2.851,
438036113925,18630.9,910.3704,560.8513,1,2.9066,1,762.5439,494.355,1,2.7776,1,836.4572,527.6032,2.8421,
438036117925,18634.9,906.2401,561.3502,1,2.9103,1,782.1304,488.9917,1,2.7715,1,844.1852,525.171,2.8409,
438036121925,18638.9,902.622,565.1409,1,2.9149,1,778.4453,499.6658,1,2.7828,1,840.5336,532.4034,2.8488,
438036125925,18642.9,908.5704,590.4974,1,2.8367,1,765.1983,505.6459,1,2.7606,1,836.8843,548.0716,2.7986,
438036129926,18646.9,906.7994,576.9803,1,2.9293,1,768.2004,501.0051,1,2.8075,1,837.4999,538.9927,2.8684,
438036133926,18650.9,900.8514,585.0529,1,2.8901,1,765.4778,489.8164,1,2.7854,1,833.1646,537.4346,2.8378,
438036137925,18654.9,914.1251,568.1913,1,2.9427,1,756.4033,516.2674,1,2.7682,1,835.2642,542.2293,2.8554,
438036141925,18658.9,912.759,566.0824,1,2.9237,1,753.3687,492.5859,1,2.8301,1,833.0638,529.3342,2.8769,
438036145925,18662.9,895.9608,594.0305,1,2.8656,1,759.9897,508.5258,1,2.7802,1,827.9752,551.2782,2.8229,
438036149925,18666.9,911.534,578.8954,1,2.8988,1,765.4303,483.3475,1,2.8678,1,838.4822,531.1214,2.8833,
438036153925,18670.9,910.2886,581.9672,1,2.924,1,772.182,502.6774,1,2.8002,1,841.2353,542.3223,2.8621,
438036157926,18674.9,907.9031,573.6966,1,2.9127,1,759.0688,483.3978,1,2.8425,1,833.4859,528.5472,2.8776,
438036161926,18678.9,904.9722,590.3873,1,2.8839,1,756.1595,508.6257,1,2.7681,1,830.5658,549.5065,2.826,
438036165925,18682.9,918.7969,576.9786,1,2.8935,1,756.504,481.5176,1,2.771,1,837.6504,529.2481,2.8323,
438036169925,18686.9,934.6753,618.6002,1,2.96,1,757.6939,530.4767,1,2.7774,1,846.1846,574.5384,2.8687,
438036173925,18690.9,,,0,,0,753.9671,444.2458,1,2.741,1,753.9671,444.2458,2.741,
438036177925,18694.9,,,0,,0,,,0,,0,,,,
438036181926,18698.9,,,0,,0,,,0,,0,,,,
438036185926,18702.9,,,0,,0,,,0,,0,,,,
438036189925,18706.9,,,0,,0,,,0,,0,,,,
438036193926,18710.9,,,0,,0,,,0,,0,,,,
438036197925,18714.9,,,0,,0,,,0,,0,,,,
438036201926,18718.9,,,0,,0,,,0,,0,,,,
438036205925,18722.9,,,0,,0,,,0,,0,,,,
438036209927,18726.9,,,0,,0,,,0,,0,,,,
438036213926,18730.9,,,0,,0,,,0,,0,,,,
438036217925,18734.9,,,0,,0,,,0,,0,,,,
438036221926,18738.9,,,0,,0,,,0,,0,,,,
438036225933,18742.9,,,0,,0,,,0,,0,,,,
438036229933,18746.9,,,0,,0,,,0,,0,,,,
438036233933,18750.9,,,0,,0,,,0,,0,,,,
438036237933,18754.9,,,0,,0,,,0,,0,,,,
438036241933,18758.9,,,0,,0,,,0,,0,,,,
438036245933,18762.9,,,0,,0,,,0,,0,,,,
438036249933,18766.9,,,0,,0,,,0,,0,,,,
438036253933,18770.9,,,0,,0,,,0,,0,,,,
438036257933,18774.9,,,0,,0,,,0,,0,,,,
438036261926,18778.9,,,0,,0,,,0,,0,,,,
438036265926,18782.9,,,0,,0,,,0,,0,,,,
438036269925,18786.9,,,0,,0,,,0,,0,,,,
438036273933,18790.9,,,0,,0,,,0,,0,,,,
438036277926,18794.9,,,0,,0,,,0,,0,,,,
438036281933,18798.9,,,0,,0,,,0,,0,,,,
438036285924,18802.9,,,0,,0,,,0,,0,,,,
438036289924,18806.9,,,0,,0,1730.0008,150.0299,1,1.7131,1,1730.0008,150.0299,1.7131,
438036293924,18810.9,,,0,,0,819.3405,177.3394,1,1.8037,1,819.3405,177.3394,1.8037,
438036297924,18814.9,,,0,,0,,,0,,0,,,,
438036301924,18818.9,,,0,,0,,,0,,0,,,,
438036305925,18822.9,,,0,,0,,,0,,0,,,,
438036309925,18826.9,,,0,,0,,,0,,0,,,,
438036313925,18830.9,,,0,,0,,,0,,0,,,,
438036317925,18834.9,,,0,,0,,,0,,0,,,,
438036321925,18838.9,,,0,,0,,,0,,0,,,,
438036325925,18842.9,,,0,,0,809.3334,363.3869,1,2.6772,1,809.3334,363.3869,2.6772,
438036329924,18846.9,,,0,,0,783.0355,361.2285,1,2.8431,1,783.0355,361.2285,2.8431,
438036333924,18850.9,,,0,,0,807.0471,414.8201,1,2.8172,1,807.0471,414.8201,2.8172,
438036337922,18854.9,964.9232,474.6869,1,2.8375,1,820.0282,487.5988,1,2.7552,1,892.4757,481.1428,2.7963,
438036341922,18858.9,969.1489,519.9493,1,2.9049,1,814.2801,512.2978,1,2.7633,1,891.7145,516.1235,2.8341,
438036345923,18862.9,952.3239,600.0492,1,2.8103,1,791.5382,511.9225,1,2.8341,1,871.931,555.9859,2.8222,
438036349924,18866.9,955.2461,615.0871,1,2.8869,1,817.617,576.3123,1,2.7091,1,886.4316,595.6997,2.798,
438036353924,18870.9,959.2478,625.0093,1,2.9285,1,791.8521,528.282,1,2.7519,1,875.55,576.6456,2.8402,
438036357924,18874.9,965.5534,656.5375,1,2.9144,1,808.9498,504.2774,1,2.8397,1,887.2516,580.4074,2.8771,
438036361923,18878.9,962.0304,679.4136,1,2.8455,1,802.772,497.5667,1,2.7251,1,882.4012,588.4901,2.7853,
438036365923,18882.9,967.4934,594.5875,1,2.9014,1,804.6005,462.7107,1,2.7952,1,886.0469,528.6491,2.8483,
438036369924,18886.9,952.2322,600.8611,1,2.836,1,802.3097,500.623,1,2.6927,1,877.2709,550.742,2.7644,
438036373924,18890.9,952.3421,581.0052,1,2.8477,1,804.5412,465.8688,1,2.7926,1,878.4417,523.437,2.8202,
438036377924,18894.9,953.6739,569.9146,1,2.8912,1,802.1545,493.9675,1,2.7351,1,877.9142,531.941,2.8131,
438036381924,18898.9,956.9231,565.8321,1,2.8905,1,805.3205,494.7494,1,2.7295,1,881.1218,530.2907,2.81,
438036385924,18902.9,962.6905,584.3187,1,2.8331,1,807.8587,490.1649,1,2.7659,1,885.2746,537.2418,2.7995,
438036389923,18906.9,954.0006,568.4592,1,2.927,1,804.7493,495.8336,1,2.7855,1,879.3749,532.1464,2.8563,
438036393923,18910.9,962.7522,588.7166,1,2.8646,1,812.7292,507.8339,1,2.7469,1,887.7407,548.2753,2.8057,
438036397923,18914.9,953.1445,566.7632,1,2.9203,1,807.317,496.033,1,2.7538,1,880.2308,531.3981,2.837,
438036401924,18918.9,965.7473,581.3694,1,2.8951,1,823.7872,490.3044,1,2.8247,1,894.7673,535.8369,2.8599,
438036405923,18922.9,958.2626,569.9354,1,2.9072,1,805.9758,492.7305,1,2.7906,1,882.1192,531.3329,2.8489,
438036409923,18926.9,945.216,581.4372,1,2.8791,1,823.5568,513.3417,1,2.7269,1,884.3864,547.3894,2.803,
438036413924,18930.9,963.8207,565.5162,1,2.9518,1,810.659,497.4342,1,2.8056,1,887.2398,531.4752,2.8787,
438036417923,18934.9,964.9246,594.0282,1,2.9104,1,807.7731,489.8661,1,2.7963,1,886.3489,541.9471,2.8534,
438036421924,18938.9,950.049,584.6053,1,2.8853,1,799.4219,477.7339,1,2.8254,1,874.7355,531.1696,2.8553,
438036425923,18942.9,953.7216,586.6938,1,2.9304,1,813.0485,494.9363,1,2.8015,1,883.385,540.8151,2.8659,
438036429924,18946.9,963.8813,590.562,1,2.9055,1,813.3999,500.0769,1,2.8031,1,888.6406,545.3194,2.8543,
438036433923,18950.9,952.4104,599.2149,1,2.8859,1,830.8777,486.1539,1,2.8133,1,891.644,542.6844,2.8496,
438036437923,18954.9,958.4024,574.3929,1,2.9761,1,812.3262,491.1495,1,2.8527,1,885.3643,532.7712,2.9144,
438036441924,18958.9,967.4382,592.5716,1,2.9614,1,800.8942,487.5333,1,2.7939,1,884.1662,540.0524,2.8776,
438036445924,18962.9,968.2228,590.0943,1,2.9413,1,802.3495,479.8779,1,2.8711,1,885.2861,534.9861,2.9062,
438036449924,18966.9,966.2636,617.3383,1,2.8803,1,812.0563,506.217,1,2.7891,1,889.16,561.7776,2.8347,
438036453923,18970.9,951.0504,601.0479,1,2.9126,1,818.5083,491.5178,1,2.8124,1,884.7794,546.2829,2.8625,
438036457924,18974.9,958.7207,594.2377,1,2.9399,1,815.694,474.5703,1,2.8428,1,887.2073,534.404,2.8913,
438036461924,18978.9,963.1625,598.5519,1,2.918,1,806.6691,476.7802,1,2.8466,1,884.9158,537.666,2.8823,
438036465923,18982.9,959.5444,610.1834,1,2.9478,1,817.0835,470.8855,1,2.8558,1,888.314,540.5345,2.9018,
438036469925,18986.9,971.6651,605.1386,1,2.9295,1,818.79,510.7374,1,2.761,1,895.2275,557.938,2.8452,
438036473926,18990.9,961.3369,624.6266,1,2.8916,1,822.1905,489.01,1,2.8387,1,891.7637,556.8183,2.8652,
438036477926,18994.9,964.3,620.6126,1,2.8816,1,813.5328,490.4502,1,2.8148,1,888.9164,555.5314,2.8482,
438036481925,18998.9,952.9499,610.2964,1,2.9195,1,827.2448,486.2119,1,2.8463,1,890.0973,548.2542,2.8829,
438036485925,19002.9,951.6107,612.0866,1,2.9155,1,809.1966,470.2677,1,2.8917,1,880.4037,541.1772,2.9036,
438036489925,19006.9,948.2802,615.5251,1,2.9527,1,826.1802,504.7038,1,2.7806,1,887.2302,560.1144,2.8667,
438036493925,19010.9,962.3195,613.9784,1,2.9534,1,813.7847,502.4182,1,2.8242,1,888.0521,558.1983,2.8888,
438036497925,19014.9,947.5978,613.7062,1,2.9165,1,817.2433,518.739,1,2.7915,1,882.4206,566.2226,2.854,
438036501926,19018.9,962.8708,588.6312,1,2.9912,1,808.6208,495.7259,1,2.8383,1,885.7458,542.1785,2.9148,
438036505925,19022.9,955.3032,625.5328,1,2.9209,1,818.652,476.5671,1,2.9052,1,886.9776,551.05,2.9131,
438036509925,19026.9,967.4324,606.1813,1,2.9788,1,793.7427,492.6323,1,2.8861,1,880.5875,549.4068,2.9325,
438036513926,19030.9,966.287,597.6798,1,2.9855,1,793.9873,490.4672,1,2.8705,1,880.1372,544.0735,2.928,
438036517925,19034.9,949.9053,631.3711,1,2.9218,1,808.1343,490.2019,1,2.8647,1,879.0198,560.7865,2.8933,
438036521925,19038.9,948.5905,624.5639,1,2.8923,1,804.5824,486.5174,1,2.8871,1,876.5864,555.5406,2.8897,
438036525925,19042.9,973.3239,607.057,1,2.9668,1,804.465,494.9239,1,2.8847,1,888.8944,550.9905,2.9257,
438036529925,19046.9,958.3941,620.3345,1,2.9336,1,821.0589,508.6797,1,2.8621,1,889.7265,564.5071,2.8979,
438036533926,19050.9,955.9291,605.4964,1,2.9366,1,815.6384,523.6833,1,2.8305,1,885.7838,564.5899,2.8835,
438036537924,19054.9,957.3259,621.104,1,2.9306,1,811.8077,494.1491,1,2.9162,1,884.5668,557.6265,2.9234,
438036541925,19058.9,972.8682,600.8671,1,2.9747,1,823.7262,501.4624,1,2.8766,1,898.2972,551.1648,2.9257,
438036545924,19062.9,966.0631,619.3642,1,2.9354,1,802.169,519.0467,1,2.843,1,884.1161,569.2055,2.8892,
438036549924,19066.9,976.7578,588.4126,1,3.02,1,814.3718,516.8989,1,2.8308,1,895.5648,552.6557,2.9254,
438036553924,19070.9,965.5592,573.8789,1,3.0347,1,816.1129,509.0521,1,2.849,1,890.836,541.4655,2.9418,
438036557924,19074.9,975.6973,590.696,1,3.016,1,817.0185,525.6426,1,2.8374,1,896.3579,558.1693,2.9267,
438036561925,19078.9,967.9582,608.2621,1,2.9861,1,816.4001,502.5104,1,2.8697,1,892.1791,555.3863,2.9279,
438036565924,19082.9,968.0902,609.1526,1,2.9436,1,803.4258,493.5895,1,2.9059,1,885.758,551.371,2.9248,
438036569925,19086.9,963.186,617.5039,1,2.947,1,802.9792,483.8717,1,2.9174,1,883.0826,550.6878,2.9322,
438036573924,19090.9,969.1612,590.4759,1,3.0009,1,822.6171,509.9658,1,2.8382,1,895.8891,550.2209,2.9195,
438036577924,19094.9,962.279,595.7755,1,2.986,1,815.7275,499.2788,1,2.8879,1,889.0032,547.5271,2.937,
438036581924,19098.9,962.417,604.7169,1,3.0256,1,805.2559,490.9098,1,2.9194,1,883.8364,547.8133,2.9725,
438036585925,19102.9,956.6957,635.6017,1,2.9718,1,815.6992,492.2532,1,2.9124,1,886.1975,563.9275,2.9421,
438036589924,19106.9,958.2386,626.6105,1,2.9649,1,811.9197,515.2546,1,2.8673,1,885.0792,570.9326,2.9161,
438036593925,19110.9,953.0372,608.9155,1,3.0416,1,814.4325,521.1623,1,2.8357,1,883.7349,565.0389,2.9387,
438036597924,19114.9,976.2395,614.1497,1,3.0082,1,799.6433,513.9523,1,2.8455,1,887.9414,564.051,2.9268,
438036601922,19118.9,973.884,599.1782,1,3.0518,1,816.0445,531.6309,1,2.8233,1,894.9642,565.4045,2.9375,
438036605923,19122.9,953.9647,625.0382,1,2.9664,1,812.9265,514.0325,1,2.8527,1,883.4456,569.5353,2.9096,
438036609923,19126.9,963.1565,602.6117,1,3.0027,1,812.6708,515.809,1,2.8952,1,887.9137,559.2104,2.949,
438036613922,19130.9,966.4433,631.036,1,2.9819,1,815.0776,506.2928,1,2.8855,1,890.7604,568.6644,2.9337,
438036617923,19134.9,964.0907,630.6014,1,2.9713,1,810.2109,488.3128,1,2.9337,1,887.1508,559.4571,2.9525,
438036621922,19138.9,961.1834,615.4603,1,2.9819,1,812.331,510.2594,1,2.8319,1,886.7572,562.8598,2.9069,
438036625922,19142.9,965.786,608.9875,1,2.9951,1,815.7426,500.6016,1,2.8892,1,890.7643,554.7945,2.9421,
438036629923,19146.9,949.0525,623.9299,1,2.9903,1,815.2755,508.1356,1,2.8646,1,882.164,566.0327,2.9274,
438036633923,19150.9,956.4903,612.1984,1,2.9901,1,816.2022,503.9356,1,2.8634,1,886.3463,558.067,2.9267,
438036637923,19154.9,960.5062,612.5003,1,2.9659,1,817.8049,498.2543,1,2.8749,1,889.1555,555.3773,2.9204,
438036641923,19158.9,972.9422,593.2635,1,3.029,1,811.2263,500.871,1,2.8755,1,892.0843,547.0672,2.9522,
438036645922,19162.9,970.0794,604.2432,1,3.0025,1,816.3579,500.6448,1,2.8853,1,893.2187,552.444,2.9439,
438036649922,19166.9,973.103,594.8301,1,2.9632,1,813.1284,518.6639,1,2.8426,1,893.1157,556.747,2.9029,
438036653923,19170.9,963.5233,622.7998,1,2.9223,1,808.0435,520.5839,1,2.8064,1,885.7834,571.6918,2.8643,
438036657923,19174.9,978.3561,601.787,1,2.9873,1,818.7496,530.7394,1,2.8243,1,898.5528,566.2632,2.9058,
438036661923,19178.9,971.1677,603.4801,1,2.9375,1,818.4286,509.4484,1,2.8694,1,894.7982,556.4642,2.9035,
438036665923,19182.9,968.0228,606.9054,1,2.9619,1,809.8878,509.7927,1,2.8506,1,888.9553,558.3491,2.9062,
438036669922,19186.9,958.2187,622.6766,1,2.9309,1,823.4888,518.8607,1,2.8113,1,890.8538,570.7687,2.8711,
438036673922,19190.9,965.9096,609.4687,1,2.9472,1,813.6903,521.2205,1,2.7643,1,889.7999,565.3446,2.8558,
438036677923,19194.9,968.6489,601.7311,1,2.986,1,816.0843,519.4034,1,2.7864,1,892.3666,560.5672,2.8862,
438036681923,19198.9,963.5756,592.768,1,2.9972,1,823.8884,498.7402,1,2.8409,1,893.732,545.7541,2.919,
438036685923,19202.9,980.2612,604.3445,1,2.9527,1,829.1671,491.735,1,2.886,1,904.7141,548.0397,2.9193,
438036689923,19206.9,969.422,603.5045,1,2.9758,1,830.9268,518.2796,1,2.779,1,900.1744,560.8921,2.8774,
438036693922,19210.9,968.7521,617.6954,1,2.9296,1,821.0239,504.5061,1,2.8425,1,894.888,561.1008,2.8861,
438036697922,19214.9,965.3392,611.0884,1,2.9237,1,819.2544,519.2661,1,2.7851,1,892.2968,565.1773,2.8544,
438036701923,19218.9,962.6093,610.1788,1,2.9174,1,829.3341,511.1411,1,2.7906,1,895.9717,560.66,2.854,
438036705923,19222.9,965.5441,602.1933,1,2.9345,1,827.305,492.7619,1,2.8854,1,896.4246,547.4776,2.9099,
438036709923,19226.9,960.752,601.9303,1,2.9486,1,814.198,515.3251,1,2.7603,1,887.475,558.6277,2.8545,
438036713923,19230.9,972.5363,602.5323,1,2.9057,1,825.9998,517.312,1,2.7861,1,899.2681,559.9222,2.8459,
438036717922,19234.9,966.4764,623.4773,1,2.8573,1,831.8131,507.7487,1,2.8042,1,899.1448,565.613,2.8307,
438036721922,19238.9,966.8978,603.3474,1,2.9198,1,819.3841,521.0449,1,2.7851,1,893.141,562.1961,2.8525,
438036725922,19242.9,980.7172,613.3645,1,2.8889,1,824.8368,529.0001,1,2.73,1,902.777,571.1823,2.8095,
438036729925,19246.9,985.2096,610.1207,1,2.935,1,823.9515,529.9086,1,2.734,1,904.5806,570.0147,2.8345,
438036733925,19250.9,985.8222,614.0111,1,2.8972,1,821.02,532.453,1,2.7512,1,903.4211,573.2321,2.8242,
438036737925,19254.9,968.217,612.9688,1,2.9067,1,825.4545,508.516,1,2.7873,1,896.8357,560.7424,2.847,
438036741925,19258.9,951.4651,633.9677,1,2.8439,1,821.8283,499.7027,1,2.8262,1,886.6467,566.8352,2.835,
438036745924,19262.9,965.7592,619.3921,1,2.8879,1,819.4639,503.2096,1,2.8278,1,892.6116,561.3009,2.8578,
438036749924,19266.9,964.0905,622.7613,1,2.8879,1,828.7674,524.2347,1,2.7187,1,896.4289,573.498,2.8033,
438036753924,19270.9,978.9803,613.4618,1,2.9197,1,833.8389,519.9484,1,2.776,1,906.4096,566.7051,2.8478,
438036757925,19274.9,961.0904,633.1885,1,2.8449,1,825.8869,507.2635,1,2.7903,1,893.4887,570.226,2.8176,
438036761925,19278.9,969.5823,608.9099,1,2.9488,1,825.8419,515.7882,1,2.7889,1,897.7121,562.349,2.8688,
438036765925,19282.9,963.1602,637.1863,1,2.8323,1,821.0731,529.4544,1,2.7619,1,892.1166,583.3204,2.7971,
438036769925,19286.9,970.0548,646.8292,1,2.8402,1,820.4958,525.1351,1,2.7834,1,895.2753,585.9822,2.8118,
438036773924,19290.9,967.7926,603.6515,1,2.9241,1,830.2853,520.5129,1,2.7675,1,899.039,562.0822,2.8458,
438036777924,19294.9,976.9429,608.3851,1,2.9441,1,820.2505,504.7579,1,2.8237,1,898.5967,556.5715,2.8839,
438036781924,19298.9,959.9654,627.1151,1,2.8332,1,834.4601,534.9147,1,2.7386,1,897.2128,581.0149,2.7859,
438036785924,19302.9,970.8735,609.6374,1,2.8896,1,813.6147,506.5438,1,2.7629,1,892.2441,558.0906,2.8262,
438036789925,19306.9,964.9717,613.2027,1,2.8608,1,827.6628,526.9035,1,2.7551,1,896.3172,570.0531,2.808,
438036793924,19310.9,979.4924,612.2685,1,2.852,1,823.5713,497.3773,1,2.823,1,901.5318,554.8229,2.8375,
438036797924,19314.9,974.5741,591.4953,1,2.933,1,824.2097,512.948,1,2.7955,1,899.3919,552.2217,2.8643,
438036801924,19318.9,964.5384,589.7052,1,2.8991,1,819.4888,515.1712,1,2.7384,1,892.0136,552.4382,2.8188,
438036805924,19322.9,972.3185,584.6701,1,2.9343,1,827.7739,512.4547,1,2.7655,1,900.0462,548.5624,2.8499,
438036809924,19326.9,979.9695,601.809,1,2.8521,1,820.6714,523.393,1,2.7546,1,900.3204,562.601,2.8033,
438036813925,19330.9,973.9239,621.1735,1,2.8454,1,840.147,533.8342,1,2.7688,1,907.0355,577.5038,2.8071,
438036817924,19334.9,991.9074,644.7244,1,2.8549,1,848.3711,560.535,1,2.7456,1,920.1392,602.6297,2.8003,
438036821924,19338.9,981.4376,670.2628,1,2.7929,1,852.4177,562.5463,1,2.7422,1,916.9277,616.4046,2.7676,
438036825924,19342.9,972.1638,656.8626,1,2.8447,1,855.0155,556.5709,1,2.7645,1,913.5897,606.7168,2.8046,
438036829924,19346.9,985.5183,667.5892,1,2.7998,1,836.7004,550.4398,1,2.7698,1,911.1093,609.0145,2.7848,
438036833924,19350.9,983.0736,660.244,1,2.8305,1,843.7095,544.954,1,2.7598,1,913.3915,602.599,2.7952,
438036837925,19354.9,987.1016,643.7718,1,2.8715,1,837.9902,544.2931,1,2.7788,1,912.5459,594.0325,2.8252,
438036841924,19358.9,976.7801,632.5222,1,2.8707,1,842.6134,545.7505,1,2.7536,1,909.6968,589.1364,2.8122,
438036845924,19362.9,982.9792,642.6494,1,2.8638,1,850.1711,557.4986,1,2.7206,1,916.5751,600.074,2.7922,
438036849924,19366.9,989.6592,665.6518,1,2.8195,1,848.1782,549.7189,1,2.7364,1,918.9187,607.6853,2.778,
438036853924,19370.9,994.9572,661.7443,1,2.8633,1,850.7567,545.5924,1,2.7683,1,922.857,603.6683,2.8158,
438036857924,19374.9,986.2146,682.8005,1,2.8291,1,849.6602,536.3102,1,2.8018,1,917.9374,609.5554,2.8154,
438036861924,19378.9,990.8502,668.1338,1,2.8577,1,840.3382,560.0109,1,2.7932,1,915.5942,614.0724,2.8255,
438036865923,19382.9,994.4198,643.4761,1,2.9299,1,832.0219,544.5774,1,2.7788,1,913.2209,594.0268,2.8544,
438036869923,19386.9,989.3835,682.2505,1,2.8091,1,849.1288,569.5379,1,2.7136,1,919.2562,625.8942,2.7614,
438036873923,19390.9,999.1902,655.4139,1,2.9022,1,857.5324,554.4891,1,2.7788,1,928.3613,604.9515,2.8405,
438036877923,19394.9,998.4079,677.7766,1,2.8206,1,840.0173,566.525,1,2.767,1,919.2126,622.1508,2.7938,
438036881923,19398.9,983.7564,671.8843,1,2.8203,1,839.3209,541.6521,1,2.8331,1,911.5387,606.7682,2.8267,
438036885924,19402.9,991.2024,677.9523,1,2.8168,1,854.3945,555.4762,1,2.777,1,922.7985,616.7142,2.7969,
438036889923,19406.9,984.8227,655.8507,1,2.8188,1,865.2897,559.6961,1,2.8017,1,925.0562,607.7734,2.8102,
438036893923,19410.9,1001.7427,658.9218,1,2.8623,1,848.0486,570.0027,1,2.7801,1,924.8956,614.4622,2.8212,
438036897924,19414.9,990.3407,652.8685,1,2.8538,1,840.19,580.6296,1,2.7561,1,915.2653,616.7491,2.805,
438036901923,19418.9,999.9394,645.0446,1,2.8519,1,853.1149,570.7925,1,2.732,1,926.5272,607.9186,2.792,
438036905923,19422.9,987.2761,634.0357,1,2.9031,1,861.4913,572.7634,1,2.7721,1,924.3837,603.3995,2.8376,
438036909924,19426.9,985.3241,664.1236,1,2.8065,1,845.1711,573.696,1,2.7438,1,915.2476,618.9098,2.7752,
438036913923,19430.9,1000.6734,654.0288,1,2.8266,1,854.6576,583.5433,1,2.7314,1,927.6655,618.786,2.779,
438036917923,19434.9,1001.2807,664.8757,1,2.8022,1,844.9352,564.7258,1,2.7828,1,923.1079,614.8008,2.7925,
438036921924,19438.9,991.3786,661.708,1,2.8406,1,848.2071,575.2976,1,2.7691,1,919.7928,618.5028,2.8048,
438036925924,19442.9,1004.91,651.8218,1,2.8714,1,844.0413,550.0247,1,2.8197,1,924.4757,600.9233,2.8455,
438036929923,19446.9,983.5665,665.6417,1,2.8247,1,860.8527,568.0266,1,2.7838,1,922.2096,616.8342,2.8043,
438036933923,19450.9,980.1781,654.0365,1,2.8393,1,865.8162,573.2497,1,2.7435,1,922.9971,613.6431,2.7914,
438036937924,19454.9,989.0829,664.6085,1,2.8203,1,858.1606,576.5089,1,2.7647,1,923.6217,620.5587,2.7925,
438036941923,19458.9,983.5407,664.981,1,2.8098,1,859.4893,573.1007,1,2.7844,1,921.515,619.0409,2.7971,
438036945923,19462.9,995.0171,666.9655,1,2.8201,1,855.0723,562.1293,1,2.7925,1,925.0447,614.5474,2.8063,
438036949924,19466.9,999.0761,660.9196,1,2.8423,1,850.9317,577.914,1,2.7581,1,925.0039,619.4168,2.8002,
438036953924,19470.9,990.2372,677.5601,1,2.8171,1,848.6788,583.0728,1,2.7609,1,919.458,630.3165,2.789,
438036957924,19474.9,996.7227,670.8257,1,2.8122,1,841.2702,532.7914,1,2.8905,1,918.9964,601.8086,2.8513,
438036961923,19478.9,980.34,664.9827,1,2.8328,1,856.3618,559.8302,1,2.7791,1,918.3509,612.4064,2.8059,
438036965924,19482.9,994.9844,650.3863,1,2.8783,1,862.6767,559.4748,1,2.834,1,928.8305,604.9306,2.8562,
438036969923,19486.9,991.687,660.54,1,2.8199,1,858.611,570.6563,1,2.7867,1,925.149,615.5982,2.8033,
438036973923,19490.9,998.5253,672.9659,1,2.808,1,850.8272,565.8006,1,2.808,1,924.6762,619.3833,2.808,
438036977924,19494.9,991.6516,647.9119,1,2.8578,1,853.0576,572.4963,1,2.7549,1,922.3546,610.2041,2.8063,
438036981923,19498.9,996.5176,687.8267,1,2.7908,1,863.4604,569.4301,1,2.7817,1,929.989,628.6284,2.7862,
438036985923,19502.9,996.6554,684.5979,1,2.7865,1,847.0043,567.802,1,2.7983,1,921.8299,626.2,2.7924,
438036989923,19506.9,1005.4276,655.8555,1,2.8346,1,849.7902,556.824,1,2.7967,1,927.6089,606.3397,2.8157,
438036993921,19510.9,1005.5881,663.5508,1,2.8637,1,848.893,561.565,1,2.7742,1,927.2405,612.5579,2.8189,
438036997921,19514.9,1009.0279,641.9202,1,2.9039,1,852.664,579.5206,1,2.7542,1,930.8459,610.7204,2.8291,
438037001922,19518.9,992.7388,653.8601,1,2.878,1,852.0337,550.6127,1,2.8291,1,922.3863,602.2364,2.8535,
438037005921,19522.9,998.4153,675.9221,1,2.8664,1,853.2251,587.4787,1,2.7221,1,925.8202,631.7004,2.7943,
438037009922,19526.9,1002.1829,676.779,1,2.8305,1,853.6121,565.7145,1,2.7733,1,927.8975,621.2467,2.8019,
438037013921,19530.9,993.5224,695.7299,1,2.8221,1,862.277,570.0271,1,2.7652,1,927.8997,632.8785,2.7937,
438037017921,19534.9,1001.0485,678.2498,1,2.8498,1,851.9675,552.2924,1,2.8004,1,926.508,615.2711,2.8251,
438037021922,19538.9,1004.4189,671.3428,1,2.8193,1,846.7698,570.0103,1,2.7445,1,925.5943,620.6765,2.7819,
438037025922,19542.9,999.1645,665.5111,1,2.8167,1,850.8679,562.0176,1,2.7651,1,925.0162,613.7643,2.7909,
438037029921,19546.9,999.2905,675.5611,1,2.8384,1,860.2123,578.5061,1,2.728,1,929.7514,627.0336,2.7832,
438037033922,19550.9,992.9279,652.0196,1,2.8981,1,837.3125,564.799,1,2.7517,1,915.1202,608.4093,2.8249,
438037037921,19554.9,1002.345,686.3922,1,2.8034,1,844.9979,567.609,1,2.7811,1,923.6714,627.0006,2.7923,
438037041921,19558.9,1006.5313,663.9104,1,2.8676,1,855.305,556.1638,1,2.7741,1,930.9182,610.0371,2.8208,
438037045922,19562.9,989.9664,675.563,1,2.8136,1,855.2172,550.7055,1,2.8115,1,922.5918,613.1343,2.8125,
438037049922,19566.9,982.87,671.2953,1,2.7939,1,866.6264,571.6982,1,2.7708,1,924.7482,621.4967,2.7823,
438037053920,19570.9,990.867,662.9843,1,2.8275,1,864.6737,561.9696,1,2.7877,1,927.7704,612.4769,2.8076,
438037057921,19574.9,996.3112,643.2909,1,2.8799,1,855.4312,554.5371,1,2.8299,1,925.8712,598.914,2.8549,
438037061920,19578.9,1005.6322,677.4424,1,2.8171,1,865.2886,590.2713,1,2.7537,1,935.4604,633.8569,2.7854,
438037065921,19582.9,1008.1245,670.5114,1,2.8216,1,868.6072,558.1985,1,2.7956,1,938.3658,614.355,2.8086,
438037069922,19586.9,989.8053,672.2927,1,2.8271,1,863.0831,567.7387,1,2.7477,1,926.4442,620.0157,2.7874,
438037073922,19590.9,1009.9591,668.3285,1,2.8193,1,874.2249,538.6942,1,2.8271,1,942.092,603.5114,2.8232,
438037077921,19594.9,998.0814,664.8567,1,2.8633,1,864.5452,544.964,1,2.8112,1,931.3133,604.9104,2.8373,
438037081922,19598.9,1012.6117,664.7861,1,2.8241,1,857.6531,549.0598,1,2.8062,1,935.1324,606.923,2.8152,
438037085920,19602.9,996.3797,689.3609,1,2.8439,1,853.7046,569.2714,1,2.7497,1,925.0422,629.3162,2.7968,
438037089921,19606.9,1001.7541,637.5071,1,2.912,1,862.5996,568.6656,1,2.8054,1,932.1769,603.0863,2.8587,
438037093922,19610.9,998.6121,667.3048,1,2.8692,1,861.1509,551.7146,1,2.7975,1,929.8815,609.5097,2.8333,
438037097922,19614.9,997.9455,655.136,1,2.8714,1,873.7149,561.3137,1,2.7771,1,935.8302,608.2249,2.8242,
438037101921,19618.9,995.4459,677.1232,1,2.8444,1,862.0881,549.8533,1,2.8118,1,928.767,613.4883,2.8281,
438037105922,19622.9,1007.7991,674.6966,1,2.8883,1,860.7797,559.9212,1,2.7944,1,934.2894,617.3089,2.8414,
438037109921,19626.9,999.394,675.9133,1,2.8524,1,862.4457,579.8228,1,2.7391,1,930.9198,627.868,2.7957,
438037113920,19630.9,1008.7793,666.6164,1,2.9029,1,865.1646,580.8036,1,2.7554,1,936.9719,623.71,2.8292,
438037117922,19634.9,1008.9689,683.3675,1,2.8726,1,859.573,581.735,1,2.7541,1,934.271,632.5512,2.8134,
438037121923,19638.9,1023.7152,662.6611,1,2.8823,1,860.3775,561.5756,1,2.7802,1,942.0463,612.1183,2.8312,
438037125923,19642.9,1030.7942,654.0404,1,2.8952,1,845.3737,545.6652,1,2.8313,1,938.0839,599.8528,2.8633,
438037129922,19646.9,1007.674,665.5733,1,2.8663,1,858.0191,555.7123,1,2.8075,1,932.8466,610.6428,2.8369,
438037133923,19650.9,1008.947,663.6589,1,2.8869,1,854.7296,540.6819,1,2.8118,1,931.8383,602.1704,2.8493,
438037137922,19654.9,1009.9594,666.8071,1,2.8109,1,863.3855,541.4013,1,2.8169,1,936.6724,604.1042,2.8139,
438037141922,19658.9,999.9503,651.7097,1,2.8359,1,860.7988,547.1303,1,2.7791,1,930.3745,599.42,2.8075,
438037145923,19662.9,1012.5072,672.2654,1,2.7958,1,865.7699,543.0282,1,2.7799,1,939.1385,607.6468,2.7878,
438037149923,19666.9,1011.4541,645.4179,1,2.8937,1,869.0163,542.9983,1,2.8082,1,940.2352,594.2081,2.851,
438037153923,19670.9,1019.6241,671.3149,1,2.8201,1,869.5033,520.3072,1,2.8729,1,944.5637,595.8111,2.8465,
438037157922,19674.9,1002.4386,664.5716,1,2.8354,1,861.4763,559.9312,1,2.7826,1,931.9574,612.2514,2.809,
438037161923,19678.9,1003.4502,647.3583,1,2.899,1,874.5249,530.7027,1,2.8323,1,938.9876,589.0305,2.8656,
438037165922,19682.9,997.7134,655.7137,1,2.8611,1,871.9609,544.4379,1,2.8164,1,934.8372,600.0758,2.8387,
438037169922,19686.9,1004.2296,656.0848,1,2.8743,1,874.0197,550.344,1,2.7966,1,939.1246,603.2144,2.8354,
438037173923,19690.9,995.5569,663.7993,1,2.856,1,873.8875,566.6541,1,2.7653,1,934.7222,615.2267,2.8106,
438037177923,19694.9,1013.4297,647.8982,1,2.9146,1,864.8198,549.8871,1,2.8111,1,939.1247,598.8927,2.8628,
438037181923,19698.9,1013.3479,667.4271,1,2.8351,1,874.1473,580.0331,1,2.7349,1,943.7476,623.7301,2.785,
438037185921,19702.9,1006.9342,666.6888,1,2.8562,1,877.0289,554.3227,1,2.8026,1,941.9815,610.5057,2.8294,
438037189921,19706.9,999.9693,663.6157,1,2.8596,1,880.8243,538.1659,1,2.8546,1,940.3968,600.8908,2.8571,
438037193921,19710.9,1010.238,646.4499,1,2.8885,1,873.3162,570.6633,1,2.799,1,941.7771,608.5566,2.8438,
438037197922,19714.9,1002.1345,654.9332,1,2.8956,1,874.3636,573.4809,1,2.7473,1,938.2491,614.2071,2.8214,
438037201922,19718.9,1007.3069,669.5146,1,2.8998,1,881.8077,568.536,1,2.7834,1,944.5573,619.0253,2.8416,
438037205922,19722.9,1017.5972,670.7214,1,2.8347,1,868.633,573.8925,1,2.7511,1,943.1151,622.3069,2.7929,
438037209921,19726.9,1018.4253,674.3402,1,2.851,1,878.0409,561.3153,1,2.7939,1,948.2331,617.8278,2.8225,
438037213921,19730.9,1009.0481,664.034,1,2.8785,1,867.8317,559.8269,1,2.808,1,938.4399,611.9304,2.8433,
438037217921,19734.9,1005.7219,672.5995,1,2.8872,1,871.1654,559.4716,1,2.7943,1,938.4437,616.0356,2.8408,
438037221922,19738.9,1024.2479,657.259,1,2.8882,1,863.1664,556.244,1,2.8275,1,943.7072,606.7515,2.8579,
438037225922,19742.9,1008.8467,657.6218,1,2.8578,1,876.4131,550.0533,1,2.8281,1,942.6299,603.8375,2.8429,
438037229922,19746.9,1026.955,668.347,1,2.8351,1,864.8819,542.3188,1,2.8435,1,945.9185,605.3329,2.8393,
438037233921,19750.9,1011.2826,659.4611,1,2.8647,1,864.1579,555.5098,1,2.8254,1,937.7202,607.4855,2.845,
438037237921,19754.9,1008.1897,656.6892,1,2.8695,1,867.6102,562.3548,1,2.7717,1,937.8999,609.522,2.8206,
438037241921,19758.9,1004.8026,656.2303,1,2.9067,1,875.4805,563.8828,1,2.7906,1,940.1416,610.0566,2.8487,
438037245922,19762.9,1018.8303,662.6462,1,2.8242,1,880.3579,540.937,1,2.8378,1,949.5941,601.7916,2.831,
438037249922,19766.9,1027.4968,652.7201,1,2.8657,1,856.1881,523.0929,1,2.8719,1,941.8425,587.9065,2.8688,
438037253921,19770.9,1019.9353,651.9839,1,2.8681,1,872.5847,545.6771,1,2.8063,1,946.26,598.8305,2.8372,
438037257919,19774.9,1012.6362,635.7271,1,2.9131,1,880.285,544.3691,1,2.8287,1,946.4606,590.0481,2.8709,
438037261919,19778.9,1006.0981,653.2908,1,2.8893,1,871.2237,551.4045,1,2.7804,1,938.6609,602.3477,2.8349,
438037265919,19782.9,1011.5829,655.0481,1,2.8492,1,867.6889,550.054,1,2.7896,1,939.6359,602.5511,2.8194,
438037269920,19786.9,1005.8043,659.5479,1,2.8815,1,864.016,545.9916,1,2.8339,1,934.9101,602.7697,2.8577,
438037273920,19790.9,1017.4203,663.9998,1,2.8734,1,884.3951,548.7456,1,2.7973,1,950.9077,606.3727,2.8353,
438037277919,19794.9,1019.7626,675.9936,1,2.8836,1,873.0861,547.7053,1,2.8272,1,946.4244,611.8494,2.8554,
438037281919,19798.9,1025.609,669.3332,1,2.8693,1,898.5182,541.977,1,2.8624,1,962.0636,605.6551,2.8659,
438037285919,19802.9,1004.495,669.1635,1,2.8599,1,872.4018,552.6125,1,2.8435,1,938.4484,610.888,2.8517,
438037289919,19806.9,1018.2946,665.9169,1,2.9239,1,863.5356,558.8199,1,2.8137,1,940.9151,612.3684,2.8688,
438037293919,19810.9,1017.9579,659.5351,1,2.9265,1,861.9867,560.5743,1,2.8035,1,939.9723,610.0547,2.865,
438037297920,19814.9,970.6894,627.7442,1,2.8979,1,826.6286,533.0546,1,2.8228,1,898.659,580.3994,2.8603,
438037301919,19818.9,924.816,603.7507,1,2.9619,1,795.1604,523.9986,1,2.7841,1,859.9882,563.8747,2.873,
438037305920,19822.9,897.265,583.2585,1,2.955,1,777.4918,491.807,1,2.8375,1,837.3784,537.5327,2.8962,
438037309919,19826.9,936.1019,583.1248,1,2.9346,1,801.0723,497.6983,1,2.7855,1,868.5871,540.4115,2.8601,
438037313919,19830.9,958.1075,597.723,1,2.8937,1,813.1506,463.227,1,2.9109,1,885.6291,530.475,2.9023,
438037317919,19834.9,949.7561,604.8881,1,2.9004,1,809.9864,456.1903,1,2.9162,1,879.8712,530.5392,2.9083,
438037321920,19838.9,949.5529,609.2376,1,2.8729,1,797.6949,484.1586,1,2.8731,1,873.6239,546.6981,2.873,
438037325919,19842.9,937.3517,621.7693,1,2.8574,1,802.2917,503.6557,1,2.8205,1,869.8217,562.7125,2.839,
438037329920,19846.9,938.9503,620.1854,1,2.8948,1,793.2741,502.5535,1,2.8256,1,866.1122,561.3695,2.8602,
438037333920,19850.9,937.2516,591.4274,1,2.887,1,806.8858,485.4567,1,2.858,1,872.0687,538.4421,2.8725,
438037337919,19854.9,941.3267,620.5068,1,2.8371,1,801.147,490.4067,1,2.8652,1,871.2368,555.4567,2.8511,
438037341919,19858.9,944.3929,578.4331,1,2.9492,1,793.9747,497.4363,1,2.8657,1,869.1838,537.9347,2.9074,
438037345919,19862.9,936.5697,605.502,1,2.8905,1,798.4878,516.7018,1,2.8006,1,867.5287,561.1019,2.8456,
438037349920,19866.9,949.2628,592.4317,1,2.895,1,800.0926,507.4786,1,2.8006,1,874.6777,549.9551,2.8478,
438037353919,19870.9,948.1107,584.873,1,2.9411,1,801.1317,529.141,1,2.7922,1,874.6212,557.007,2.8667,
438037357920,19874.9,949.5592,624.4977,1,2.8139,1,797.799,503.831,1,2.8158,1,873.6791,564.1643,2.8148,
438037361920,19878.9,957.4714,597.656,1,2.9488,1,800.5787,496.6787,1,2.834,1,879.025,547.1673,2.8914,
438037365919,19882.9,935.4327,607.6844,1,2.887,1,809.1793,498.04,1,2.8291,1,872.306,552.8622,2.858,
438037369919,19886.9,942.934,604.6031,1,2.9001,1,804.7214,494.4522,1,2.8277,1,873.8277,549.5277,2.8639,
438037373920,19890.9,937.3694,605.6899,1,2.8712,1,811.8261,495.4985,1,2.8204,1,874.5977,550.5942,2.8458,
438037377919,19894.9,943.5748,598.0167,1,2.8752,1,794.4601,489.412,1,2.8177,1,869.0174,543.7143,2.8465,
438037381920,19898.9,959.7316,591.713,1,2.9379,1,803.985,494.7267,1,2.8288,1,881.8583,543.2199,2.8834,
438037385920,19902.9,934.945,625.0934,1,2.8369,1,792.21,495.0919,1,2.8459,1,863.5775,560.0926,2.8414,
438037389919,19906.9,941.6212,609.2774,1,2.8838,1,797.4726,501.3475,1,2.7891,1,869.5469,555.3124,2.8365,
438037393919,19910.9,946.9175,588.0396,1,2.9301,1,798.5379,493.1913,1,2.8348,1,872.7277,540.6154,2.8825,
438037397920,19914.9,945.5586,603.3206,1,2.8934,1,808.5702,479.1922,1,2.8488,1,877.0644,541.2564,2.8711,
438037401919,19918.9,948.1362,609.4622,1,2.8949,1,806.3319,497.2582,1,2.8065,1,877.234,553.3602,2.8507,
438037405920,19922.9,938.5637,619.0333,1,2.8552,1,801.5909,493.9278,1,2.846,1,870.0773,556.4805,2.8506,
438037409920,19926.9,947.9574,608.1636,1,2.8833,1,808.949,496.2786,1,2.7992,1,878.4532,552.2211,2.8412,
438037413919,19930.9,937.9994,590.8834,1,2.958,1,806.3504,488.5549,1,2.8355,1,872.1749,539.7191,2.8968,
438037417919,19934.9,939.1245,609.6381,1,2.8901,1,816.0966,493.1589,1,2.8137,1,877.6105,551.3985,2.8519,
438037421920,19938.9,936.5864,611.7895,1,2.8444,1,812.7966,500.1649,1,2.7958,1,874.6915,555.9772,2.8201,
438037425919,19942.9,939.0007,602.6493,1,2.9156,1,817.7082,480.4721,1,2.851,1,878.3544,541.5607,2.8833,
438037429920,19946.9,954.8091,609.1695,1,2.8426,1,815.4428,483.1231,1,2.8319,1,885.1259,546.1463,2.8372,
438037433920,19950.9,941.7589,605.6912,1,2.8878,1,808.7239,495.7115,1,2.8139,1,875.2414,550.7014,2.8509,
438037437919,19954.9,952.2316,594.611,1,2.921,1,806.2533,503.0798,1,2.7932,1,879.2425,548.8454,2.8571,
438037441919,19958.9,948.4394,593.0141,1,2.9119,1,796.0078,481.3242,1,2.8624,1,872.2236,537.1691,2.8871,
438037445920,19962.9,955.5364,594.2747,1,2.9229,1,795.1906,498.8522,1,2.819,1,875.3635,546.5634,2.8709,
438037449919,19966.9,946.0999,611.8007,1,2.8829,1,798.5423,478.6918,1,2.8625,1,872.3211,545.2462,2.8727,
438037453920,19970.9,949.0602,584.3409,1,2.9319,1,802.616,496.6584,1,2.8292,1,875.8381,540.4997,2.8805,
438037457920,19974.9,960.8506,597.0411,1,2.9113,1,803.4048,482.9878,1,2.8625,1,882.1277,540.0145,2.8869,
438037461919,19978.9,953.1253,589.471,1,2.904,1,806.3393,494.0838,1,2.8211,1,879.7323,541.7774,2.8626,
438037465919,19982.9,951.0986,601.829,1,2.9061,1,796.3172,500.4835,1,2.7595,1,873.7079,551.1562,2.8328,
438037469920,19986.9,940.5347,588.72,1,2.9323,1,791.2521,471.4499,1,2.8293,1,865.8934,530.0849,2.8808,
438037473919,19990.9,947.5136,596.2632,1,2.9098,1,807.0576,489.9242,1,2.8439,1,877.2856,543.0937,2.8768,
438037477920,19994.9,947.7144,593.4676,1,2.9005,1,815.3578,489.1531,1,2.79,1,881.5361,541.3104,2.8452,
438037481920,19998.9,936.1982,627.4281,1,2.8401,1,811.3924,470.5193,1,2.8606,1,873.7953,548.9737,2.8503,
438037485919,20002.9,941.7609,608.5123,1,2.9042,1,799.1136,500.6413,1,2.8196,1,870.4372,554.5768,2.8619,
438037489919,20006.9,950.4314,611.1151,1,2.8729,1,799.1484,497.204,1,2.7873,1,874.7899,554.1596,2.8301,
438037493920,20010.9,952.9566,621.1757,1,2.8693,1,805.6325,490.3985,1,2.8327,1,879.2945,555.7871,2.851,
438037497919,20014.9,940.1574,597.1245,1,2.9645,1,805.7142,487.5383,1,2.8221,1,872.9358,542.3314,2.8933,
438037501920,20018.9,942.9729,600.644,1,2.8993,1,805.1561,495.6081,1,2.8061,1,874.0645,548.126,2.8527,
438037505920,20022.9,952.7088,595.6924,1,2.9084,1,814.4723,501.3353,1,2.7683,1,883.5905,548.5139,2.8384,
438037509918,20026.9,950.5335,600.0682,1,2.8972,1,801.8791,500.1878,1,2.8227,1,876.2063,550.128,2.8599,
438037513918,20030.9,958.3225,567.9252,1,2.9713,1,810.0041,501.4027,1,2.7994,1,884.1633,534.664,2.8853,
438037517920,20034.9,948.2569,594.0037,1,2.9244,1,809.716,482.5165,1,2.8949,1,878.9864,538.2601,2.9097,
438037521919,20038.9,960.9804,578.0649,1,2.9487,1,810.6113,487.1472,1,2.8432,1,885.7959,532.6061,2.896,
438037525919,20042.9,952.9041,575.5653,1,2.9252,1,797.042,496.5845,1,2.7929,1,874.973,536.0749,2.859,
438037529920,20046.9,954.3051,584.5621,1,2.9228,1,806.7039,482.686,1,2.8246,1,880.5045,533.6241,2.8737,
438037533920,20050.9,953.1512,568.3607,1,2.9523,1,799.2418,489.609,1,2.8321,1,876.1965,528.9849,2.8922,
438037537919,20054.9,955.485,583.9442,1,2.894,1,799.4583,487.6662,1,2.8675,1,877.4716,535.8052,2.8807,
438037541919,20058.9,953.0498,565.6807,1,2.9537,1,817.7494,492.0909,1,2.83,1,885.3996,528.8858,2.8919,
438037545920,20062.9,936.9252,597.092,1,2.8272,1,806.1651,484.8524,1,2.8322,1,871.5452,540.9722,2.8297,
438037549919,20066.9,952.7407,570.5969,1,2.9447,1,804.3822,498.5096,1,2.8309,1,878.5614,534.5532,2.8878,
438037553919,20070.9,954.2144,574.2898,1,2.9187,1,823.1163,506.7065,1,2.8125,1,888.6653,540.4982,2.8656,
438037557920,20074.9,950.4782,560.3876,1,2.9751,1,809.0706,507.6964,1,2.7919,1,879.7744,534.042,2.8835,
438037561920,20078.9,938.0703,566.6014,1,2.9716,1,797.5469,498.8869,1,2.8206,1,867.8086,532.7442,2.8961,
438037565919,20082.9,943.9569,597.885,1,2.9005,1,798.321,483.7085,1,2.8686,1,871.1389,540.7967,2.8846,
438037569919,20086.9,961.2118,597.3456,1,2.9235,1,809.0792,474.4576,1,2.8874,1,885.1455,535.9016,2.9054,
438037573920,20090.9,984.8926,579.1215,1,2.9525,1,848.1796,492.4526,1,2.8246,1,916.5361,535.787,2.8886,
438037577919,20094.9,1044.1918,559.597,1,2.9473,1,896.3547,483.0413,1,2.8642,1,970.2732,521.3192,2.9058,
438037581920,20098.9,1092.2474,587.0356,1,2.8943,1,953.0161,485.0852,1,2.8414,1,1022.6317,536.0604,2.8678,
438037585920,20102.9,1116.4418,573.2916,1,2.9282,1,976.7806,471.0681,1,2.8705,1,1046.6112,522.1799,2.8994,
438037589919,20106.9,1112.737,580.6661,1,2.9278,1,965.3482,480.1949,1,2.8378,1,1039.0426,530.4305,2.8828,
438037593919,20110.9,1083.7835,579.339,1,2.9246,1,919.8472,480.1735,1,2.8418,1,1001.8154,529.7562,2.8832,
438037597920,20114.9,1063.5915,585.3599,1,2.9422,1,919.6047,491.1278,1,2.8047,1,991.5981,538.2439,2.8735,
438037601919,20118.9,1058.8393,576.4587,1,2.9761,1,925.5836,466.1612,1,2.8984,1,992.2115,521.31,2.9373,
438037605920,20122.9,1086.3132,609.8399,1,2.8909,1,921.2392,466.0331,1,2.8885,1,1003.7762,537.9365,2.8897,
438037609920,20126.9,1083.2192,584.1471,1,2.9171,1,952.9095,472.768,1,2.8384,1,1018.0643,528.4576,2.8778,
438037613919,20130.9,1100.0174,605.2258,1,2.9015,1,948.9773,476.3276,1,2.8645,1,1024.4974,540.7767,2.883,
438037617919,20134.9,1100.3517,599.1252,1,2.9026,1,956.8644,469.5903,1,2.8635,1,1028.608,534.3578,2.8831,
438037621920,20138.9,1089.1847,590.4846,1,2.9142,1,951.2412,451.9318,1,2.8981,1,1020.2129,521.2082,2.9062,
438037625919,20142.9,1094.7664,581.6552,1,2.9116,1,950.421,451.7452,1,2.9,1,1022.5937,516.7002,2.9058,
438037629920,20146.9,1090.1117,570.0501,1,2.9421,1,942.8374,477.2716,1,2.8312,1,1016.4745,523.6609,2.8867,
438037633920,20150.9,1081.4184,560.6805,1,2.9398,1,941.7815,461.5896,1,2.9121,1,1011.6,511.1351,2.9259,
438037637919,20154.9,1090.9996,562.9715,1,2.9203,1,943.3896,466.7418,1,2.8471,1,1017.1946,514.8567,2.8837,
438037641919,20158.9,1087.6872,585.4715,1,2.9719,1,938.6249,479.5284,1,2.8596,1,1013.1561,532.5,2.9157,
438037645920,20162.9,1091.6163,580.4182,1,2.9194,1,940.4482,472.0166,1,2.8491,1,1016.0323,526.2174,2.8843,
438037649920,20166.9,1083.7804,585.3109,1,2.933,1,952.5225,485.8369,1,2.8023,1,1018.1515,535.5739,2.8676,
438037653921,20170.9,1079.5073,594.3934,1,2.9401,1,952.4231,481.4885,1,2.7997,1,1015.9652,537.9409,2.8699,
438037657921,20174.9,1085.5005,594.3739,1,2.9109,1,935.1543,470.7825,1,2.8162,1,1010.3274,532.5782,2.8636,
438037661920,20178.9,1100.0925,597.9074,1,2.9162,1,933.5588,458.8411,1,2.8808,1,1016.8257,528.3742,2.8985,
438037665920,20182.9,1079.6017,596.0356,1,2.9222,1,936.8821,468.2114,1,2.8148,1,1008.2419,532.1235,2.8685,
438037669921,20186.9,1083.7324,591.1319,1,2.9077,1,952.0238,460.1363,1,2.8785,1,1017.8781,525.6341,2.8931,
438037673920,20190.9,1087.221,565.5874,1,2.9605,1,948.0242,478.5931,1,2.819,1,1017.6226,522.0903,2.8897,
438037677921,20194.9,1083.3109,593.6686,1,2.8784,1,937.8469,456.6037,1,2.8675,1,1010.5789,525.1361,2.873,
438037681921,20198.9,1098.6048,591.2753,1,2.8957,1,949.8743,463.7551,1,2.8493,1,1024.2395,527.5152,2.8725,
438037685920,20202.9,1093.1438,593.0702,1,2.9284,1,952.3671,465.9061,1,2.8662,1,1022.7555,529.4882,2.8973,
438037689920,20206.9,1083.6952,587.887,1,2.9492,1,956.9265,484.7916,1,2.8086,1,1020.3109,536.3393,2.8789,
438037693921,20210.9,1086.6042,592.1146,1,2.9261,1,949.0851,471.7621,1,2.8619,1,1017.8446,531.9383,2.894,
438037697920,20214.9,1100.6878,590.95,1,2.9507,1,951.0559,480.268,1,2.8217,1,1025.8719,535.609,2.8862,
438037701921,20218.9,1082.2484,601.4541,1,2.9294,1,948.756,476.2737,1,2.8704,1,1015.5022,538.8639,2.8999,
438037705921,20222.9,1087.9385,608.3675,1,2.8799,1,946.7412,470.6454,1,2.849,1,1017.3399,539.5064,2.8645,
438037709920,20226.9,1079.6025,603.8435,1,2.9048,1,943.9479,485.2988,1,2.8152,1,1011.7752,544.5712,2.86,
438037713920,20230.9,1088.1881,618.3722,1,2.8736,1,950.666,482.7147,1,2.849,1,1019.4271,550.5435,2.8613,
438037717921,20234.9,1098.2831,601.9467,1,2.9369,1,958.7284,467.1081,1,2.885,1,1028.5057,534.5274,2.9109,
438037721920,20238.9,1105.3791,607.3499,1,2.8884,1,949.2059,468.3587,1,2.876,1,1027.2925,537.8543,2.8822,
438037725921,20242.9,1094.665,591.4993,1,2.9658,1,948.8078,498.5416,1,2.8251,1,1021.7364,545.0205,2.8955,
438037729921,20246.9,1083.652,578.0359,1,2.9184,1,946.2509,476.2425,1,2.8835,1,1014.9515,527.1392,2.901,
438037733920,20250.9,1098.229,582.9972,1,2.9294,1,924.0018,457.8944,1,2.9241,1,1011.1154,520.4458,2.9268,
438037737920,20254.9,1086.5893,569.5352,1,2.9719,1,945.6362,489.8915,1,2.841,1,1016.1127,529.7134,2.9065,
438037741920,20258.9,1098.4796,603.7184,1,2.8871,1,958.4295,489.9667,1,2.8252,1,1028.4545,546.8426,2.8561,
438037745921,20262.9,1108.4719,575.1205,1,2.9574,1,948.9408,460.4407,1,2.8768,1,1028.7064,517.7806,2.9171,
438037749920,20266.9,1099.1445,594.5093,1,2.8668,1,932.2134,459.1182,1,2.8999,1,1015.6789,526.8137,2.8834,
438037753921,20270.9,1082.9464,592.9858,1,2.9169,1,950.8256,478.5677,1,2.845,1,1016.886,535.7768,2.881,
438037757921,20274.9,1096.4726,584.119,1,2.8656,1,944.5819,477.9595,1,2.8662,1,1020.5273,531.0392,2.8659,
438037761920,20278.9,1091.9681,573.0128,1,2.9307,1,951.7829,491.5963,1,2.816,1,1021.8755,532.3045,2.8734,
438037765920,20282.9,1099.6368,563.9514,1,2.9321,1,949.82,459.5992,1,2.8688,1,1024.7284,511.7753,2.9004,
438037769920,20286.9,1090.5196,550.0561,1,2.9611,1,955.8235,486.3062,1,2.8121,1,1023.1716,518.1811,2.8866,
438037773920,20290.9,1096.9785,569.9663,1,2.9455,1,953.4202,469.61,1,2.856,1,1025.1993,519.7881,2.9007,
438037777921,20294.9,1089.7326,565.2203,1,2.9503,1,954.1568,459.5492,1,2.8859,1,1021.9447,512.3847,2.9181,
438037781919,20298.9,1103.6037,571.5171,1,2.9503,1,950.0615,466.4104,1,2.8695,1,1026.8326,518.9637,2.9099,
438037785918,20302.9,1106.7915,594.3527,1,2.9137,1,962.3689,487.7395,1,2.8159,1,1034.5802,541.0461,2.8648,
438037789918,20306.9,1079.8727,613.6247,1,2.9095,1,949.3012,485.9947,1,2.8161,1,1014.587,549.8097,2.8628,
438037793918,20310.9,1091.8524,582.7359,1,2.9509,1,965.4734,477.705,1,2.8388,1,1028.6629,530.2205,2.8949,
438037797918,20314.9,1085.9583,603.1888,1,2.9308,1,951.8013,465.5199,1,2.8475,1,1018.8798,534.3544,2.8892,
438037801919,20318.9,1095.2078,597.4613,1,2.8971,1,959.0537,471.5731,1,2.8856,1,1027.1308,534.5172,2.8914,
438037805919,20322.9,1102.5148,564.585,1,2.9727,1,954.4114,473.6223,1,2.8643,1,1028.4631,519.1036,2.9185,
438037809918,20326.9,1091.3553,576.9229,1,2.9104,1,956.3469,485.9066,1,2.8281,1,1023.8511,531.4147,2.8693,
438037813918,20330.9,1091.3205,585.0916,1,2.9061,1,954.7717,469.4849,1,2.9064,1,1023.0461,527.2883,2.9062,
438037817918,20334.9,1087.364,567.3419,1,2.9361,1,951.0774,459.6405,1,2.9025,1,1019.2207,513.4912,2.9193,
438037821918,20338.9,1086.5246,585.0242,1,2.9058,1,956.3602,489.4683,1,2.7968,1,1021.4424,537.2463,2.8513,
438037825919,20342.9,1087.9325,577.6809,1,2.9165,1,946.5974,470.3125,1,2.8815,1,1017.2649,523.9967,2.899,
438037829919,20346.9,1090.0841,590.2941,1,2.9305,1,951.7802,473.9548,1,2.863,1,1020.9321,532.1244,2.8967,
438037833917,20350.9,1092.9984,590.8502,1,2.9418,1,954.4818,476.5314,1,2.843,1,1023.7401,533.6908,2.8924,
438037837917,20354.9,1079.7437,594.7007,1,2.9404,1,959.1775,460.8313,1,2.8718,1,1019.4606,527.766,2.9061,
438037841917,20358.9,1078.9119,609.817,1,2.8828,1,940.4806,447.0738,1,2.9456,1,1009.6962,528.4454,2.9142,
438037845917,20362.9,1081.4939,600.114,1,2.9317,1,939.5623,487.0125,1,2.8703,1,1010.5281,543.5633,2.901,
438037849918,20366.9,1101.7882,589.4243,1,2.9433,1,944.8073,453.3109,1,2.9286,1,1023.2977,521.3676,2.9359,
438037853918,20370.9,1090.1501,596.396,1,2.923,1,961.338,484.8352,1,2.8528,1,1025.7441,540.6156,2.8879,
438037857917,20374.9,1092.4887,589.0006,1,2.9665,1,950.5155,473.7389,1,2.8857,1,1021.5021,531.3697,2.9261,
438037861917,20378.9,1098.6633,603.3872,1,2.914,1,951.315,479.1721,1,2.8952,1,1024.9891,541.2796,2.9046,
438037865917,20382.9,1093.4126,584.2069,1,2.9819,1,956.4802,471.2646,1,2.8733,1,1024.9464,527.7357,2.9276,
438037869917,20386.9,1097.0748,605.7198,1,2.8951,1,954.916,487.0117,1,2.8333,1,1025.9954,546.3658,2.8642,
438037873918,20390.9,1082.7524,564.046,1,2.9755,1,949.1836,459.0935,1,2.9018,1,1015.968,511.5698,2.9387,
438037877918,20394.9,1066.2772,559.7865,1,2.9397,1,921.6792,489.0166,1,2.8356,1,993.9782,524.4015,2.8877,
438037881917,20398.9,1012.2852,526.2099,1,3.0638,1,872.3116,463.0328,1,2.8664,1,942.2984,494.6213,2.9651,
438037885917,20402.9,990.5909,536.7089,1,3.0065,1,858.7719,467.0897,1,2.8672,1,924.6814,501.8993,2.9368,
438037889917,20406.9,1021.7743,536.1505,1,2.9583,1,861.3835,421.8621,1,2.9367,1,941.5789,479.0063,2.9475,
438037893917,20410.9,1041.0843,581.8279,1,2.85,1,879.9209,435.0208,1,2.9107,1,960.5026,508.4243,2.8803,
438037897918,20414.9,1052.8891,561.7358,1,2.9413,1,902.5196,441.9347,1,2.9093,1,977.7043,501.8353,2.9253,
438037901918,20418.9,1030.1858,591.472,1,2.9449,1,903.4296,451.9642,1,2.8763,1,966.8077,521.7181,2.9106,
438037905917,20422.9,1036.2566,559.0116,1,2.9852,1,900.5873,443.5872,1,2.8998,1,968.4219,501.2994,2.9425,
438037909917,20426.9,1027.9897,573.5125,1,2.9358,1,903.4643,444.958,1,2.8933,1,965.727,509.2353,2.9145,
438037913918,20430.9,1031.3593,543.0291,1,3.0402,1,895.5702,456.9225,1,2.8715,1,963.4647,499.9758,2.9558,
438037917918,20434.9,1036.3633,560.6795,1,3.0065,1,892.7447,455.4902,1,2.8844,1,964.554,508.0849,2.9455,
438037921919,20438.9,1028.7853,570.5349,1,2.9331,1,887.576,456.0559,1,2.8892,1,958.1806,513.2954,2.9111,
438037925919,20442.9,1030.797,553.853,1,2.9862,1,882.8054,442.2871,1,2.9425,1,956.8012,498.07,2.9643,
438037929919,20446.9,1050.0462,554.5601,1,2.988,1,892.2809,459.1454,1,2.8707,1,971.1636,506.8527,2.9294,
438037933918,20450.9,1028.4743,544.559,1,2.9893,1,895.2224,447.6731,1,2.8911,1,961.8484,496.1161,2.9402,
438037937918,20454.9,1027.5425,566.7052,1,2.9048,1,895.5204,456.2929,1,2.8636,1,961.5314,511.499,2.8842,
438037941918,20458.9,1024.9451,559.514,1,2.9497,1,906.5211,467.228,1,2.8721,1,965.7331,513.371,2.9109,
438037945918,20462.9,1037.3827,552.1175,1,2.9621,1,880.3529,442.761,1,2.9569,1,958.8678,497.4393,2.9595,
438037949919,20466.9,1029.8281,537.4469,1,2.988,1,896.3975,455.3867,1,2.8528,1,963.1128,496.4168,2.9204,
438037953919,20470.9,1031.2162,549.9534,1,2.9537,1,900.7718,463.312,1,2.8825,1,965.994,506.6327,2.9181,
438037957919,20474.9,1040.7043,542.7537,1,2.9785,1,875.2673,471.9427,1,2.9028,1,957.9858,507.3482,2.9407,
438037961918,20478.9,1028.2091,549.5461,1,2.9429,1,882.7175,464.4678,1,2.8796,1,955.4633,507.007,2.9112,
438037965918,20482.9,1043.2698,531.8946,1,2.9858,1,889.9512,446.3297,1,2.9227,1,966.6105,489.1121,2.9543,
438037969918,20486.9,1034.4232,533.7268,1,3.0271,1,896.9511,446.3714,1,2.9238,1,965.6871,490.0491,2.9754,
438037973919,20490.9,1024.8986,554.6377,1,2.9483,1,894.4829,448.9514,1,2.9178,1,959.6908,501.7946,2.933,
438037977919,20494.9,1024.7855,564.4023,1,2.9088,1,888.7854,453.611,1,2.913,1,956.7854,509.0067,2.9109,
438037981919,20498.9,1029.7155,531.9795,1,2.9928,1,883.5368,452.6879,1,2.905,1,956.6261,492.3337,2.9489,
438037985918,20502.9,1030.3801,533.3768,1,2.9631,1,886.9056,461.7562,1,2.8658,1,958.6429,497.5665,2.9145,
438037989918,20506.9,1014.0931,556.7665,1,2.9689,1,883.4176,471.6305,1,2.8652,1,948.7554,514.1985,2.9171,
438037993918,20510.9,1022.8315,552.639,1,2.9861,1,903.5755,460.7341,1,2.8705,1,963.2035,506.6866,2.9283,
438037997919,20514.9,1013.5644,537.1231,1,2.9688,1,888.8021,454.1407,1,2.9351,1,951.1833,495.6319,2.9519,
438038001919,20518.9,1015.3586,531.451,1,3.0121,1,884.7263,444.7702,1,2.916,1,950.0424,488.1106,2.9641,
438038005919,20522.9,999.3773,546.1111,1,2.9802,1,893.1882,477.1477,1,2.8296,1,946.2827,511.6294,2.9049,
438038009918,20526.9,1032.1272,556.3719,1,2.9949,1,886.8901,449.973,1,2.926,1,959.5086,503.1724,2.9604,
438038013918,20530.9,1032.5638,557.1677,1,2.9675,1,893.1329,463.2245,1,2.8796,1,962.8483,510.1961,2.9235,
438038017918,20534.9,1029.5263,532.4621,1,3.0155,1,889.9611,437.7209,1,2.936,1,959.7437,485.0915,2.9758,
438038021919,20538.9,1026.9699,567.4047,1,2.9339,1,880.8048,451.169,1,2.9141,1,953.8873,509.2868,2.924,
438038025919,20542.9,1015.0143,578.341,1,2.9083,1,872.2709,449.4556,1,2.9167,1,943.6426,513.8983,2.9125,
438038029919,20546.9,1023.2984,550.9286,1,3.0142,1,892.355,447.5845,1,2.9149,1,957.8267,499.2566,2.9645,
438038033918,20550.9,1023.1795,564.033,1,2.9748,1,871.8868,435.7377,1,2.9431,1,947.5332,499.8854,2.9589,
438038037918,20554.9,1014.6327,571.7336,1,2.944,1,893.752,464.7876,1,2.8724,1,954.1924,518.2606,2.9082,
438038041918,20558.9,1026.2845,563.5565,1,2.9497,1,890.4523,450.2797,1,2.8871,1,958.3684,506.9181,2.9184,
438038045917,20562.9,1027.2082,562.4804,1,2.984,1,886.4731,448.7961,1,2.9047,1,956.8406,505.6382,2.9444,
438038049917,20566.9,1029.2841,575.8577,1,2.9459,1,889.5371,455.2591,1,2.888,1,959.4106,515.5584,2.917,
438038053917,20570.9,1031.1334,583.4518,1,2.9286,1,864.7552,436.5822,1,2.926,1,947.9443,510.017,2.9273,
438038057916,20574.9,1026.7536,561.0514,1,2.9801,1,907.4483,462.7002,1,2.8456,1,967.1009,511.8758,2.9129,
438038061916,20578.9,1024.8945,565.7541,1,2.9861,1,888.8295,459.3152,1,2.8634,1,956.862,512.5346,2.9247,
438038065916,20582.9,1042.6114,559.0904,1,2.9846,1,908.9303,462.7903,1,2.8948,1,975.7708,510.9404,2.9397,
438038069917,20586.9,1027.9546,575.3242,1,2.9555,1,907.9212,459.2386,1,2.8804,1,967.9379,517.2814,2.918,
438038073917,20590.9,1022.1194,578.4022,1,2.9539,1,907.2863,447.7748,1,2.9275,1,964.7029,513.0885,2.9407,
438038077917,20594.9,1018.0682,558.5283,1,2.9916,1,903.1017,460.6202,1,2.8777,1,960.585,509.5742,2.9347,
438038081916,20598.9,1037.3142,548.5966,1,3.0391,1,913.0417,463.3115,1,2.8414,1,975.178,505.954,2.9402,
438038085916,20602.9,1029.7571,569.0365,1,2.9534,1,892.4153,443.4637,1,2.9474,1,961.0862,506.2501,2.9504,
438038089916,20606.9,1037.6602,549.0122,1,2.9792,1,886.7411,447.4736,1,2.9846,1,962.2006,498.2429,2.9819,
438038093917,20610.9,1026.4458,552.5804,1,2.9973,1,884.5571,455.5935,1,2.871,1,955.5014,504.087,2.9341,
438038097917,20614.9,1040.9636,546.7854,1,2.9893,1,898.6911,448.3307,1,2.9346,1,969.8274,497.5581,2.962,
438038101917,20618.9,1023.1954,563.7177,1,2.933,1,895.2294,429.3216,1,2.931,1,959.2124,496.5197,2.932,
438038105916,20622.9,1041.1775,552.7216,1,2.953,1,903.2538,443.6223,1,2.8985,1,972.2157,498.1719,2.9258,
438038109916,20626.9,1028.2901,563.1191,1,2.974,1,891.1826,448.812,1,2.9259,1,959.7364,505.9655,2.95,
438038113916,20630.9,1026.7044,567.2597,1,2.9613,1,892.9738,468.6479,1,2.8746,1,959.8391,517.9538,2.918,
438038117917,20634.9,1041.6766,551.5327,1,2.9683,1,904.8017,460.7171,1,2.8884,1,973.2391,506.1249,2.9283,
438038121917,20638.9,1033.544,557.9201,1,2.9611,1,890.4453,446.2182,1,2.9379,1,961.9946,502.0692,2.9495,
438038125917,20642.9,1022.1021,538.4942,1,2.9926,1,910.1344,447.219,1,2.8939,1,966.1182,492.8566,2.9432,
438038129916,20646.9,1032.5615,562.5639,1,2.9316,1,902.3802,450.5764,1,2.8736,1,967.4708,506.5702,2.9026,
438038133916,20650.9,1029.9441,558.0565,1,2.9421,1,897.9393,491.5664,1,2.7944,1,963.9417,524.8115,2.8682,
438038137916,20654.9,1032.1835,551.7252,1,2.9497,1,901.6618,446.3222,1,2.9271,1,966.9226,499.0237,2.9384,
438038141916,20658.9,1023.0392,546.4754,1,2.9805,1,897.6414,465.9268,1,2.8645,1,960.3403,506.2011,2.9225,
438038145917,20662.9,1049.9644,549.5838,1,3.0106,1,894.6962,449.6883,1,2.8822,1,972.3303,499.6361,2.9464,
438038149917,20666.9,1032.8976,563.8984,1,2.9563,1,897.9842,459.9386,1,2.8904,1,965.4409,511.9185,2.9233,
438038153917,20670.9,1029.2014,573.7538,1,2.9327,1,891.7756,461.4331,1,2.8988,1,960.4885,517.5935,2.9157,
438038157915,20674.9,1021.8305,567.1991,1,2.9007,1,890.9637,464.758,1,2.877,1,956.3971,515.9786,2.8889,
438038161915,20678.9,1030.3321,573.715,1,2.9355,1,890.6792,444.4099,1,2.9083,1,960.5056,509.0625,2.9219,
438038165915,20682.9,1031.2059,566.0095,1,2.9717,1,903.7167,462.3085,1,2.8796,1,967.4613,514.159,2.9257,
438038169916,20686.9,1033.8483,557.2382,1,3.0277,1,895.812,461.347,1,2.9051,1,964.8302,509.2926,2.9664,
438038173920,20690.9,1040.6763,558.123,1,2.9891,1,896.5902,458.7689,1,2.8923,1,968.6332,508.4459,2.9407,
438038177920,20694.9,1024.5245,561.4519,1,2.9734,1,895.2237,444.0913,1,2.9143,1,959.8741,502.7716,2.9439,
438038181919,20698.9,1038.0248,536.3568,1,3.0373,1,885.6051,441.2623,1,2.9423,1,961.8149,488.8095,2.9898,
438038185919,20702.9,1017.1471,551.6441,1,2.9737,1,892.1648,439.0208,1,2.9055,1,954.656,495.3324,2.9396,
438038189919,20706.9,1023.7002,576.7301,1,2.8986,1,894.6812,448.825,1,2.9061,1,959.1907,512.7776,2.9024,
438038193920,20710.9,1036.3499,533.769,1,3.0309,1,889.9946,452.4121,1,2.8935,1,963.1723,493.0905,2.9622,
438038197920,20714.9,1024.7153,569.9806,1,2.9329,1,902.242,462.7501,1,2.8842,1,963.4787,516.3653,2.9085,
438038201920,20718.9,1035.1869,556.8591,1,2.9334,1,893.3278,455.123,1,2.8928,1,964.2573,505.9911,2.9131,
438038205919,20722.9,1034.3471,550.6915,1,3.01,1,879.3884,437.544,1,2.9597,1,956.8678,494.1178,2.9849,
438038209919,20726.9,1026.865,533.5113,1,3.0215,1,889.2739,450.6542,1,2.948,1,958.0694,492.0827,2.9847,
438038213919,20730.9,1048.5458,546.2545,1,2.9599,1,891.7965,462.8178,1,2.8457,1,970.1711,504.5362,2.9028,
438038217920,20734.9,1032.075,547.2992,1,2.9877,1,897.6128,447.0575,1,2.9487,1,964.8439,497.1783,2.9682,
438038221920,20738.9,1026.2021,564.7498,1,2.9716,1,893.4504,443.7186,1,2.9252,1,959.8263,504.2342,2.9484,
438038225920,20742.9,1029.043,563.151,1,2.9748,1,897.1775,467.3915,1,2.846,1,963.1103,515.2712,2.9104,
438038229919,20746.9,1041.4135,549.1895,1,2.9782,1,894.1767,473.8556,1,2.8438,1,967.7951,511.5225,2.911,
438038233919,20750.9,1037.7312,538.6342,1,3.0203,1,908.4543,459.3038,1,2.9043,1,973.0928,498.969,2.9623,
438038237919,20754.9,1036.07,567.1302,1,2.9575,1,900.2182,453.0383,1,2.9317,1,968.1441,510.0843,2.9446,
438038241920,20758.9,1040.7961,548.3649,1,2.9985,1,900.3322,445.2617,1,2.9263,1,970.5641,496.8133,2.9624,
438038245920,20762.9,1026.9215,551.9972,1,2.964,1,900.8536,460.0302,1,2.8953,1,963.8875,506.0137,2.9296,
438038249920,20766.9,1039.2686,569.1281,1,2.9209,1,907.9009,459.5832,1,2.9118,1,973.5848,514.3557,2.9164,
438038253919,20770.9,1036.5562,580.7897,1,2.9301,1,902.0551,453.2095,1,2.8759,1,969.3056,516.9996,2.903,
438038257919,20774.9,1024.5255,547.247,1,2.9527,1,909.1665,471.6387,1,2.8506,1,966.846,509.4429,2.9016,
438038261919,20778.9,1035.3469,568.591,1,2.9365,1,895.004,464.5632,1,2.8693,1,965.1754,516.5771,2.9029,
438038265920,20782.9,1036.9038,548.6122,1,3.0234,1,906.1245,470.8588,1,2.8714,1,971.5142,509.7355,2.9474,
438038269920,20786.9,1033.015,568.0244,1,2.9379,1,886.7461,470.6613,1,2.8714,1,959.8806,519.3429,2.9047,
438038273920,20790.9,1022.0073,570.7608,1,2.9561,1,885.4447,452.64,1,2.9028,1,953.726,511.7004,2.9295,
438038277919,20794.9,1029.001,563.7649,1,2.9494,1,894.8685,472.9582,1,2.856,1,961.9347,518.3616,2.9027,
438038281919,20798.9,1031.8081,588.0763,1,2.9236,1,885.2418,453.4195,1,2.9385,1,958.5249,520.7479,2.9311,
438038285919,20802.9,1031.4284,566.0129,1,2.9549,1,900.2988,434.9223,1,2.9336,1,965.8636,500.4676,2.9443,
438038289920,20806.9,1030.0463,578.8897,1,2.9507,1,907.763,441.9349,1,2.9464,1,968.9046,510.4123,2.9486,
438038293920,20810.9,1035.3145,581.2803,1,2.9478,1,889.0237,452.1219,1,2.9125,1,962.1691,516.7011,2.9302,
438038297920,20814.9,1035.5192,584.5839,1,2.9368,1,897.623,465.0639,1,2.8885,1,966.5711,524.8239,2.9127,
438038301919,20818.9,1030.7644,588.3081,1,2.9529,1,906.5792,474.9084,1,2.8542,1,968.6718,531.6082,2.9036,
438038305916,20822.9,1041.8232,580.1765,1,2.9444,1,903.0434,464.448,1,2.8876,1,972.4333,522.3122,2.916,
438038309916,20826.9,1024.0974,577.9189,1,2.9774,1,892.0093,464.9844,1,2.8713,1,958.0534,521.4517,2.9244,
438038313917,20830.9,1038.0988,561.7581,1,2.9764,1,907.7605,457.6143,1,2.8754,1,972.9296,509.6862,2.9259,
438038317917,20834.9,1030.0887,564.9643,1,2.9646,1,912.1048,473.899,1,2.8338,1,971.0967,519.4317,2.8992,
438038321917,20838.9,1030.4676,581.1387,1,2.935,1,895.6468,460.5148,1,2.8969,1,963.0572,520.8268,2.916,
438038325917,20842.9,1041.2208,570.9866,1,2.9568,1,921.2017,473.8376,1,2.8413,1,981.2113,522.4121,2.8991,
438038329916,20846.9,1033.7702,579.0094,1,2.9338,1,909.3886,475.868,1,2.8213,1,971.5794,527.4387,2.8775,
438038333916,20850.9,1032.6622,572.0512,1,2.9443,1,907.0845,470.1817,1,2.8476,1,969.8734,521.1164,2.896,
438038337916,20854.9,1028.1499,561.3688,1,2.9611,1,894.1041,463.7258,1,2.8841,1,961.127,512.5473,2.9226,
438038341917,20858.9,1027.1346,575.9764,1,2.9688,1,882.8363,466.8298,1,2.8975,1,954.9854,521.4031,2.9331,
438038345917,20862.9,1049.8434,581.8896,1,2.9509,1,904.1644,462.4392,1,2.8778,1,977.0039,522.1644,2.9143,
438038349917,20866.9,1034.725,575.0829,1,2.9202,1,893.7555,473.8853,1,2.8247,1,964.2402,524.4841,2.8724,
438038353917,20870.9,1039.9932,562.3353,1,2.9932,1,911.7638,459.3334,1,2.8255,1,975.8785,510.8344,2.9093,
438038357916,20874.9,1027.9659,563.8412,1,2.9822,1,909.5097,456.4868,1,2.8771,1,968.7378,510.164,2.9296,
438038361916,20878.9,1022.879,585.9208,1,2.9258,1,905.0278,444.8466,1,2.936,1,963.9534,515.3837,2.9309,
438038365916,20882.9,1055.4797,586.8972,1,2.8856,1,909.517,461.4529,1,2.8299,1,982.4983,524.1751,2.8577,
438038369917,20886.9,1036.6467,586.8886,1,2.9229,1,903.1078,480.8231,1,2.8131,1,969.8772,533.8559,2.868,
438038373917,20890.9,1040.1625,571.1225,1,2.9392,1,908.2236,448.2348,1,2.8619,1,974.1931,509.6786,2.9006,
438038377917,20894.9,1026.6285,573.5543,1,2.9031,1,895.548,446.3281,1,2.8822,1,961.0882,509.9412,2.8926,
438038381916,20898.9,1035.2312,553.6481,1,2.942,1,903.869,470.8566,1,2.8375,1,969.5501,512.2524,2.8897,
438038385916,20902.9,1029.4533,559.9817,1,2.9072,1,892.4167,462.2411,1,2.861,1,960.935,511.1114,2.8841,
438038389916,20906.9,1044.1573,553.2746,1,2.9203,1,904.1171,457.9772,1,2.8414,1,974.1372,505.6259,2.8809,
438038393917,20910.9,1035.3695,567.527,1,2.9038,1,907.8871,460.7219,1,2.8365,1,971.6283,514.1245,2.8702,
438038397917,20914.9,1045.1548,539.398,1,2.9617,1,903.4202,448.2958,1,2.8502,1,974.2875,493.8469,2.9059,
438038401917,20918.9,999.1332,552.3312,1,2.8393,1,891.2658,444.4535,1,2.8733,1,945.1995,498.3923,2.8563,
438038405916,20922.9,971.9645,525.3865,1,2.9551,1,838.5229,424.5217,1,2.8818,1,905.2437,474.9541,2.9184,
438038409916,20926.9,916.1096,542.097,1,2.8951,1,806.4795,432.3311,1,2.8026,1,861.2945,487.214,2.8489,
438038413916,20930.9,948.5457,538.1766,1,2.9023,1,820.569,427.5928,1,2.816,1,884.5573,482.8847,2.8591,
438038417917,20934.9,988.0974,528.7827,1,2.8837,1,837.9213,427.2099,1,2.826,1,913.0094,477.9963,2.8548,
438038421917,20938.9,985.2705,575.7009,1,2.8335,1,845.8769,416.2704,1,2.8716,1,915.5737,495.9857,2.8526,
438038425917,20942.9,965.5623,547.7752,1,2.8682,1,837.5611,438.4221,1,2.846,1,901.5617,493.0986,2.8571,
438038429916,20946.9,983.3423,536.3008,1,2.9113,1,845.5242,446.2235,1,2.7882,1,914.4333,491.2621,2.8497,
438038433916,20950.9,971.3343,538.0073,1,2.8962,1,849.2566,444.2748,1,2.7884,1,910.2955,491.141,2.8423,
438038437916,20954.9,967.3278,525.8321,1,2.9193,1,831.5917,403.4616,1,2.9008,1,899.4598,464.6469,2.9101,
438038441917,20958.9,960.065,539.287,1,2.8814,1,835.5782,460.5874,1,2.7562,1,897.8216,499.9372,2.8188,
438038445917,20962.9,965.3904,549.0024,1,2.8388,1,861.6919,423.4605,1,2.8535,1,913.5411,486.2315,2.8461,
438038449917,20966.9,960.3244,536.9844,1,2.8984,1,843.3783,447.8236,1,2.7602,1,901.8514,492.404,2.8293,
438038453916,20970.9,966.3991,558.0805,1,2.8779,1,825.2329,429.0725,1,2.8005,1,895.816,493.5765,2.8392,
438038457916,20974.9,972.8627,547.6921,1,2.866,1,838.0677,446.39,1,2.7796,1,905.4652,497.041,2.8228,
438038461916,20978.9,975.3201,553.0764,1,2.8506,1,811.9576,427.7961,1,2.859,1,893.6389,490.4362,2.8548,
438038465917,20982.9,962.127,552.5439,1,2.8461,1,834.2071,438.7339,1,2.8036,1,898.1671,495.6389,2.8249,
438038469917,20986.9,963.7943,528.2444,1,2.8836,1,832.0506,438.6524,1,2.7533,1,897.9225,483.4484,2.8184,
438038473917,20990.9,964.4806,548.2242,1,2.8636,1,826.5263,414.9484,1,2.8855,1,895.5034,481.5863,2.8746,
438038477916,20994.9,967.584,548.1268,1,2.8629,1,835.8036,433.3468,1,2.8189,1,901.6938,490.7368,2.8409,
438038481915,20998.9,968.8181,549.0383,1,2.8505,1,831.7334,436.6918,1,2.7636,1,900.2758,492.8651,2.8071,
438038485915,21002.9,970.9816,529.6314,1,2.8905,1,843.4797,416.1902,1,2.7866,1,907.2307,472.9108,2.8386,
438038489916,21006.9,974.5064,531.4234,1,2.8498,1,833.4957,421.9811,1,2.821,1,904.0011,476.7022,2.8354,
438038493916,21010.9,975.8544,542.0713,1,2.8415,1,841.754,412.745,1,2.8385,1,908.8042,477.4081,2.84,
438038497916,21014.9,967.262,514.498,1,2.9355,1,834.4775,427.5807,1,2.7802,1,900.8697,471.0393,2.8578,
438038501915,21018.9,951.0669,521.0721,1,2.8684,1,836.3232,402.9134,1,2.8466,1,893.695,461.9928,2.8575,
438038505915,21022.9,966.2012,534.4959,1,2.8698,1,849.0645,408.8385,1,2.8922,1,907.6329,471.6672,2.881,
438038509915,21026.9,,,0,,0,,,0,,0,,,,
438038513915,21030.9,,,0,,0,,,0,,0,,,,
438038517916,21034.9,970.5068,550.5512,1,2.8236,1,816.6289,418.732,1,2.8,1,893.5679,484.6416,2.8118,
438038521916,21038.9,,,0,,0,,,0,,0,,,,
438038525916,21042.9,971.8645,549.166,1,2.8463,1,844.2875,434.6749,1,2.8004,1,908.076,491.9204,2.8233,
438038529915,21046.9,,,0,,0,,,0,,0,,,,
438038533915,21050.9,971.0143,531.1836,1,2.8475,1,842.2909,429.2969,1,2.8084,1,906.6526,480.2403,2.8279,
438038537915,21054.9,960.7193,534.2285,1,2.8884,1,845.1597,422.5916,1,2.7974,1,902.9395,478.4101,2.8429,
438038541915,21058.9,977.52,517.4772,1,2.8922,1,835.2445,420.948,1,2.8226,1,906.3823,469.2126,2.8574,
438038545916,21062.9,970.7103,540.8215,1,2.842,1,834.5447,431.7181,1,2.7867,1,902.6275,486.2698,2.8143,
438038549916,21066.9,970.7742,536.2475,1,2.8639,1,836.6302,444.7763,1,2.7522,1,903.7022,490.5119,2.8081,
438038553916,21070.9,952.2864,539.4578,1,2.8344,1,825.2892,454.9227,1,2.7739,1,888.7878,497.1902,2.8042,
438038557915,21074.9,966.988,543.8063,1,2.8098,1,839.4769,433.3652,1,2.7794,1,903.2324,488.5857,2.7946,
438038561915,21078.9,969.1024,534.4906,1,2.8478,1,839.054,420.7695,1,2.785,1,904.0782,477.63,2.8164,
438038565915,21082.9,975.1678,511.9018,1,2.9165,1,845.3652,431.2747,1,2.7828,1,910.2665,471.5882,2.8497,
438038569917,21086.9,964.2826,512.8761,1,2.8778,1,815.962,424.638,1,2.8155,1,890.1223,468.757,2.8467,
438038573917,21090.9,973.713,528.7356,1,2.8558,1,830.5766,423.422,1,2.8143,1,902.1448,476.0788,2.8351,
438038577917,21094.9,975.0288,532.2922,1,2.9051,1,825.4009,456.6841,1,2.7337,1,900.2149,494.4882,2.8194,
438038581916,21098.9,964.5164,533.8717,1,2.8922,1,821.7473,412.8626,1,2.8806,1,893.1319,473.3671,2.8864,
438038585916,21102.9,984.6501,539.3556,1,2.8773,1,831.7735,429.9308,1,2.7982,1,908.2118,484.6432,2.8378,
438038589916,21106.9,972.621,555.5937,1,2.8583,1,833.284,406.1128,1,2.8958,1,902.9525,480.8533,2.8771,
438038593917,21110.9,960.5305,561.1036,1,2.8476,1,847.5719,435.9935,1,2.8148,1,904.0512,498.5486,2.8312,
438038597917,21114.9,957.0242,544.5047,1,2.8564,1,848.0344,452.81,1,2.7876,1,902.5293,498.6574,2.822,
438038601917,21118.9,965.2936,560.3118,1,2.8344,1,837.4398,448.0582,1,2.7989,1,901.3667,504.185,2.8166,
438038605916,21122.9,967.3192,553.3768,1,2.8784,1,835.9981,445.9251,1,2.7912,1,901.6586,499.6509,2.8348,
438038609916,21126.9,963.1559,541.6512,1,2.9131,1,853.2987,427.2372,1,2.8627,1,908.2273,484.4442,2.8879,
438038613916,21130.9,975.2182,559.2157,1,2.8616,1,828.8677,454.1549,1,2.7696,1,902.043,506.6853,2.8156,
438038617917,21134.9,955.7913,564.3054,1,2.8156,1,850.6119,429.7899,1,2.8206,1,903.2016,497.0477,2.8181,
438038621917,21138.9,980.5603,555.6452,1,2.8604,1,856.2181,445.0855,1,2.8351,1,918.3892,500.3654,2.8478,
438038625917,21142.9,1011.7514,566.2273,1,2.9221,1,892.3394,464.0024,1,2.8083,1,952.0454,515.1148,2.8652,
438038629916,21146.9,1044.4266,620.9144,1,2.9093,1,930.9851,515.7676,1,2.8033,1,987.7059,568.341,2.8563,
438038633916,21150.9,1050.8537,648.0737,1,2.8739,1,917.0704,518.7177,1,2.881,1,983.962,583.3957,2.8775,
438038637916,21154.9,1033.1749,622.1371,1,2.8918,1,909.946,511.1759,1,2.8531,1,971.5604,566.6565,2.8725,
438038641917,21158.9,1030.8115,621.6686,1,2.8974,1,898.1519,480.284,1,2.8718,1,964.4817,550.9763,2.8846,
438038645917,21162.9,1047.7205,599.071,1,2.8619,1,892.652,501.0464,1,2.7978,1,970.1862,550.0587,2.8298,
438038649917,21166.9,1031.9497,622.6156,1,2.8598,1,900.6896,501.6569,1,2.8085,1,966.3196,562.1362,2.8342,
438038653916,21170.9,1035.0569,616.2979,1,2.8588,1,905.7339,463.1284,1,2.8887,1,970.3954,539.7131,2.8738,
438038657916,21174.9,1046.5385,635.7018,1,2.8407,1,910.9422,519.5096,1,2.7557,1,978.7403,577.6057,2.7982,
438038661916,21178.9,1048.1343,610.0268,1,2.8968,1,914.1084,482.8588,1,2.87,1,981.1213,546.4428,2.8834,
438038665917,21182.9,1044.9137,623.7901,1,2.8899,1,908.6292,520.2622,1,2.7587,1,976.7715,572.0262,2.8243,
438038669917,21186.9,1042.4969,618.8941,1,2.9035,1,916.3768,504.5728,1,2.8005,1,979.4368,561.7335,2.852,
438038673917,21190.9,1041.2344,623.8564,1,2.8694,1,914.9114,499.2969,1,2.8212,1,978.0729,561.5766,2.8453,
438038677916,21194.9,1038.5199,625.0895,1,2.8839,1,926.0745,503.6549,1,2.8532,1,982.2972,564.3722,2.8685,
438038681916,21198.9,1037.4069,637.2637,1,2.8354,1,917.0064,480.7929,1,2.8847,1,977.2067,559.0283,2.8601,
438038685916,21202.9,1039.5816,607.9353,1,2.9071,1,911.7079,503.9205,1,2.8012,1,975.6448,555.9279,2.8541,
438038689917,21206.9,1054.6815,629.2309,1,2.8558,1,908.7713,528.9042,1,2.7398,1,981.7264,579.0675,2.7978,
438038693917,21210.9,1039.9429,614.9909,1,2.9193,1,903.0861,502.9617,1,2.8214,1,971.5145,558.9763,2.8703,
438038697917,21214.9,1042.7534,593.159,1,2.9411,1,912.4483,504.0534,1,2.8218,1,977.6008,548.6062,2.8815,
438038701916,21218.9,1055.2399,640.5354,1,2.9082,1,907.3663,522.3428,1,2.7753,1,981.3031,581.4391,2.8417,
438038705916,21222.9,1047.8181,626.9465,1,2.8824,1,917.4122,485.098,1,2.8803,1,982.6151,556.0223,2.8814,
438038709916,21226.9,1033.136,629.4904,1,2.8574,1,917.7777,506.1927,1,2.7903,1,975.4568,567.8415,2.8238,
438038713917,21230.9,1038.0122,644.5824,1,2.85,1,921.93,513.2476,1,2.772,1,979.9711,578.915,2.811,
438038717917,21234.9,1053.4517,638.218,1,2.8938,1,900.6513,477.4655,1,2.8947,1,977.0515,557.8418,2.8943,
438038721917,21238.9,1058.9844,620.0512,1,2.8817,1,907.422,500.1878,1,2.8298,1,983.2032,560.1195,2.8558,
438038725917,21242.9,1043.2605,625.7098,1,2.897,1,913.1368,502.7335,1,2.8446,1,978.1987,564.2216,2.8708,
438038729916,21246.9,1048.1903,626.4876,1,2.8808,1,908.4527,516.2192,1,2.7507,1,978.3215,571.3534,2.8158,
438038733916,21250.9,1045.0059,634.0468,1,2.8448,1,909.8994,503.9864,1,2.8209,1,977.4527,569.0166,2.8329,
438038737916,21254.9,1040.228,615.0182,1,2.9111,1,930.686,528.0903,1,2.7354,1,985.457,571.5542,2.8232,
438038741917,21258.9,1041.9516,627.473,1,2.8517,1,908.6308,497.7527,1,2.8257,1,975.2912,562.6128,2.8387,
438038745917,21262.9,1031.4516,645.2425,1,2.8215,1,919.2182,519.7237,1,2.7824,1,975.3349,582.4831,2.802,
438038749917,21266.9,1039.2278,637.061,1,2.8681,1,907.362,503.7622,1,2.8273,1,973.2949,570.4116,2.8477,
438038753917,21270.9,1051.2369,610.5401,1,2.9424,1,917.3436,515.6571,1,2.7917,1,984.2903,563.0986,2.8671,
438038757916,21274.9,1040.2828,632.4512,1,2.8877,1,900.0034,498.4581,1,2.8771,1,970.1431,565.4546,2.8824,
438038761916,21278.9,1048.4135,644.0567,1,2.8114,1,919.7309,489.1451,1,2.8345,1,984.0722,566.6009,2.823,
438038765916,21282.9,1046.1579,615.6984,1,2.9216,1,910.9087,483.9862,1,2.8611,1,978.5333,549.8423,2.8914,
438038769917,21286.9,1046.1455,628.6342,1,2.8745,1,910.9864,498.2959,1,2.8105,1,978.566,563.465,2.8425,
438038773917,21290.9,1045.642,628.1456,1,2.8664,1,913.1002,535.0471,1,2.7313,1,979.3711,581.5964,2.7989,
438038777917,21294.9,1052.1978,632.0185,1,2.8882,1,906.9237,512.7326,1,2.7544,1,979.5608,572.3755,2.8213,
438038781916,21298.9,1049.942,621.3639,1,2.92,1,917.2281,526.2578,1,2.7656,1,983.585,573.8108,2.8428,
438038785916,21302.9,1034.8038,604.1535,1,2.9216,1,905.8646,504.5109,1,2.819,1,970.3342,554.3322,2.8703,
438038789916,21306.9,1038.6691,610.274,1,2.8893,1,924.4651,519.8551,1,2.7706,1,981.5671,565.0645,2.83,
438038793917,21310.9,1055.2868,641.5325,1,2.8307,1,917.535,512.1849,1,2.7927,1,986.4109,576.8587,2.8117,
438038797917,21314.9,1047.9543,623.8616,1,2.871,1,908.3484,526.7907,1,2.7358,1,978.1513,575.3262,2.8034,
438038801917,21318.9,1040.7541,625.1199,1,2.9008,1,919.0922,511.3839,1,2.8063,1,979.9232,568.2519,2.8536,
438038805915,21322.9,1057.9856,611.7667,1,2.8807,1,911.8446,506.1843,1,2.8289,1,984.9151,558.9755,2.8548,
438038809915,21326.9,1053.5577,606.3323,1,2.9153,1,920.5186,511.0828,1,2.7673,1,987.0382,558.7075,2.8413,
438038813915,21330.9,1059.3618,639.606,1,2.8355,1,916.1334,496.0145,1,2.8451,1,987.7476,567.8103,2.8403,
438038817916,21334.9,1056.6365,613.6973,1,2.8871,1,911.8918,500.6922,1,2.8456,1,984.2642,557.1948,2.8664,
438038821916,21338.9,1050.8969,624.3727,1,2.8521,1,917.0781,513.5137,1,2.7964,1,983.9875,568.9432,2.8242,
438038825916,21342.9,1060.9106,617.6867,1,2.8562,1,916.2349,514.3811,1,2.8141,1,988.5727,566.0339,2.8352,
438038829914,21346.9,1054.2973,614.743,1,2.8678,1,915.9091,490.9158,1,2.8391,1,985.1032,552.8294,2.8534,
438038833914,21350.9,1050.624,597.7326,1,2.9062,1,910.7961,521.0554,1,2.7806,1,980.7101,559.394,2.8434,
438038837914,21354.9,1048.1173,602.2948,1,2.8841,1,927.5779,521.7139,1,2.764,1,987.8476,562.0044,2.824,
438038841915,21358.9,1035.1869,617.4372,1,2.8643,1,928.8524,535.1066,1,2.7317,1,982.0197,576.2719,2.798,
438038845915,21362.9,1040.5462,618.5535,1,2.8661,1,923.4803,510.8833,1,2.81,1,982.0132,564.7184,2.838,
438038849915,21366.9,1048.1982,639.1574,1,2.782,1,922.7932,505.4798,1,2.7944,1,985.4957,572.3186,2.7882,
438038853914,21370.9,1046.5918,604.5907,1,2.8608,1,923.2685,536.7959,1,2.7361,1,984.9302,570.6933,2.7985,
438038857914,21374.9,1049.6119,593.2549,1,2.8839,1,930.2236,519.1346,1,2.7881,1,989.9177,556.1948,2.836,
438038861914,21378.9,1054.6321,612.1977,1,2.8625,1,920.1284,527.494,1,2.7619,1,987.3802,569.8459,2.8122,
438038865915,21382.9,1046.1,623.4183,1,2.8499,1,927.6101,519.109,1,2.7906,1,986.855,571.2637,2.8203,
438038869915,21386.9,1050.022,632.7971,1,2.8015,1,926.9583,524.5953,1,2.7521,1,988.4902,578.6962,2.7768,
438038873915,21390.9,1041.6365,645.1288,1,2.8112,1,918.8969,504.889,1,2.8346,1,980.2667,575.0089,2.8229,
438038877914,21394.9,1051.0398,599.9999,1,2.8729,1,925.6668,495.841,1,2.8335,1,988.3533,547.9204,2.8532,
438038881914,21398.9,1044.8267,624.7094,1,2.8075,1,927.859,522.0418,1,2.756,1,986.3429,573.3756,2.7817,
438038885914,21402.9,1050.5442,618.2003,1,2.8216,1,919.1388,528.7074,1,2.7766,1,984.8415,573.4538,2.7991,
438038889915,21406.9,1041.6063,613.2873,1,2.8485,1,920.4541,527.244,1,2.7609,1,981.0302,570.2656,2.8047,
438038893915,21410.9,1061.2162,592.6442,1,2.8767,1,929.3945,506.9263,1,2.8122,1,995.3054,549.7853,2.8444,
438038897915,21414.9,1049.9392,618.1406,1,2.8359,1,912.4087,512.7126,1,2.7598,1,981.1739,565.4266,2.7978,
438038901914,21418.9,1045.5038,622.9005,1,2.8057,1,930.1659,534.5193,1,2.6844,1,987.8349,578.7099,2.7451,
438038905914,21422.9,1058.7908,629.0667,1,2.7863,1,938.2957,526.8578,1,2.731,1,998.5432,577.9622,2.7587,
438038909914,21426.9,1063.3438,617.283,1,2.8339,1,912.3752,484.8159,1,2.8598,1,987.8595,551.0494,2.8469,
438038913915,21430.9,1052.677,607.2047,1,2.8295,1,917.9371,512.761,1,2.7612,1,985.307,559.9829,2.7953,
438038917915,21434.9,1043.2375,630.335,1,2.7962,1,918.0491,506.9661,1,2.7888,1,980.6433,568.6506,2.7925,
438038921915,21438.9,1062.2549,618.0835,1,2.8444,1,915.9569,530.814,1,2.7226,1,989.1059,574.4487,2.7835,
438038925915,21442.9,1052.6431,602.2069,1,2.8846,1,934.3664,532.1179,1,2.7245,1,993.5048,567.1624,2.8046,
438038929914,21446.9,1052.9622,634.9846,1,2.8428,1,925.1594,494.9191,1,2.8165,1,989.0608,564.9518,2.8297,
438038933914,21450.9,1065.7472,634.0479,1,2.841,1,923.1938,509.9227,1,2.8025,1,994.4705,571.9853,2.8218,
438038937914,21454.9,1057.3925,631.0174,1,2.824,1,925.8452,529.9325,1,2.7086,1,991.6189,580.4749,2.7663,
438038941915,21458.9,1053.6239,621.047,1,2.8613,1,929.4711,491.1316,1,2.804,1,991.5475,556.0893,2.8327,
438038945915,21462.9,1064.5858,632.9534,1,2.8212,1,925.6761,509.2938,1,2.7805,1,995.131,571.1236,2.8009,
438038949915,21466.9,1044.8079,606.2651,1,2.8583,1,929.8378,505.9979,1,2.7632,1,987.3229,556.1315,2.8107,
438038953915,21470.9,1062.232,621.1803,1,2.813,1,928.4541,498.8945,1,2.7799,1,995.343,560.0374,2.7964,
438038957914,21474.9,1053.1906,628.5192,1,2.8193,1,899.6679,503.8183,1,2.7738,1,976.4293,566.1688,2.7966,
438038961913,21478.9,1053.4425,624.1883,1,2.8456,1,924.0954,522.5456,1,2.7473,1,988.7689,573.367,2.7965,
438038965914,21482.9,1056.2581,627.2135,1,2.7987,1,913.0801,502.1615,1,2.7722,1,984.6691,564.6875,2.7854,
438038969914,21486.9,1056.9198,621.3994,1,2.8313,1,916.2691,500.3204,1,2.8226,1,986.5945,560.8599,2.827,
438038973914,21490.9,1055.2985,618.3445,1,2.8466,1,919.0518,510.8346,1,2.7598,1,987.1751,564.5896,2.8032,
438038977914,21494.9,1061.046,621.0417,1,2.8602,1,920.1493,494.9932,1,2.8076,1,990.5976,558.0175,2.8339,
438038981913,21498.9,1061.4268,619.921,1,2.8263,1,936.3371,514.0505,1,2.7481,1,998.8819,566.9857,2.7872,
438038985913,21502.9,1069.1467,624.5853,1,2.8577,1,907.1117,493.8533,1,2.838,1,988.1292,559.2193,2.8479,
438038989914,21506.9,1065.0381,608.0479,1,2.8689,1,916.6122,509.8819,1,2.7544,1,990.8251,558.9649,2.8116,
438038993914,21510.9,1050.8934,626.0164,1,2.825,1,929.2549,511.8826,1,2.7673,1,990.0742,568.9495,2.7961,
438038997914,21514.9,1061.981,636.4244,1,2.7992,1,920.8114,554.0083,1,2.7168,1,991.3962,595.2164,2.758,
438039001914,21518.9,1043.5454,695.4111,1,2.8217,1,927.5909,581.6362,1,2.7578,1,985.5682,638.5237,2.7897,
438039005913,21522.9,1034.2973,737.6651,1,2.8497,1,917.2323,638.3857,1,2.769,1,975.7648,688.0254,2.8093,
438039009913,21526.9,1024.708,779.8273,1,2.8546,1,912.2832,680.2848,1,2.7359,1,968.4956,730.0561,2.7953,
438039013914,21530.9,1043.3157,793.1126,1,2.8278,1,898.6764,680.5167,1,2.7703,1,970.9961,736.8147,2.7991,
438039017914,21534.9,1044.2141,770.1713,1,2.8767,1,903.1066,695.8196,1,2.712,1,973.6603,732.9954,2.7943,
438039021914,21538.9,1040.116,758.6164,1,2.8739,1,900.0256,685.3901,1,2.7431,1,970.0708,722.0032,2.8085,
438039025914,21542.9,1045.7315,769.8255,1,2.8675,1,900.8299,699.6588,1,2.7609,1,973.2807,734.7422,2.8142,
438039029913,21546.9,1044.7787,777.4299,1,2.8679,1,907.3521,691.1253,1,2.7778,1,976.0654,734.2776,2.8228,
438039033913,21550.9,1042.6664,758.0662,1,2.8839,1,891.6147,676.7295,1,2.7705,1,967.1405,717.3979,2.8272,
438039037913,21554.9,1049.7512,774.457,1,2.8716,1,900.7682,679.8733,1,2.7794,1,975.2597,727.1652,2.8255,
438039041913,21558.9,1039.8327,796.4242,1,2.857,1,897.6025,679.4204,1,2.7817,1,968.7176,737.9223,2.8193,
438039045913,21562.9,1046.5424,793.0181,1,2.8697,1,899.7099,689.1809,1,2.7576,1,973.1262,741.0995,2.8136,
438039049913,21566.9,1044.7769,787.1973,1,2.8584,1,904.627,691.2307,1,2.7325,1,974.702,739.214,2.7954,
438039053914,21570.9,1044.9266,801.8067,1,2.8397,1,894.9016,666.9372,1,2.7872,1,969.9141,734.372,2.8134,
438039057913,21574.9,1043.1062,792.9958,1,2.8471,1,902.3201,707.4458,1,2.7287,1,972.7131,750.2208,2.7879,
438039061914,21578.9,1039.7282,799.7352,1,2.8517,1,904.5466,704.5753,1,2.72,1,972.1374,752.1552,2.7859,
438039065913,21582.9,1043.0233,783.9365,1,2.8352,1,891.2854,694.8761,1,2.7569,1,967.1544,739.4063,2.7961,
438039069914,21586.9,1052.3584,787.8501,1,2.8326,1,896.0034,684.3611,1,2.7538,1,974.1809,736.1056,2.7932,
438039073914,21590.9,1035.0703,797.2288,1,2.8323,1,902.7502,679.7401,1,2.8067,1,968.9102,738.4845,2.8195,
438039077914,21594.9,1064.8254,764.3929,1,2.8713,1,908.1076,685.1297,1,2.785,1,986.4665,724.7613,2.8282,
438039081913,21598.9,1040.8187,772.0746,1,2.8475,1,899.7487,691.0588,1,2.7801,1,970.2837,731.5667,2.8138,
438039085914,21602.9,1036.7092,764.8208,1,2.866,1,892.3448,682.0091,1,2.8077,1,964.527,723.415,2.8369,
438039089913,21606.9,1047.4023,772.2896,1,2.8799,1,900.6366,709.0006,1,2.7159,1,974.0194,740.6451,2.7979,
438039093915,21610.9,1042.7741,779.6521,1,2.8511,1,899.2863,688.6331,1,2.7702,1,971.0302,734.1426,2.8107,
438039097914,21614.9,1046.6737,785.6173,1,2.8374,1,902.959,675.1425,1,2.7996,1,974.8163,730.3799,2.8185,
438039101914,21618.9,1042.0462,780.1317,1,2.8253,1,896.3251,685.0899,1,2.7933,1,969.1857,732.6108,2.8093,
438039105914,21622.9,1045.6207,767.9438,1,2.8333,1,911.531,692.2405,1,2.7411,1,978.5758,730.0921,2.7872,
438039109914,21626.9,1048.9704,755.0618,1,2.8829,1,909.0814,682.8422,1,2.7624,1,979.0259,718.952,2.8226,
438039113914,21630.9,1058.6751,772.4284,1,2.8524,1,896.6833,683.4275,1,2.8014,1,977.6792,727.9279,2.8269,
438039117914,21634.9,1053.7658,775.698,1,2.8842,1,910.2242,680.4692,1,2.7996,1,981.995,728.0836,2.8419,
438039121914,21638.9,1053.3139,763.7857,1,2.8916,1,897.0135,685.9523,1,2.7423,1,975.1637,724.869,2.8169,
438039125914,21642.9,1055.6392,766.7471,1,2.8725,1,898.0741,675.0297,1,2.8073,1,976.8566,720.8884,2.8399,
438039129914,21646.9,1050.8519,778.3224,1,2.8809,1,902.0959,684.5459,1,2.8007,1,976.4739,731.4342,2.8408,
438039133913,21650.9,1053.7891,787.9824,1,2.8356,1,910.4788,682.5992,1,2.7793,1,982.134,735.2908,2.8074,
438039137913,21654.9,1057.8563,792.4985,1,2.8369,1,918.522,697.6192,1,2.7499,1,988.1891,745.0589,2.7934,
438039141914,21658.9,1061.4916,781.187,1,2.8723,1,909.1288,677.6894,1,2.7717,1,985.3102,729.4382,2.822,
438039145914,21662.9,1066.9511,802.3193,1,2.8185,1,901.064,667.0598,1,2.7976,1,984.0075,734.6895,2.808,
438039149914,21666.9,1063.8187,792.4479,1,2.859,1,900.535,676.5876,1,2.7682,1,982.1768,734.5177,2.8136,
438039153913,21670.9,1050.9352,793.4657,1,2.8627,1,905.9199,687.2746,1,2.7296,1,978.4276,740.3701,2.7961,
438039157913,21674.9,1062.0331,783.8808,1,2.8925,1,900.9765,678.9705,1,2.7759,1,981.5048,731.4256,2.8342,
438039161913,21678.9,1059.9197,790.7994,1,2.8559,1,914.527,674.7112,1,2.7553,1,987.2234,732.7553,2.8056,
438039165913,21682.9,1061.4276,786.9785,1,2.8521,1,901.7753,682.61,1,2.7567,1,981.6014,734.7942,2.8044,
438039169914,21686.9,1063.7949,787.5918,1,2.8616,1,909.6491,676.8389,1,2.7874,1,986.722,732.2154,2.8245,
438039173914,21690.9,1071.4593,789.2181,1,2.8653,1,897.938,690.1804,1,2.7395,1,984.6986,739.6993,2.8024,
438039177914,21694.9,1055.0221,799.1468,1,2.8383,1,906.9822,670.0187,1,2.8006,1,981.0022,734.5827,2.8195,
438039181913,21698.9,1076.3101,799.1639,1,2.8376,1,919.2738,675.2102,1,2.7646,1,997.7919,737.1871,2.8011,
438039185913,21702.9,1053.2429,780.2731,1,2.8706,1,910.2511,672.9909,1,2.7809,1,981.747,726.632,2.8258,
438039189913,21706.9,1065.8534,785.9766,1,2.8436,1,914.1521,691.0505,1,2.7433,1,990.0027,738.5135,2.7934,
438039193913,21710.9,1054.0775,787.701,1,2.8466,1,914.3442,684.1023,1,2.7267,1,984.2109,735.9017,2.7867,
438039197914,21714.9,1048.5225,783.6162,1,2.8546,1,912.8225,680.0797,1,2.7557,1,980.6725,731.848,2.8051,
438039201914,21718.9,1062.7975,777.4431,1,2.8568,1,912.7192,677.834,1,2.7363,1,987.7584,727.6385,2.7965,
438039205913,21722.9,1071.1728,778.7314,1,2.8984,1,921.5739,660.4376,1,2.8071,1,996.3734,719.5845,2.8528,
438039209913,21726.9,1042.9895,784.9493,1,2.8477,1,925.3293,681.038,1,2.7652,1,984.1594,732.9936,2.8064,
438039213913,21730.9,1064.6656,782.2613,1,2.8885,1,923.5107,667.2678,1,2.7803,1,994.0881,724.7645,2.8344,
438039217913,21734.9,1055.4057,778.8857,1,2.8044,1,905.0252,671.0992,1,2.7746,1,980.2155,724.9925,2.7895,
438039221913,21738.9,1071.3306,763.747,1,2.8784,1,902.0472,661.5302,1,2.792,1,986.6889,712.6386,2.8352,
438039225913,21742.9,1058.2954,783.6196,1,2.8754,1,916.1444,672.4281,1,2.7471,1,987.2199,728.0239,2.8113,
438039229912,21746.9,1022.6873,796.0973,1,2.8946,1,888.9815,705.0667,1,2.7688,1,955.8344,750.582,2.8317,
438039233912,21750.9,974.3731,841.6095,1,2.8991,1,851.4314,732.4827,1,2.7924,1,912.9023,787.0461,2.8457,
438039237912,21754.9,923.2155,883.1158,1,2.8835,1,818.0251,765.937,1,2.838,1,870.6203,824.5264,2.8608,
438039241912,21758.9,927.4059,902.6407,1,2.8756,1,809.0252,798.4851,1,2.8391,1,868.2156,850.5629,2.8573,
438039245913,21762.9,961.0166,915.0182,1,2.8909,1,807.9003,814.4994,1,2.818,1,884.4584,864.7588,2.8544,
438039249913,21766.9,977.2623,914.0438,1,2.8536,1,801.8862,803.9103,1,2.8222,1,889.5742,858.977,2.8379,
438039253912,21770.9,972.8412,903.267,1,2.8748,1,816.0297,791.0726,1,2.8269,1,894.4355,847.1698,2.8509,
438039257912,21774.9,971.639,884.9885,1,2.8643,1,805.023,770.3438,1,2.8327,1,888.331,827.6662,2.8485,
438039261913,21778.9,965.9114,898.305,1,2.8961,1,810.5812,780.5386,1,2.8462,1,888.2463,839.4218,2.8712,
438039265913,21782.9,955.6731,908.9698,1,2.8609,1,800.9267,804.4846,1,2.8044,1,878.2999,856.7272,2.8326,
438039269912,21786.9,964.3948,914.6254,1,2.8826,1,805.9392,798.1831,1,2.8132,1,885.167,856.4043,2.8479,
438039273912,21790.9,956.4637,904.2669,1,2.9157,1,806.3825,812.0845,1,2.7983,1,881.4231,858.1757,2.857,
438039277913,21794.9,957.2232,915.1766,1,2.8785,1,794.0722,796.7406,1,2.8379,1,875.6477,855.9586,2.8582,
438039281913,21798.9,962.0316,907.2104,1,2.9145,1,802.1795,802.5128,1,2.8431,1,882.1055,854.8616,2.8788,
438039285912,21802.9,963.3675,912.1178,1,2.8833,1,800.3465,809.939,1,2.8391,1,881.857,861.0284,2.8612,
438039289912,21806.9,960.23,916.5561,1,2.8869,1,803.6307,813.0461,1,2.8261,1,881.9304,864.8011,2.8565,
438039293913,21810.9,962.266,909.7391,1,2.9095,1,794.2669,811.8065,1,2.7956,1,878.2665,860.7728,2.8525,
438039297913,21814.9,957.8628,904.4077,1,2.8766,1,801.9187,816.9381,1,2.8019,1,879.8907,860.6729,2.8392,
438039301912,21818.9,954.0152,910.6597,1,2.8663,1,815.3329,798.3325,1,2.8629,1,884.674,854.4961,2.8646,
438039305912,21822.9,963.2751,889.8441,1,2.8769,1,802.6191,811.907,1,2.8398,1,882.9471,850.8755,2.8583,
438039309912,21826.9,957.9731,903.1422,1,2.8614,1,798.2635,795.3473,1,2.8527,1,878.1183,849.2448,2.857,
438039313913,21830.9,961.9941,896.6468,1,2.8667,1,808.6487,818.2051,1,2.8357,1,885.3214,857.426,2.8512,
438039317913,21834.9,963.1837,895.7897,1,2.9021,1,801.9524,809.5676,1,2.8396,1,882.5681,852.6787,2.8709,
438039321913,21838.9,967.6764,889.4049,1,2.92,1,799.8186,811.1238,1,2.8366,1,883.7475,850.2643,2.8783,
438039325913,21842.9,967.9492,887.4816,1,2.894,1,795.2376,818.3669,1,2.8602,1,881.5934,852.9242,2.8771,
438039329912,21846.9,971.4643,897.3605,1,2.8865,1,807.8175,810.2636,1,2.8582,1,889.6409,853.812,2.8723,
438039333912,21850.9,959.5325,900.1686,1,2.8925,1,802.2273,804.5664,1,2.8526,1,880.8799,852.3675,2.8725,
438039337913,21854.9,961.3124,894.8296,1,2.8919,1,806.0983,813.9896,1,2.8568,1,883.7053,854.4096,2.8743,
438039341913,21858.9,971.167,895.2411,1,2.9105,1,813.2755,807.0578,1,2.8365,1,892.2213,851.1495,2.8735,
438039345913,21862.9,962.4347,888.2408,1,2.8995,1,798.4883,808.9653,1,2.8583,1,880.4615,848.603,2.8789,
438039349913,21866.9,967.3287,892.798,1,2.8645,1,814.4754,814.3784,1,2.8498,1,890.902,853.5882,2.8571,
438039353915,21870.9,967.4856,899.3732,1,2.9124,1,815.132,809.903,1,2.8306,1,891.3088,854.6381,2.8715,
438039357915,21874.9,967.506,880.3697,1,2.9261,1,802.6064,806.9282,1,2.8401,1,885.0562,843.649,2.8831,
438039361914,21878.9,972.9311,888.7496,1,2.9471,1,797.3019,816.6475,1,2.8548,1,885.1165,852.6985,2.9009,
438039365915,21882.9,968.7666,894.9093,1,2.9222,1,794.7725,798.5223,1,2.8741,1,881.7696,846.7158,2.8982,
438039369915,21886.9,976.5747,894.0779,1,2.8933,1,807.2857,798.2917,1,2.8607,1,891.9302,846.1848,2.877,
438039373915,21890.9,973.3702,891.8037,1,2.9126,1,815.1604,804.5958,1,2.8688,1,894.2653,848.1997,2.8907,
438039377915,21894.9,970.1981,888.1655,1,2.9468,1,805.5949,806.2626,1,2.8729,1,887.8965,847.2141,2.9098,
438039381915,21898.9,972.0644,879.1047,1,2.9151,1,806.6933,802.6538,1,2.9005,1,889.3788,840.8792,2.9078,
438039385915,21902.9,967.3907,902.7873,1,2.88,1,813.2129,804.5876,1,2.8807,1,890.3018,853.6875,2.8803,
438039389915,21906.9,972.8141,881.9857,1,2.9229,1,815.4505,807.3506,1,2.8591,1,894.1323,844.6682,2.891,
438039393915,21910.9,972.5804,882.1947,1,2.9593,1,803.3159,794.9211,1,2.9003,1,887.9481,838.5579,2.9298,
438039397915,21914.9,970.4693,890.286,1,2.9204,1,804.6194,803.5023,1,2.8536,1,887.5444,846.8942,2.887,
438039401915,21918.9,966.6015,877.0266,1,2.9436,1,805.6581,823.2872,1,2.7829,1,886.1298,850.1569,2.8632,
438039405915,21922.9,972.0782,896.9517,1,2.9148,1,800.2192,809.3542,1,2.8667,1,886.1487,853.153,2.8907,
438039409915,21926.9,964.7639,882.166,1,2.9403,1,814.7439,816.2877,1,2.8246,1,889.7539,849.2269,2.8824,
438039413915,21930.9,967.3448,892.7379,1,2.9383,1,804.4347,807.1404,1,2.8776,1,885.8897,849.9392,2.908,
438039417915,21934.9,966.0149,892.345,1,2.903,1,817.9974,808.4373,1,2.8581,1,892.0062,850.3911,2.8806,
438039421915,21938.9,966.2685,890.6289,1,2.9257,1,807.9177,801.2548,1,2.8498,1,887.0931,845.9418,2.8878,
438039425915,21942.9,953.2932,905.2055,1,2.8981,1,811.1311,810.1141,1,2.8429,1,882.2122,857.6598,2.8705,
438039429915,21946.9,988.7528,895.4364,1,2.9447,1,823.4491,799.6642,1,2.8729,1,906.101,847.5503,2.9088,
438039433915,21950.9,966.9862,892.4771,1,2.9717,1,812.2383,792.3862,1,2.8414,1,889.6122,842.4317,2.9066,
438039437915,21954.9,962.0836,902.1776,1,2.925,1,816.1883,793.9946,1,2.8401,1,889.136,848.0861,2.8825,
438039441915,21958.9,971.0937,899.384,1,2.9437,1,817.5661,808.5662,1,2.8371,1,894.3299,853.9751,2.8904,
438039445915,21962.9,951.644,902.6847,1,2.9304,1,821.6168,774.2256,1,2.9196,1,886.6304,838.4552,2.925,
438039449915,21966.9,963.4705,889.1235,1,2.9432,1,823.9282,783.25,1,2.9115,1,893.6994,836.1868,2.9273,
438039453914,21970.9,972.4674,912.2419,1,2.9264,1,813.6327,807.7018,1,2.8365,1,893.0501,859.9718,2.8815,
438039457914,21974.9,967.9795,904.7709,1,2.9534,1,811.9278,794.0649,1,2.8705,1,889.9536,849.4179,2.912,
438039461914,21978.9,974.2116,902.6142,1,2.9312,1,819.2651,793.637,1,2.8502,1,896.7383,848.1256,2.8907,
438039465914,21982.9,969.1849,905.1416,1,2.924,1,818.1493,807.2328,1,2.8289,1,893.6671,856.1872,2.8764,
438039469914,21986.9,962.5703,910.4283,1,2.9164,1,816.3614,783.0485,1,2.869,1,889.4659,846.7384,2.8927,
438039473914,21990.9,968.5085,898.8649,1,2.9519,1,824.7451,790.668,1,2.8725,1,896.6268,844.7665,2.9122,
438039477914,21994.9,966.6496,902.9478,1,2.9448,1,825.8784,802.6092,1,2.8272,1,896.264,852.7785,2.886,
438039481914,21998.9,970.3814,904.1412,1,2.9397,1,819.1184,798.2906,1,2.8465,1,894.7499,851.2159,2.8931,
438039485912,22002.9,975.5715,898.8597,1,2.9362,1,824.4624,805.5274,1,2.8146,1,900.017,852.1936,2.8754,
438039489912,22006.9,966.7585,912.3288,1,2.9363,1,809.414,785.2108,1,2.8677,1,888.0863,848.7698,2.902,
438039493912,22010.9,973.6412,893.5179,1,2.9748,1,817.9769,789.2307,1,2.8686,1,895.8091,841.3743,2.9217,
438039497912,22014.9,969.5762,905.1496,1,2.9153,1,816.5214,794.7811,1,2.8641,1,893.0488,849.9653,2.8897,
438039501912,22018.9,963.4876,901.904,1,2.9638,1,821.4813,791.828,1,2.8745,1,892.4844,846.866,2.9192,
438039505912,22022.9,984.2719,904.8423,1,2.9606,1,819.8945,794.4023,1,2.8631,1,902.0832,849.6223,2.9118,
438039509912,22026.9,968.52,915.7605,1,2.9211,1,815.8344,809.8554,1,2.8087,1,892.1772,862.808,2.8649,
438039513912,22030.9,975.0461,909.3794,1,2.924,1,812.4902,795.9589,1,2.8327,1,893.7682,852.6691,2.8784,
438039517912,22034.9,958.5549,906.6512,1,2.9052,1,824.8079,780.859,1,2.8668,1,891.6814,843.7551,2.886,
438039521912,22038.9,968.9471,907.3099,1,2.9064,1,816.4108,804.2641,1,2.8225,1,892.6789,855.787,2.8644,
438039525912,22042.9,976.401,931.4828,1,2.9351,1,825.2003,804.476,1,2.8673,1,900.8007,867.9794,2.9012,
438039529912,22046.9,997.3639,934.3028,1,2.9661,1,843.0909,828.4783,1,2.8368,1,920.2274,881.3905,2.9014,
438039533912,22050.9,997.1417,951.9519,1,2.9614,1,844.5158,840.798,1,2.8387,1,920.8288,896.3749,2.9001,
438039537912,22054.9,1001.2113,931.42,1,2.9664,1,848.9936,838.565,1,2.8649,1,925.1024,884.9925,2.9156,
438039541912,22058.9,993.0243,927.8613,1,2.9431,1,829.7289,829.3132,1,2.8409,1,911.3766,878.5872,2.892,
438039545912,22062.9,984.1895,932.7072,1,2.9063,1,829.8306,814.493,1,2.8435,1,907.01,873.6001,2.8749,
438039549912,22066.9,994.1798,928.7517,1,2.9286,1,826.9979,821.6455,1,2.8262,1,910.5889,875.1986,2.8774,
438039553912,22070.9,993.5525,925.1003,1,2.9407,1,838.8626,812.5911,1,2.868,1,916.2075,868.8457,2.9043,
438039557911,22074.9,989.6599,935.0984,1,2.9137,1,833.9605,823.0567,1,2.8498,1,911.8102,879.0775,2.8817,
438039561912,22078.9,995.9786,922.4931,1,2.9697,1,826.783,823.0276,1,2.825,1,911.3808,872.7604,2.8973,
438039565912,22082.9,1003.5884,922.088,1,2.9607,1,833.2221,818.7986,1,2.8409,1,918.4052,870.4433,2.9008,
438039569912,22086.9,995.0165,934.5654,1,2.963,1,832.5154,828.3762,1,2.8545,1,913.766,881.4708,2.9088,
438039573912,22090.9,997.8922,923.2705,1,2.9448,1,831.7634,822.9124,1,2.8472,1,914.8278,873.0915,2.896,
438039577912,22094.9,995.5145,927.068,1,2.932,1,836.2582,814.4511,1,2.8622,1,915.8863,870.7595,2.8971,
438039581911,22098.9,994.3865,926.165,1,2.9786,1,849.6,818.8617,1,2.8432,1,921.9933,872.5133,2.9109,
438039585912,22102.9,988.9596,937.9415,1,2.8997,1,840.5857,807.7408,1,2.8684,1,914.7726,872.8412,2.8841,
438039589912,22106.9,987.557,923.742,1,2.9724,1,836.1356,821.9787,1,2.8586,1,911.8463,872.8604,2.9155,
438039593912,22110.9,989.3251,926.024,1,2.9386,1,836.7744,820.1119,1,2.8538,1,913.0498,873.0679,2.8962,
438039597912,22114.9,991.2729,924.486,1,2.9086,1,848.6142,825.9722,1,2.8213,1,919.9436,875.2291,2.8649,
438039601912,22118.9,998.0058,920.0274,1,2.9778,1,836.5994,826.8552,1,2.7972,1,917.3026,873.4413,2.8875,
438039605911,22122.9,997.7393,921.7304,1,2.944,1,835.4033,828.7848,1,2.8344,1,916.5713,875.2576,2.8892,
438039609912,22126.9,990.4057,933.7433,1,2.9386,1,839.1034,806.3055,1,2.8771,1,914.7545,870.0244,2.9078,
438039613911,22130.9,997.3006,926.6556,1,2.934,1,849.3516,824.8435,1,2.8299,1,923.3261,875.7495,2.882,
438039617912,22134.9,1000.141,918.7378,1,2.9548,1,836.1992,838.8613,1,2.7897,1,918.1701,878.7996,2.8723,
438039621912,22138.9,995.2863,937.857,1,2.8861,1,841.1437,816.0248,1,2.8654,1,918.215,876.9409,2.8758,
438039625912,22142.9,993.1152,935.1687,1,2.9381,1,840.0705,822.8332,1,2.8249,1,916.5928,879.0009,2.8815,
438039629911,22146.9,997.736,923.4615,1,2.9052,1,837.5808,810.3937,1,2.8124,1,917.6584,866.9276,2.8588,
438039633912,22150.9,994.4207,928.2748,1,2.9251,1,839.4477,828.6242,1,2.801,1,916.9342,878.4495,2.8631,
438039637911,22154.9,1000.3328,923.3915,1,2.9346,1,834.7091,815.4151,1,2.8582,1,917.5209,869.4033,2.8964,
438039641912,22158.9,1000.6733,928.3972,1,2.9192,1,842.4918,810.8169,1,2.8403,1,921.5826,869.6071,2.8798,
438039645912,22162.9,993.6309,921.031,1,2.9587,1,848.2416,820.9888,1,2.8075,1,920.9363,871.0099,2.8831,
438039649912,22166.9,994.5034,913.887,1,2.9588,1,842.1879,823.0501,1,2.813,1,918.3457,868.4686,2.8859,
438039653911,22170.9,1001.3673,920.4349,1,2.9173,1,842.401,811.5584,1,2.8739,1,921.8842,865.9966,2.8956,
438039657912,22174.9,996.4059,906.8131,1,2.9392,1,839.9081,810.3446,1,2.8411,1,918.157,858.5789,2.8901,
438039661911,22178.9,990.4637,917.6002,1,2.9247,1,839.9821,822.6758,1,2.8206,1,915.2229,870.138,2.8726,
438039665912,22182.9,995.0953,906.0813,1,2.9425,1,840.3977,823.9669,1,2.8142,1,917.7465,865.0241,2.8783,
438039669912,22186.9,1002.8197,913.9899,1,2.9317,1,837.5311,813.7343,1,2.8614,1,920.1754,863.8621,2.8965,
438039673912,22190.9,992.4186,926.6413,1,2.9232,1,831.0075,824.923,1,2.8423,1,911.713,875.7821,2.8828,
438039677911,22194.9,1005.9049,913.2513,1,2.9433,1,833.1171,810.4203,1,2.8566,1,919.511,861.8358,2.8999,
438039681912,22198.9,991.4732,925.0274,1,2.9053,1,845.9882,811.8448,1,2.8515,1,918.7307,868.4361,2.8784,
438039685911,22202.9,991.2609,918.5714,1,2.9474,1,844.1065,817.2475,1,2.8692,1,917.6837,867.9094,2.9083,
438039689912,22206.9,999.197,915.3663,1,2.9229,1,854.8346,818.2756,1,2.8148,1,927.0158,866.821,2.8689,
438039693912,22210.9,1002.0469,920.0809,1,2.9274,1,833.6959,815.4133,1,2.8359,1,917.8714,867.7471,2.8817,
438039697912,22214.9,997.2907,924.5304,1,2.9178,1,850.5974,820.9527,1,2.8403,1,923.944,872.7415,2.8791,
438039701911,22218.9,999.1141,915.5929,1,2.9561,1,837.9786,817.9665,1,2.8311,1,918.5464,866.7797,2.8936,
438039705912,22222.9,995.762,909.0522,1,2.9554,1,846.9233,815.8766,1,2.8282,1,921.3427,862.4644,2.8918,
438039709911,22226.9,994.747,932.2151,1,2.9166,1,852.3384,829.1067,1,2.833,1,923.5427,880.6609,2.8748,
438039713912,22230.9,1010.3849,916.1152,1,2.95,1,853.0008,816.4267,1,2.8834,1,931.6928,866.271,2.9167,
438039717912,22234.9,1002.0846,933.1665,1,2.9221,1,842.4022,826.6119,1,2.8269,1,922.2434,879.8892,2.8745,
438039721912,22238.9,994.2873,940.4602,1,2.8841,1,841.5179,825.3411,1,2.8387,1,917.9026,882.9006,2.8614,
438039725912,22242.9,994.246,928.9139,1,2.94,1,844.6886,829.7327,1,2.8465,1,919.4673,879.3233,2.8933,
438039729911,22246.9,1009.7043,914.1768,1,2.9734,1,853.8932,830.8367,1,2.8209,1,931.7988,872.5067,2.8972,
438039733912,22250.9,1003.7519,920.4417,1,2.9256,1,853.4563,840.5625,1,2.8103,1,928.6041,880.5021,2.868,
438039737911,22254.9,986.5722,918.0658,1,2.9578,1,848.7332,801.2375,1,2.9068,1,917.6527,859.6516,2.9323,
438039741912,22258.9,1001.0743,909.6089,1,2.9533,1,841.1005,821.9122,1,2.8543,1,921.0874,865.7605,2.9038,
438039745910,22262.9,998.4087,926.3724,1,2.886,1,841.0,829.3261,1,2.8691,1,919.7043,877.8493,2.8775,
438039749910,22266.9,1001.0121,911.8618,1,2.9236,1,846.6115,813.8812,1,2.8397,1,923.8118,862.8715,2.8817,
438039753910,22270.9,1005.9504,916.8696,1,2.9189,1,837.8046,829.3412,1,2.8253,1,921.8775,873.1054,2.8721,
438039757909,22274.9,1001.9019,909.9986,1,2.9133,1,853.4515,824.9106,1,2.8287,1,927.6767,867.4546,2.871,
438039761910,22278.9,997.2323,910.2798,1,2.9123,1,844.0182,826.8752,1,2.7983,1,920.6253,868.5775,2.8553,
438039765909,22282.9,990.4805,889.2682,1,2.9479,1,851.2872,814.7604,1,2.8497,1,920.8839,852.0143,2.8988,
438039769910,22286.9,1001.711,898.218,1,2.9522,1,849.3233,820.4098,1,2.8307,1,925.5171,859.3139,2.8915,
438039773910,22290.9,1004.1837,905.8228,1,2.9226,1,853.028,822.3072,1,2.794,1,928.6058,864.065,2.8583,
438039777909,22294.9,1001.8016,908.731,1,2.8986,1,852.991,828.0824,1,2.847,1,927.3963,868.4067,2.8728,
438039781908,22298.9,1001.0863,908.4025,1,2.931,1,851.3564,813.5367,1,2.8399,1,926.2214,860.9696,2.8855,
438039785909,22302.9,1005.6626,905.6068,1,2.948,1,848.5796,817.2796,1,2.8351,1,927.1211,861.4432,2.8915,
438039789908,22306.9,1005.073,910.5612,1,2.9656,1,844.0973,828.0132,1,2.8102,1,924.5852,869.2872,2.8879,
438039793909,22310.9,1009.711,934.9198,1,2.9239,1,844.3839,817.0332,1,2.8458,1,927.0474,875.9765,2.8848,
438039797909,22314.9,1013.102,929.6479,1,2.933,1,841.6076,818.8927,1,2.8481,1,927.3548,874.2703,2.8905,
438039801909,22318.9,1004.8541,917.5546,1,2.9354,1,844.1674,817.8242,1,2.8431,1,924.5108,867.6894,2.8892,
438039805908,22322.9,999.4186,927.3899,1,2.957,1,839.4701,822.282,1,2.8206,1,919.4443,874.8359,2.8888,
438039809909,22326.9,1016.2264,922.1641,1,2.9407,1,863.0506,824.209,1,2.835,1,939.6385,873.1865,2.8878,
438039813908,22330.9,1010.1522,926.2561,1,2.9055,1,856.0119,815.8038,1,2.8563,1,933.0821,871.03,2.8809,
438039817909,22334.9,1010.4112,924.0243,1,2.9312,1,847.8978,827.4677,1,2.8361,1,929.1545,875.746,2.8837,
438039821909,22338.9,1005.9685,935.3643,1,2.8977,1,857.6139,822.5624,1,2.8587,1,931.7912,878.9633,2.8782,
438039825909,22342.9,1005.5476,922.9793,1,2.9192,1,854.4256,808.3537,1,2.8688,1,929.9866,865.6665,2.894,
438039829908,22346.9,1007.2055,918.9687,1,2.9176,1,851.8691,834.4475,1,2.781,1,929.5373,876.7081,2.8493,
438039833909,22350.9,997.1876,930.1653,1,2.923,1,847.8967,826.8412,1,2.8441,1,922.5421,878.5032,2.8835,
438039837908,22354.9,1016.7373,927.4125,1,2.9033,1,848.984,816.7815,1,2.8625,1,932.8607,872.097,2.8829,
438039841909,22358.9,1008.262,927.1871,1,2.9101,1,852.3498,828.2398,1,2.8569,1,930.3059,877.7135,2.8835,
438039845909,22362.9,1003.2349,914.2879,1,2.9406,1,846.4755,818.4527,1,2.8515,1,924.8552,866.3703,2.8961,
438039849909,22366.9,1006.467,920.3973,1,2.9245,1,853.2531,815.3579,1,2.8409,1,929.8601,867.8776,2.8827,
438039853908,22370.9,1006.9719,921.861,1,2.9158,1,851.0102,803.7707,1,2.8728,1,928.9911,862.8158,2.8943,
438039857909,22374.9,1020.597,918.7535,1,2.9382,1,839.5019,829.691,1,2.8238,1,930.0495,874.2223,2.881,
438039861908,22378.9,1007.4522,914.3697,1,2.9189,1,849.0813,814.069,1,2.8725,1,928.2668,864.2194,2.8957,
438039865909,22382.9,1016.1021,916.9422,1,2.9091,1,849.8246,811.5842,1,2.8754,1,932.9634,864.2632,2.8922,
438039868466,22385.5,,,0,,0,,,0,,0,,,,Trial_1_Video_End
438039868520,22385.5,,,0,,0,,,0,,0,,,,Trial_1_LookingTime_10.0
438039869909,22386.9,999.5785,905.932,1,2.9354,1,846.7442,816.162,1,2.8422,1,923.1614,861.047,2.8888,
438039873909,22390.9,994.446,891.2104,1,2.942,1,823.3645,800.4979,1,2.8633,1,908.9052,845.8542,2.9027,
438039877912,22394.9,973.2351,876.7634,1,2.9851,1,822.3823,783.9807,1,2.8682,1,897.8087,830.3721,2.9266,
438039881913,22398.9,993.8467,856.0474,1,2.9649,1,821.1306,794.1257,1,2.7977,1,907.4886,825.0865,2.8813,
438039885912,22402.9,993.7804,878.3459,1,2.9075,1,835.2613,797.3355,1,2.8295,1,914.5209,837.8407,2.8685,
438039889913,22406.9,997.0453,880.5555,1,2.9268,1,832.4972,799.4268,1,2.8503,1,914.7713,839.9911,2.8885,
438039893913,22410.9,996.5504,876.2269,1,2.9439,1,838.0919,790.1477,1,2.8602,1,917.3211,833.1873,2.9021,
438039897913,22414.9,996.6482,876.4191,1,2.9222,1,835.2584,798.3813,1,2.8352,1,915.9533,837.4002,2.8787,
438039901912,22418.9,989.9588,877.4779,1,2.91,1,836.8906,773.9064,1,2.8683,1,913.4247,825.6922,2.8892,
438039905913,22422.9,997.5298,878.55,1,2.9184,1,830.7312,802.9253,1,2.8214,1,914.1305,840.7377,2.8699,
438039909912,22426.9,990.4126,895.899,1,2.9094,1,846.9753,802.4925,1,2.8144,1,918.694,849.1958,2.8619,
438039913913,22430.9,1000.1745,868.7651,1,2.9588,1,837.1585,790.8696,1,2.8841,1,918.6665,829.8174,2.9215,
438039917913,22434.9,998.3453,879.6625,1,2.977,1,832.6682,780.2633,1,2.8577,1,915.5067,829.9629,2.9173,
438039921913,22438.9,995.114,888.2914,1,2.9209,1,831.5477,793.165,1,2.8721,1,913.3309,840.7282,2.8965,
438039925913,22442.9,997.5748,885.2092,1,2.9328,1,830.0693,794.2384,1,2.8526,1,913.8221,839.7238,2.8927,
438039929912,22446.9,999.5914,858.5171,1,2.9537,1,824.6537,794.3682,1,2.8795,1,912.1226,826.4427,2.9166,
438039933913,22450.9,993.4449,882.7602,1,2.9434,1,823.175,788.6204,1,2.8603,1,908.31,835.6903,2.9018,
438039937912,22454.9,1005.6284,874.404,1,2.9193,1,834.9108,786.1395,1,2.8533,1,920.2696,830.2718,2.8863,
438039941913,22458.9,999.0961,873.6458,1,2.9572,1,819.9165,795.9218,1,2.8809,1,909.5063,834.7838,2.919,
438039945913,22462.9,991.2085,874.2036,1,2.972,1,832.157,786.9339,1,2.8692,1,911.6827,830.5687,2.9206,
438039949913,22466.9,993.7732,871.0042,1,2.9793,1,828.5898,786.4905,1,2.869,1,911.1815,828.7474,2.9241,
438039953913,22470.9,997.2263,904.5985,1,2.9348,1,828.5405,802.3188,1,2.8681,1,912.8834,853.4586,2.9014,
438039957912,22474.9,983.7207,889.6145,1,2.9454,1,842.731,794.9051,1,2.8594,1,913.2259,842.2598,2.9024,
438039961913,22478.9,990.23,885.5479,1,2.952,1,833.2227,790.7457,1,2.8331,1,911.7264,838.1468,2.8926,
438039965912,22482.9,1005.0333,904.6911,1,2.9413,1,847.9076,796.1978,1,2.8343,1,926.4704,850.4444,2.8878,
438039969913,22486.9,1005.6411,892.8749,1,2.9321,1,838.8636,773.9664,1,2.8939,1,922.2523,833.4207,2.913,
438039973913,22490.9,997.2181,903.7637,1,2.9557,1,831.8272,792.9694,1,2.8595,1,914.5227,848.3666,2.9076,
438039977913,22494.9,992.6912,900.5279,1,2.8852,1,838.8827,794.5754,1,2.8485,1,915.787,847.5517,2.8668,
438039981913,22498.9,1000.3046,894.2014,1,2.956,1,836.768,771.4376,1,2.883,1,918.5363,832.8195,2.9195,
438039985913,22502.9,990.1499,896.2677,1,2.966,1,852.8249,790.5929,1,2.8322,1,921.4874,843.4303,2.8991,
438039989912,22506.9,1002.9584,886.6833,1,2.9533,1,840.1543,777.1698,1,2.8554,1,921.5563,831.9266,2.9043,
438039993912,22510.9,998.8903,892.4895,1,2.9251,1,845.6501,780.1725,1,2.8501,1,922.2702,836.331,2.8876,
438039997913,22514.9,995.3113,894.6285,1,2.956,1,848.7215,779.1856,1,2.8703,1,922.0164,836.907,2.9132,
438040001913,22518.9,996.7615,896.8102,1,2.9456,1,835.54,778.9211,1,2.8668,1,916.1507,837.8657,2.9062,
438040005913,22522.9,991.427,891.7096,1,2.9411,1,843.275,782.4857,1,2.8806,1,917.351,837.0977,2.9109,
438040009913,22526.9,992.1285,902.0572,1,2.9105,1,835.8484,795.3356,1,2.8522,1,913.9885,848.6964,2.8813,
438040013912,22530.9,1002.4318,894.8355,1,2.9638,1,830.6399,790.1605,1,2.8484,1,916.5359,842.498,2.9061,
438040017912,22534.9,1006.0395,888.9851,1,2.924,1,843.6048,775.7125,1,2.8746,1,924.8221,832.3488,2.8993,
438040021913,22538.9,996.2353,896.4623,1,2.9383,1,838.4012,794.2901,1,2.8529,1,917.3183,845.3762,2.8956,
438040025913,22542.9,999.1912,890.8599,1,2.9366,1,846.5884,790.1008,1,2.8498,1,922.8898,840.4804,2.8932,
438040029913,22546.9,1002.737,896.0705,1,2.9257,1,838.5035,795.3357,1,2.8517,1,920.6203,845.7031,2.8887,
438040033913,22550.9,996.2146,894.526,1,2.8935,1,842.7537,782.3704,1,2.8444,1,919.4841,838.4482,2.8689,
438040037912,22554.9,1007.1085,894.6579,1,2.9493,1,835.7802,789.8257,1,2.8512,1,921.4443,842.2418,2.9002,
438040041912,22558.9,1013.9783,895.1737,1,2.9218,1,837.9442,790.7926,1,2.8701,1,925.9613,842.9832,2.896,
438040045913,22562.9,1007.8956,890.7661,1,2.9467,1,839.9897,799.2395,1,2.8474,1,923.9426,845.0028,2.8971,
438040049913,22566.9,1002.6827,892.8266,1,2.9196,1,840.158,793.6178,1,2.8503,1,921.4204,843.2222,2.885,
438040053913,22570.9,998.558,882.6615,1,2.9509,1,845.4263,778.3389,1,2.8903,1,921.9921,830.5002,2.9206,
438040057913,22574.9,1012.4213,895.7613,1,2.9218,1,836.4525,779.5357,1,2.8558,1,924.4369,837.6485,2.8888,
438040061912,22578.9,1014.9671,898.3356,1,2.9365,1,857.0613,783.9598,1,2.8788,1,936.0142,841.1477,2.9077,
438040065912,22582.9,1006.0498,881.839,1,2.958,1,863.3446,779.8619,1,2.8881,1,934.6972,830.8504,2.9231,
438040069913,22586.9,1014.5956,883.7485,1,2.9254,1,840.2987,795.7651,1,2.874,1,927.4472,839.7568,2.8997,
438040073913,22590.9,1001.9305,898.1353,1,2.9459,1,839.6094,790.593,1,2.8414,1,920.7699,844.3642,2.8936,
438040077913,22594.9,998.8853,904.4563,1,2.9048,1,856.3025,795.5809,1,2.8401,1,927.5939,850.0186,2.8725,
438040081913,22598.9,1009.045,901.1224,1,2.9217,1,849.9108,792.724,1,2.8614,1,929.4779,846.9232,2.8915,
438040085912,22602.9,1001.5342,895.4758,1,2.9386,1,827.503,771.4138,1,2.8998,1,914.5186,833.4448,2.9192,
438040089912,22606.9,1002.9886,891.4601,1,2.9477,1,850.3472,782.1014,1,2.8436,1,926.6679,836.7808,2.8957,
438040093913,22610.9,1005.8084,901.6483,1,2.9365,1,846.4617,786.4919,1,2.8765,1,926.1351,844.0701,2.9065,
438040097913,22614.9,1000.0784,908.9349,1,2.9347,1,851.2253,781.1997,1,2.8599,1,925.6518,845.0673,2.8973,
438040101912,22618.9,1011.8817,895.0227,1,2.9274,1,842.0465,787.8228,1,2.8414,1,926.9641,841.4228,2.8844,
438040105912,22622.9,1002.5583,900.7546,1,2.9339,1,856.421,789.4937,1,2.8543,1,929.4897,845.1242,2.8941,
438040109911,22626.9,1013.014,908.0153,1,2.9317,1,859.9858,789.8891,1,2.8872,1,936.4999,848.9522,2.9094,
438040113911,22630.9,1002.7843,893.9594,1,2.9258,1,848.1322,789.7215,1,2.8594,1,925.4582,841.8404,2.8926,
438040117912,22634.9,1010.0145,908.7103,1,2.9366,1,849.8285,789.3722,1,2.8266,1,929.9215,849.0413,2.8816,
438040121912,22638.9,1006.0336,887.2942,1,2.9624,1,840.5842,790.7188,1,2.8419,1,923.3089,839.0065,2.9021,
438040125912,22642.9,1004.0868,897.3482,1,2.9283,1,845.9379,781.0419,1,2.8686,1,925.0124,839.1951,2.8985,
438040129912,22646.9,1003.0383,900.1014,1,2.9017,1,856.1073,800.2998,1,2.8316,1,929.5728,850.2006,2.8667,
438040133911,22650.9,1005.5209,907.5541,1,2.9298,1,843.4895,801.4161,1,2.8112,1,924.5052,854.4851,2.8705,
438040137909,22654.9,1000.6915,896.4303,1,2.9123,1,833.4514,784.1648,1,2.8488,1,917.0715,840.2975,2.8806,
438040141910,22658.9,1004.7154,890.1037,1,2.9288,1,842.8524,799.9417,1,2.8269,1,923.7839,845.0227,2.8778,
438040145910,22662.9,1009.5575,874.9817,1,2.97,1,850.7397,781.6742,1,2.8512,1,930.1486,828.328,2.9106,
438040149910,22666.9,1019.5443,889.758,1,2.9261,1,853.11,781.0556,1,2.8623,1,936.3271,835.4068,2.8942,
438040153910,22670.9,1004.4746,889.536,1,2.9307,1,854.582,789.4515,1,2.8492,1,929.5283,839.4937,2.8899,
438040157910,22674.9,1011.5916,890.9356,1,2.9137,1,852.8198,795.8995,1,2.8053,1,932.2057,843.4175,2.8595,
438040161909,22678.9,1010.5484,886.7788,1,2.9377,1,852.3841,798.378,1,2.8203,1,931.4662,842.5784,2.879,
438040165909,22682.9,1006.6636,892.8517,1,2.9354,1,847.5031,770.7373,1,2.8832,1,927.0834,831.7945,2.9093,
438040169910,22686.9,1005.8718,890.5275,1,2.9129,1,854.0135,785.3017,1,2.8388,1,929.9426,837.9146,2.8759,
438040173909,22690.9,1011.7767,880.2995,1,2.8914,1,853.608,792.7502,1,2.8255,1,932.6924,836.5248,2.8584,
438040177910,22694.9,1009.6809,894.968,1,2.9076,1,851.8524,787.3846,1,2.8395,1,930.7666,841.1763,2.8736,
438040181910,22698.9,1013.381,883.3846,1,2.9169,1,840.1124,783.7129,1,2.861,1,926.7467,833.5488,2.889,
438040185909,22702.9,996.9341,883.426,1,2.8984,1,847.3414,790.7482,1,2.8294,1,922.1378,837.0871,2.8639,
438040189909,22706.9,1008.5154,875.0568,1,2.9288,1,852.4574,790.6158,1,2.8227,1,930.4864,832.8363,2.8757,
438040193910,22710.9,1003.7336,880.677,1,2.928,1,843.1877,796.9431,1,2.8134,1,923.4606,838.8101,2.8707,
438040197909,22714.9,1004.153,866.4657,1,2.9483,1,855.2229,800.9771,1,2.7999,1,929.6879,833.7214,2.8741,
438040201910,22718.9,1008.4151,888.4881,1,2.8896,1,842.6593,800.0346,1,2.8012,1,925.5372,844.2614,2.8454,
438040205910,22722.9,1008.799,896.105,1,2.8786,1,837.1587,800.9302,1,2.8026,1,922.9788,848.5176,2.8406,
438040209909,22726.9,1001.5738,895.8332,1,2.8925,1,843.1185,798.2221,1,2.8172,1,922.3461,847.0276,2.8548,
438040213909,22730.9,1003.6813,890.3536,1,2.8949,1,841.0978,792.2189,1,2.798,1,922.3895,841.2862,2.8464,
438040217910,22734.9,1000.2578,883.2093,1,2.8326,1,840.0137,774.4691,1,2.8223,1,920.1358,828.8392,2.8275,
438040221909,22738.9,1008.9086,910.7586,1,2.9076,1,838.8213,807.1231,1,2.8232,1,923.865,858.9408,2.8654,
438040225910,22742.9,969.2826,679.8615,1,2.7626,1,839.5218,745.3258,1,2.7683,1,904.4022,712.5936,2.7655,
438040229909,22746.9,,,0,,0,,,0,,0,,,,
438040233910,22750.9,,,0,,0,,,0,,0,,,,
438040237910,22754.9,,,0,,0,,,0,,0,,,,
438040241909,22758.9,,,0,,0,,,0,,0,,,,
438040245910,22762.9,,,0,,0,,,0,,0,,,,
438040249909,22766.9,,,0,,0,,,0,,0,,,,
438040253909,22770.9,,,0,,0,,,0,,0,,,,
438040257910,22774.9,,,0,,0,,,0,,0,,,,
438040261909,22778.9,,,0,,0,,,0,,0,,,,
438040265910,22782.9,,,0,,0,,,0,,0,,,,
438040269909,22786.9,,,0,,0,,,0,,0,,,,
438040273910,22790.9,,,0,,0,,,0,,0,,,,
438040277910,22794.9,,,0,,0,,,0,,0,,,,
438040281915,22798.9,,,0,,0,,,0,,0,,,,
438040285917,22802.9,,,0,,0,,,0,,0,,,,
438040289917,22806.9,,,0,,0,,,0,,0,,,,
438040293909,22810.9,,,0,,0,,,0,,0,,,,
438040297909,22814.9,,,0,,0,,,0,,0,,,,
438040301917,22818.9,,,0,,0,,,0,,0,,,,
438040305917,22822.9,,,0,,0,,,0,,0,,,,
438040309917,22826.9,,,0,,0,,,0,,0,,,,
438040313917,22830.9,,,0,,0,,,0,,0,,,,
438040317910,22834.9,,,0,,0,,,0,,0,,,,
438040321909,22838.9,,,0,,0,,,0,,0,,,,
438040325909,22842.9,,,0,,0,,,0,,0,,,,
438040329909,22846.9,,,0,,0,,,0,,0,,,,
438040333909,22850.9,,,0,,0,,,0,,0,,,,
438040337910,22854.9,,,0,,0,,,0,,0,,,,
438040341909,22858.9,,,0,,0,,,0,,0,,,,
438040345910,22862.9,,,0,,0,,,0,,0,,,,
438040349910,22866.9,,,0,,0,,,0,,0,,,,
438040353909,22870.9,,,0,,0,,,0,,0,,,,
438040357910,22874.9,,,0,,0,,,0,,0,,,,
438040361909,22878.9,,,0,,0,881.1524,37.4918,1,1.8913,1,881.1524,37.4918,1.8913,
438040365917,22882.9,,,0,,0,,,0,,0,,,,
438040369917,22886.9,,,0,,0,,,0,,0,,,,
438040373917,22890.9,,,0,,0,,,0,,0,,,,
438040377917,22894.9,,,0,,0,,,0,,0,,,,
438040381917,22898.9,,,0,,0,,,0,,0,,,,
438040385917,22902.9,,,0,,0,,,0,,0,,,,
438040389917,22906.9,,,0,,0,,,0,,0,,,,
438040393917,22910.9,,,0,,0,,,0,,0,,,,
438040397910,22914.9,,,0,,0,946.903,234.3128,1,2.5746,1,946.903,234.3128,2.5746,
438040401910,22918.9,1104.8162,413.6254,1,2.8267,1,957.1532,267.9313,1,2.6629,1,1030.9847,340.7783,2.7448,
438040405910,22922.9,1111.7479,439.7982,1,2.8238,1,967.3955,293.0518,1,2.6366,1,1039.5717,366.425,2.7302,
438040409910,22926.9,1098.8026,443.7107,1,2.9392,1,955.522,308.9441,1,2.7271,1,1027.1623,376.3274,2.8331,
438040413911,22930.9,1104.4192,453.3152,1,2.866,1,947.011,309.8277,1,2.794,1,1025.7151,381.5714,2.83,
438040417911,22934.9,1087.4965,469.9646,1,2.8867,1,953.8321,334.5325,1,2.8031,1,1020.6643,402.2486,2.8449,
438040421911,22938.9,1104.7124,467.3213,1,2.9465,1,960.98,347.4671,1,2.7803,1,1032.8462,407.3942,2.8634,
438040425910,22942.9,1109.5372,461.0328,1,2.9105,1,952.4726,338.6652,1,2.898,1,1031.0049,399.849,2.9042,
438040429910,22946.9,1120.6583,443.1648,1,2.8582,1,946.4951,335.7895,1,2.8535,1,1033.5767,389.4771,2.8558,
438040433910,22950.9,1121.7922,423.631,1,2.888,1,955.1365,329.527,1,2.8201,1,1038.4644,376.579,2.854,
438040437910,22954.9,1112.6791,424.7423,1,2.874,1,952.3862,296.8493,1,2.8491,1,1032.5326,360.7958,2.8615,
438040441910,22958.9,1089.7413,430.2868,1,2.8517,1,959.1815,306.0532,1,2.8163,1,1024.4614,368.17,2.834,
438040445910,22962.9,1108.3539,416.815,1,2.9559,1,930.2598,309.3078,1,2.8105,1,1019.3068,363.0614,2.8832,
438040449910,22966.9,1100.6662,447.6722,1,2.8332,1,963.0168,318.6457,1,2.7789,1,1031.8415,383.159,2.806,
438040453910,22970.9,1136.169,418.0191,1,2.9071,1,970.4363,333.534,1,2.7782,1,1053.3027,375.7766,2.8426,
438040457910,22974.9,1107.8089,419.9237,1,2.9034,1,943.0087,320.9282,1,2.8011,1,1025.4088,370.426,2.8522,
438040461910,22978.9,1091.01,412.3944,1,2.9553,1,963.5217,301.9957,1,2.8266,1,1027.2659,357.1951,2.8909,
438040465910,22982.9,1117.874,409.975,1,2.9457,1,948.9181,306.7111,1,2.8404,1,1033.3961,358.3431,2.8931,
438040469909,22986.9,1094.9408,436.654,1,2.8488,1,949.2275,310.4513,1,2.8407,1,1022.0842,373.5527,2.8448,
438040473910,22990.9,1085.8993,425.0834,1,2.9231,1,948.727,309.2131,1,2.8634,1,1017.3132,367.1482,2.8932,
438040477910,22994.9,1114.9033,442.9909,1,2.8612,1,954.4118,312.4786,1,2.8797,1,1034.6576,377.7348,2.8704,
438040481909,22998.9,1106.6502,424.3074,1,2.9713,1,940.8876,298.4953,1,2.8911,1,1023.7689,361.4014,2.9312,
438040485909,23002.9,1106.9397,445.8465,1,2.8968,1,954.4109,322.0606,1,2.8067,1,1030.6753,383.9536,2.8517,
438040489909,23006.9,1087.5445,434.8276,1,2.9454,1,961.4843,310.8078,1,2.8872,1,1024.5144,372.8177,2.9163,
438040493909,23010.9,1097.697,415.9543,1,2.9989,1,961.4198,311.2543,1,2.8701,1,1029.5584,363.6043,2.9345,
438040497909,23014.9,1091.771,429.6333,1,2.9686,1,955.4883,311.4763,1,2.8647,1,1023.6297,370.5548,2.9167,
438040501909,23018.9,1102.0451,413.7091,1,2.9625,1,958.4817,304.9989,1,2.9087,1,1030.2634,359.354,2.9356,
438040505909,23022.9,1103.9971,434.2187,1,2.9211,1,969.8267,295.9195,1,2.9111,1,1036.9119,365.0691,2.9161,
438040509909,23026.9,1097.8342,425.0605,1,2.9499,1,956.3046,327.7038,1,2.8584,1,1027.0694,376.3822,2.9042,
438040513909,23030.9,1105.453,437.0798,1,2.9446,1,964.8375,304.2159,1,2.8873,1,1035.1453,370.6478,2.9159,
438040517909,23034.9,1159.9323,434.2951,1,2.9717,1,1037.9242,271.374,1,2.9648,1,1098.9282,352.8345,2.9682,
438040521909,23038.9,1267.8442,372.6785,1,3.0743,1,1139.0132,239.6767,1,2.9647,1,1203.4287,306.1776,3.0195,
438040525909,23042.9,1418.4916,289.7025,1,3.0367,1,1209.5465,204.065,1,2.9961,1,1314.0191,246.8837,3.0164,
438040529909,23046.9,1458.432,246.1857,1,3.098,1,1273.8405,154.7204,1,3.0081,1,1366.1362,200.453,3.053,
438040533907,23050.9,1502.6889,252.3156,1,3.0723,1,1330.1666,148.7198,1,2.9666,1,1416.4277,200.5177,3.0194,
438040537907,23054.9,1555.0152,263.3449,1,3.0693,1,1376.005,122.1479,1,2.9554,1,1465.5101,192.7464,3.0123,
438040541907,23058.9,1575.8953,209.6302,1,3.0816,1,1425.9758,93.2218,1,2.9528,1,1500.9356,151.426,3.0172,
438040545907,23062.9,1649.5588,138.6601,1,3.05,1,1453.357,37.4228,1,2.9725,1,1551.4579,88.0415,3.0112,
438040549907,23066.9,1643.7366,105.7636,1,3.0625,1,1452.698,-3.1215,1,2.9711,1,1548.2173,51.3211,3.0168,
438040553907,23070.9,1635.616,93.8514,1,3.0583,1,1442.3859,-24.5959,1,2.9415,1,1539.0009,34.6277,2.9999,
438040557907,23074.9,1615.4139,121.3327,1,3.0995,1,1426.6491,-5.8379,1,2.9387,1,1521.0315,57.7474,3.0191,
438040561907,23078.9,1611.878,137.2604,1,3.0972,1,1447.8817,18.8826,1,2.9379,1,1529.8798,78.0715,3.0176,
438040565907,23082.9,1624.8364,155.3909,1,3.0959,1,1472.5659,26.5208,1,2.9491,1,1548.7011,90.9558,3.0225,
438040569907,23086.9,1660.4172,137.0681,1,3.1139,1,1496.2257,18.0574,1,2.9752,1,1578.3215,77.5628,3.0445,
438040573907,23090.9,1664.5567,109.5991,1,3.1179,1,1490.3291,-7.4234,1,2.9824,1,1577.4429,51.0879,3.0501,
438040577907,23094.9,1676.7889,114.0426,1,3.0872,1,1500.7087,-12.8067,1,2.99,1,1588.7488,50.618,3.0386,
438040581907,23098.9,1662.0872,97.3065,1,3.0901,1,1484.7155,-11.5562,1,2.9788,1,1573.4014,42.8751,3.0345,
438040585907,23102.9,1649.125,108.315,1,3.0739,1,1482.2123,-6.9596,1,2.9952,1,1565.6687,50.6777,3.0345,
438040589907,23106.9,1670.7878,121.6709,1,3.0758,1,1479.6491,-4.7115,1,3.0045,1,1575.2185,58.4797,3.0401,
438040593907,23110.9,1646.3807,115.5401,1,3.1098,1,1471.7862,-3.7883,1,2.9984,1,1559.0834,55.8759,3.0541,
438040597907,23114.9,1659.6275,118.5307,1,3.0782,1,1472.3026,-0.7473,1,3.007,1,1565.965,58.8917,3.0426,
438040601907,23118.9,1636.2364,121.4499,1,3.1456,1,1473.5248,-4.1073,1,3.0082,1,1554.8806,58.6713,3.0769,
438040605907,23122.9,1661.6784,123.2853,1,3.0661,1,1480.7924,-9.6584,1,3.0062,1,1571.2354,56.8135,3.0361,
438040609907,23126.9,1651.4161,118.8765,1,3.0953,1,1463.4813,-0.8223,1,2.9962,1,1557.4487,59.0271,3.0458,
438040613907,23130.9,1650.3113,113.2858,1,3.1142,1,1462.552,2.6186,1,2.9932,1,1556.4316,57.9522,3.0537,
438040617907,23134.9,1656.5937,118.3673,1,3.0973,1,1446.2796,2.4591,1,3.0076,1,1551.4367,60.4132,3.0524,
438040621907,23138.9,1655.4941,105.5358,1,3.1097,1,1448.4666,2.401,1,2.9964,1,1551.9803,53.9684,3.0531,
438040625907,23142.9,1652.7304,128.8824,1,3.1114,1,1466.6575,-2.7234,1,2.9832,1,1559.694,63.0795,3.0473,
438040629907,23146.9,1643.237,114.0157,1,3.104,1,1463.1817,5.6388,1,2.9948,1,1553.2094,59.8272,3.0494,
438040633907,23150.9,1644.5682,134.7113,1,3.0684,1,1455.9651,6.7882,1,3.0153,1,1550.2666,70.7498,3.0418,
438040637907,23154.9,1660.2324,123.699,1,3.0811,1,1475.5868,5.3847,1,2.9805,1,1567.9096,64.5418,3.0308,
438040641907,23158.9,1634.6452,140.6943,1,3.0996,1,1485.8122,-0.4917,1,3.0026,1,1560.2287,70.1013,3.0511,
438040645906,23162.9,1653.6389,135.808,1,3.0833,1,1465.8917,-1.457,1,2.9619,1,1559.7653,67.1755,3.0226,
438040649907,23166.9,1644.8986,144.2515,1,3.0711,1,1473.0983,-5.5319,1,2.9909,1,1558.9984,69.3598,3.031,
438040653907,23170.9,1649.6041,123.0537,1,3.0932,1,1473.6853,1.0436,1,2.9839,1,1561.6447,62.0487,3.0385,
438040657907,23174.9,1647.7571,126.098,1,3.0971,1,1469.9384,0.6943,1,2.9844,1,1558.8478,63.3962,3.0407,
438040661907,23178.9,1643.7631,120.5719,1,3.0524,1,1466.2102,2.9543,1,2.9957,1,1554.9866,61.7631,3.0241,
438040665907,23182.9,1646.8766,121.7303,1,3.1166,1,1471.9687,6.8901,1,2.9719,1,1559.4226,64.3102,3.0443,
438040669906,23186.9,1648.6692,114.8046,1,3.0649,1,1474.908,6.5997,1,2.9833,1,1561.7886,60.7021,3.0241,
438040673907,23190.9,1642.1572,119.9278,1,3.077,1,1467.2792,4.5713,1,2.9705,1,1554.7182,62.2496,3.0237,
438040677907,23194.9,1654.9628,119.6563,1,3.0718,1,1447.1886,-4.8639,1,2.9897,1,1551.0757,57.3962,3.0308,
438040681907,23198.9,1655.3828,114.8277,1,3.0915,1,1471.592,6.2211,1,2.9736,1,1563.4874,60.5244,3.0326,
438040685907,23202.9,1656.1493,128.1042,1,3.0724,1,1456.9536,8.0629,1,2.9402,1,1556.5514,68.0835,3.0063,
438040689907,23206.9,1637.8427,130.9484,1,3.0787,1,1459.5783,6.6141,1,2.9326,1,1548.7105,68.7812,3.0057,
438040693906,23210.9,1650.7516,123.988,1,3.0583,1,1464.4709,14.3354,1,2.9472,1,1557.6113,69.1617,3.0027,
438040697907,23214.9,1653.4517,128.5151,1,3.0398,1,1472.7428,1.3598,1,2.9423,1,1563.0972,64.9374,2.991,
438040701907,23218.9,1654.4199,132.9943,1,3.0575,1,1466.4746,10.0481,1,2.9395,1,1560.4473,71.5212,2.9985,
438040705907,23222.9,1653.0258,118.672,1,3.042,1,1475.1257,6.5442,1,2.9326,1,1564.0758,62.6081,2.9873,
438040709907,23226.9,1663.8967,120.0171,1,3.0168,1,1477.7641,12.72,1,2.9442,1,1570.8304,66.3685,2.9805,
438040713907,23230.9,1651.3812,128.4886,1,3.0574,1,1482.4958,12.0034,1,2.8979,1,1566.9385,70.246,2.9777,
438040717906,23234.9,1649.1835,124.0276,1,3.055,1,1485.5125,-2.7896,1,2.935,1,1567.348,60.619,2.995,
438040721907,23238.9,1650.8592,118.7312,1,3.0204,1,1479.9405,3.7639,1,2.9124,1,1565.3998,61.2475,2.9664,
438040725907,23242.9,1660.7657,110.7997,1,3.0524,1,1472.8388,11.9039,1,2.9166,1,1566.8023,61.3518,2.9845,
438040729907,23246.9,1655.5276,114.6296,1,3.0508,1,1481.8644,7.6076,1,2.9084,1,1568.696,61.1186,2.9796,
438040733907,23250.9,1665.2032,117.419,1,3.0264,1,1467.0041,1.2559,1,2.9101,1,1566.1036,59.3375,2.9682,
438040737907,23254.9,1654.8399,112.6558,1,3.0182,1,1472.5905,13.2291,1,2.8978,1,1563.7152,62.9424,2.958,
438040741906,23258.9,1657.6587,100.8589,1,3.0195,1,1468.7351,7.3581,1,2.9016,1,1563.1969,54.1085,2.9605,
438040745907,23262.9,1649.928,109.6482,1,3.0255,1,1468.508,4.3348,1,2.8713,1,1559.218,56.9915,2.9484,
438040749906,23266.9,1650.7056,98.5008,1,3.0205,1,1461.7876,11.6727,1,2.8965,1,1556.2466,55.0867,2.9585,
438040753906,23270.9,1659.2772,112.6599,1,2.9705,1,1463.7198,17.4427,1,2.8822,1,1561.4985,65.0513,2.9264,
438040757906,23274.9,1654.9813,108.9345,1,3.0013,1,1477.7043,4.7407,1,2.8752,1,1566.3428,56.8376,2.9383,
438040761906,23278.9,1651.5983,113.7635,1,3.0259,1,1478.8533,13.1398,1,2.8846,1,1565.2258,63.4517,2.9552,
438040765906,23282.9,1651.8582,110.3811,1,3.0097,1,1474.7086,9.497,1,2.8837,1,1563.2834,59.939,2.9467,
438040769905,23286.9,1653.1216,125.7494,1,3.04,1,1468.4953,2.9641,1,2.8666,1,1560.8085,64.3567,2.9533,
438040773906,23290.9,1677.637,116.2006,1,2.9976,1,1476.1837,10.3039,1,2.8678,1,1576.9104,63.2522,2.9327,
438040777906,23294.9,1658.3489,113.9635,1,3.0103,1,1472.9751,2.6589,1,2.8674,1,1565.662,58.3112,2.9389,
438040781906,23298.9,1665.9649,130.2783,1,2.9984,1,1477.5764,10.0849,1,2.8774,1,1571.7706,70.1816,2.9379,
438040785906,23302.9,1662.6593,133.4003,1,2.9902,1,1470.6531,5.8042,1,2.8699,1,1566.6562,69.6022,2.9301,
438040789906,23306.9,1660.9043,141.2901,1,3.0323,1,1468.4406,8.5155,1,2.8592,1,1564.6725,74.9028,2.9458,
438040793905,23310.9,1655.4327,139.143,1,2.9895,1,1462.2109,25.6579,1,2.8772,1,1558.8218,82.4004,2.9334,
438040797907,23314.9,1615.8461,179.006,1,3.0027,1,1459.8225,66.1936,1,2.8289,1,1537.8343,122.5998,2.9158,
438040801907,23318.9,1540.9362,266.6832,1,3.0257,1,1395.9166,159.3549,1,2.8647,1,1468.4264,213.0191,2.9452,
438040805907,23322.9,1458.9395,387.6906,1,3.0098,1,1334.3088,245.1957,1,2.8722,1,1396.6241,316.4432,2.941,
438040809907,23326.9,1399.832,501.5974,1,2.9317,1,1285.0029,322.2135,1,2.9132,1,1342.4175,411.9054,2.9224,
438040813907,23330.9,1351.259,576.2372,1,2.8905,1,1256.6801,415.3698,1,2.8664,1,1303.9695,495.8035,2.8784,
438040817906,23334.9,1308.6067,627.4168,1,2.9304,1,1213.6345,502.4042,1,2.7549,1,1261.1206,564.9105,2.8427,
438040821907,23338.9,1271.8176,682.708,1,2.9359,1,1156.1547,543.175,1,2.7856,1,1213.9862,612.9415,2.8607,
438040825907,23342.9,1192.8224,720.5622,1,2.9428,1,1087.7084,631.6228,1,2.7471,1,1140.2654,676.0925,2.8449,
438040829906,23346.9,1139.4933,795.888,1,2.9511,1,1055.2372,661.8771,1,2.8259,1,1097.3652,728.8826,2.8885,
438040833907,23350.9,1122.6757,820.1862,1,2.9343,1,1024.9895,735.8219,1,2.7946,1,1073.8326,778.0041,2.8645,
438040837906,23354.9,1095.0431,873.6825,1,2.974,1,988.6909,789.8256,1,2.8287,1,1041.867,831.754,2.9014,
438040841907,23358.9,1076.0185,917.0701,1,2.9563,1,953.9099,811.3884,1,2.8183,1,1014.9642,864.2292,2.8873,
438040845906,23362.9,1054.135,910.6144,1,2.965,1,926.5482,816.1821,1,2.85,1,990.3416,863.3982,2.9075,
438040849906,23366.9,1019.3334,943.2082,1,2.9642,1,914.8828,837.234,1,2.8873,1,967.1081,890.2211,2.9258,
438040853906,23370.9,1018.4014,964.3032,1,2.9407,1,890.4854,876.372,1,2.8363,1,954.4434,920.3376,2.8885,
438040857906,23374.9,1034.2688,982.1237,1,2.9772,1,902.0856,876.5757,1,2.89,1,968.1772,929.3497,2.9336,
438040861907,23378.9,1032.1091,977.2246,1,2.9928,1,891.723,897.8946,1,2.8611,1,961.9161,937.5596,2.927,
438040865906,23382.9,1031.3711,980.3808,1,2.9678,1,890.9436,882.5181,1,2.8489,1,961.1573,931.4494,2.9083,
438040881502,23398.5,,,0,,0,,,0,,0,,,,Trial_1_End
